,n_contacts,OddsDiff,OddsDiff_lb,OddsDiff_ub,sample_size
0,0,-0.1238494096927587,0.3449183973020189,0.41767956394099054,300
1,1,-0.13972071291516341,0.3449183973020189,0.41767956394099054,126
2,2,-0.18366878208849946,0.3449183973020189,0.41767956394099054,73
3,3,-0.26089779845036665,0.3449183973020189,0.41767956394099054,43
