,n_contacts,OddsDiff,OddsDiff_lb,OddsDiff_ub,sample_size
0,0,-0.01200117518591548,0.18793194733987983,0.2280696718444134,400
1,1,0.041947357686965336,0.18793194733987983,0.2280696718444134,171
2,2,0.05443081779989645,0.18793194733987983,0.2280696718444134,98
3,3,0.06163449504030938,0.18793194733987983,0.2280696718444134,59
