,n_contacts,OddsDiff,OddsDiff_lb,OddsDiff_ub,sample_size
0,0,0.08172712145684269,0.4165015577732904,0.6120737216130232,210
1,1,0.3315648251421972,0.4165015577732904,0.6120737216130232,76
2,2,0.9415726571298615,0.4165015577732904,0.6120737216130232,44
3,3,0.9047570383972774,0.4165015577732904,0.6120737216130232,26
