,n_contacts,OddsDiff,OddsDiff_lb,OddsDiff_ub,sample_size
0,0,-0.0,0.400447914857328,0.6284284882535821,174
1,1,-0.07010205464374297,0.400447914857328,0.6284284882535821,53
2,2,-0.040158622585620085,0.400447914857328,0.6284284882535821,30
3,3,-0.21801439505602382,0.400447914857328,0.6284284882535821,11
