,n_contacts,OddsDiff,OddsDiff_lb,OddsDiff_ub,sample_size
0,0,-0.0,0.2159690904652011,0.3059598746218647,229
1,1,0.029297728974657433,0.2159690904652011,0.3059598746218647,73
2,2,0.044463147511781154,0.2159690904652011,0.3059598746218647,39
3,3,0.4535054202112716,0.2159690904652011,0.3059598746218647,14
