,buff,spa,cov,OR,OR_lb,OR_ub,pvalues,n,xlabel,color
25,CG,50,50,1.0409148604740348,0.7580544971105083,1.430465620479898,0.8049082240738077,55,Essential,blue
25,CG,50,50,1.3056486929626985,1.0692954781746002,1.5952014034170006,0.0090014254134738,137,"Non-Essential
proteins",red
