,buff,spa,cov,OR,OR_lb,OR_ub,pvalues,n,xlabel,color
5,C,50,50,1.4565927857669416,1.2201819658998725,1.7384605843650698,3.25287542284336e-05,81,Essential,blue
5,C,50,50,1.4320399984115384,1.272521035308229,1.6112334440542406,2.416554067963261e-09,183,"Non-Essential
proteins",red
