,buff,spa,cov,OR,OR_lb,OR_ub,pvalues,n,xlabel,color
15,CD,50,50,1.104066299558882,0.7430440123619398,1.640498239057044,0.6241338988347811,44,Essential,blue
15,CD,50,50,1.3506689658837363,1.0470744109569372,1.7419409847740754,0.0206677221399833,97,"Non-Essential
proteins",red
