N_tag,N_pep,N_avg,N_ci_lower_delta,N_ci_upper_delta
N_E3P3,1.0,3.7014010741865786e-06,3.6748984409043034e-06,3.6748984409043034e-06
N_E3P3,2.5,5.1420532843362416e-05,1.3121281266288616e-05,1.3121281266288623e-05
N_E3P3,5.0,0.0009723622306739942,9.67712460078018e-05,9.67712460078018e-05
N_E3P3,7.5,0.0020974919614147906,0.00010120025444259802,0.00010120025444259802
N_E3P3,10.0,0.004103434083601286,0.00011868956724882684,0.00011868956724882684
N_E3P3,12.5,0.004111691318327974,0.00013322712194416568,0.00013322712194416568
N_E3P3,15.0,0.0031071352013474192,0.00020611505655878192,0.00020611505655878192
N_E3P3,17.5,0.0009778747511866477,0.0003469792869302532,0.0003469792869302532
N_E3P3,20.0,0.0004175394273465014,6.758611472067849e-05,6.758611472067849e-05
