R_tag,R_pep,R_avg,R_ci_lower_delta,R_ci_upper_delta
R_E2P2,1.0,3.5485188734152877e-06,2.407831545173011e-06,2.407831545173011e-06
R_E2P2,2.5,4.353748180558189e-05,1.116619770350602e-05,1.116619770350602e-05
R_E2P2,5.0,0.0005769448454623002,7.464257112950696e-05,7.464257112950692e-05
R_E2P2,7.5,0.001418790192926045,0.000285088835585307,0.000285088835585307
R_E2P2,10.0,0.0030737620578778126,0.0003791109482245519,0.0003791109482245519
R_E2P2,12.5,0.0032188102893890673,7.12513360037297e-05,7.12513360037297e-05
R_E2P2,15.0,0.002062266224817901,0.00022398276929882713,0.00022398276929882713
R_E2P2,17.5,0.0007147368593739745,5.030655913915644e-05,5.030655913915644e-05
R_E2P2,20.0,0.0004028192466697288,2.665963611310157e-05,2.665963611310157e-05
