,length,ENT-ID,Gn,#N-cross,Gc,#C-cross,loopsize,#Zip-NC,%BB-loop,#Loop-Cont.,#Cross-Cont.,EntCov,NprotDepth,NthreadDepth,NthreadSlip,CprotDepth,CthreadDepth,CthreadSlip,ACO,RCO,#-mapped,#-unmapped,#-missing
count,24.0,24.0,24.0,24.0,24.0,24.0,24.0,24.0,24.0,24.0,24.0,24.0,13.0,13.0,13.0,12.0,12.0,12.0,24.0,24.0,24.0,24.0,24.0
mean,181.33333333333334,1.9166666666666667,-0.02465166666666667,0.5416666666666666,-0.05271666666666667,0.5,56.5,10.291666666666666,0.2998706468909504,98.875,35.583333333333336,0.35966248959672037,0.2725696471910523,0.5540963028384479,52.38461538461539,0.4334094117938445,0.7848238232028416,76.33333333333333,67.19224738737056,0.36592673446283897,175.08333333333334,8.75,6.25
std,37.82415454001142,0.880546602310508,0.5828480640685064,0.5089773777040516,0.5502415971163044,0.5107539184552492,44.204072210600685,10.715608959005495,0.19132934285433628,44.62238909668164,5.523992465022303,0.10577024377384855,0.20074869801516904,0.2607269398953916,45.6573076690878,0.1469958388551963,0.1353703184617892,31.652468906529045,45.03631245227807,0.199717993794658,39.237201365725525,29.337985467723374,9.469631093315002
min,109.0,1.0,-0.93514,0.0,-0.92894,0.0,18.0,1.0,0.0861244019138756,44.0,23.0,0.2200956937799043,0.0434782608695652,0.0918367346938775,9.0,0.0909090909090909,0.5714285714285714,19.0,26.375,0.1363636363636363,109.0,0.0,0.0
25%,159.5,1.0,-0.5234675,0.0,-0.62088,0.0,29.75,3.0,0.1684782608695652,71.0,33.75,0.2765700483091787,0.1636363636363636,0.4814814814814814,26.0,0.37821637426900584,0.6945662768031189,55.5,36.82954545454545,0.20875616215649254,140.25,0.0,0.0
50%,190.0,2.0,0.0,1.0,-0.00429,0.5,36.5,5.0,0.20841933396999474,78.0,35.0,0.345906432748538,0.2222222222222222,0.5700934579439252,40.0,0.4564879564879565,0.7793560606060606,70.5,47.88461538461539,0.29826146076146076,186.0,0.0,2.5
75%,209.0,2.25,0.6099924999999999,1.0,0.20639,1.0,82.25,19.0,0.40338164251207725,127.75,37.0,0.4353070175438596,0.3210526315789473,0.6833333333333333,61.0,0.5007465963987703,0.904821250534112,101.5,87.775,0.49280286343612334,209.0,0.0,4.0
max,227.0,4.0,0.8648,1.0,0.83262,1.0,189.0,43.0,0.8325991189427313,214.0,55.0,0.5873015873015873,0.6519823788546255,0.9426751592356688,148.0,0.6411483253588517,0.943661971830986,134.0,191.75,0.8447136563876652,223.0,104.0,30.0
