
CondaError: Run 'conda init' before 'conda activate'

/storage/group/epo2/default/ims86/miniconda3/envs/FtoF/lib/python3.11/site-packages/MDAnalysis/topology/TPRParser.py:161: DeprecationWarning: 'xdrlib' is deprecated and slated for removal in Python 3.13
  import xdrlib
/storage/group/epo2/default/ims86/miniconda3/envs/FtoF/lib/python3.11/site-packages/MDAnalysis/coordinates/DCD.py:165: DeprecationWarning: DCDReader currently makes independent timesteps by copying self.ts while other readers update self.ts inplace. This behavior will be changed in 3.0 to be the same as other readers. Read more at https://github.com/MDAnalysis/mdanalysis/issues/3889 to learn if this change in behavior might affect you.
  warnings.warn("DCDReader currently makes independent timesteps"
logfile: /storage/group/epo2/default/ims86/git_slugs/Failure-to-Form_Native_Entanglements_slug/Simulations_of_Native_Entanglement_Misfolding/Trajectory_Analysis_setID3Full/P0A6B4_4WR3_A/logs/P0A6B4_4WR3_A_t30.log
ref_universe: <Universe with 359 atoms>
traj_universe: <Universe with 359 atoms>
START: 0 | END: None | STRIDE: 1
User topoly False
Calculating the fraction of native contacts (Q)
Step 1: Get the secondary structure information
Step 2: Get the native distance map for the native state cordinates
NumNativeContacts: 288
Step 3: Analyze each frame of the traj_universe and calc Q
Step 4: save Q output
SAVED: /storage/group/epo2/default/ims86/git_slugs/Failure-to-Form_Native_Entanglements_slug/Simulations_of_Native_Entanglement_Misfolding/Trajectory_Analysis_setID3Full/P0A6B4_4WR3_A/Q/P0A6B4_4WR3_A_t30.Q
Calculating the fraction of native contacts with a change in Gauss Linking Number (G)
Step 1: load the reference structure and topology and get reference state GaussLinking numbers
Nnative: 986
REF: (0, 238) {'gn': 0, 'gc': 0.01796, 'Gn': 0.0, 'Gc': 0.0, 'crossingsN': '', 'crossingsC': ''}
REF: (0, 239) {'gn': 0, 'gc': -0.06328, 'Gn': 0.0, 'Gc': -0.0, 'crossingsN': '', 'crossingsC': ''}
REF: (0, 240) {'gn': 0, 'gc': -0.16407, 'Gn': 0.0, 'Gc': -0.0, 'crossingsN': '', 'crossingsC': ''}
REF: (0, 318) {'gn': 0, 'gc': -0.04465, 'Gn': 0.0, 'Gc': -0.0, 'crossingsN': '', 'crossingsC': ''}
REF: (0, 319) {'gn': 0, 'gc': -0.06385, 'Gn': 0.0, 'Gc': -0.0, 'crossingsN': '', 'crossingsC': ''}
REF: (0, 320) {'gn': 0, 'gc': -0.03062, 'Gn': 0.0, 'Gc': -0.0, 'crossingsN': '', 'crossingsC': ''}
REF: (1, 238) {'gn': 0, 'gc': 0.02123, 'Gn': 0.0, 'Gc': 0.0, 'crossingsN': '', 'crossingsC': ''}
REF: (1, 239) {'gn': 0, 'gc': -0.0607, 'Gn': 0.0, 'Gc': -0.0, 'crossingsN': '', 'crossingsC': ''}
REF: (1, 318) {'gn': 0, 'gc': -0.05247, 'Gn': 0.0, 'Gc': -0.0, 'crossingsN': '', 'crossingsC': ''}
REF: (1, 320) {'gn': 0, 'gc': -0.04362, 'Gn': 0.0, 'Gc': -0.0, 'crossingsN': '', 'crossingsC': ''}
REF: (2, 237) {'gn': 0, 'gc': 0.15494, 'Gn': 0.0, 'Gc': 0.0, 'crossingsN': '', 'crossingsC': ''}
REF: (2, 238) {'gn': 0, 'gc': 0.0688, 'Gn': 0.0, 'Gc': 0.0, 'crossingsN': '', 'crossingsC': ''}
REF: (2, 239) {'gn': 0, 'gc': -0.0138, 'Gn': 0.0, 'Gc': -0.0, 'crossingsN': '', 'crossingsC': ''}
REF: (2, 270) {'gn': 0, 'gc': -0.06876, 'Gn': 0.0, 'Gc': -0.0, 'crossingsN': '', 'crossingsC': ''}
REF: (2, 271) {'gn': 0, 'gc': -0.13473, 'Gn': 0.0, 'Gc': -0.0, 'crossingsN': '', 'crossingsC': ''}
REF: (2, 352) {'gn': 0, 'gc': 0, 'Gn': 0.0, 'Gc': 0.0, 'crossingsN': '', 'crossingsC': ''}
REF: (2, 353) {'gn': 0, 'gc': 0, 'Gn': 0.0, 'Gc': 0.0, 'crossingsN': '', 'crossingsC': ''}
REF: (3, 236) {'gn': 0, 'gc': 0.1396, 'Gn': 0.0, 'Gc': 0.0, 'crossingsN': '', 'crossingsC': ''}
REF: (3, 237) {'gn': 0, 'gc': 0.12485, 'Gn': 0.0, 'Gc': 0.0, 'crossingsN': '', 'crossingsC': ''}
REF: (3, 238) {'gn': 0, 'gc': 0.04037, 'Gn': 0.0, 'Gc': 0.0, 'crossingsN': '', 'crossingsC': ''}
REF: (3, 239) {'gn': 0, 'gc': -0.04256, 'Gn': 0.0, 'Gc': -0.0, 'crossingsN': '', 'crossingsC': ''}
REF: (3, 270) {'gn': 0, 'gc': -0.06624, 'Gn': 0.0, 'Gc': -0.0, 'crossingsN': '', 'crossingsC': ''}
REF: (3, 271) {'gn': 0, 'gc': -0.13534, 'Gn': 0.0, 'Gc': -0.0, 'crossingsN': '', 'crossingsC': ''}
REF: (3, 275) {'gn': 0, 'gc': -0.09581, 'Gn': 0.0, 'Gc': -0.0, 'crossingsN': '', 'crossingsC': ''}
REF: (3, 351) {'gn': 0, 'gc': 0, 'Gn': 0.0, 'Gc': 0.0, 'crossingsN': '', 'crossingsC': ''}
REF: (3, 352) {'gn': 0, 'gc': 0, 'Gn': 0.0, 'Gc': 0.0, 'crossingsN': '', 'crossingsC': ''}
REF: (3, 353) {'gn': 0, 'gc': 0, 'Gn': 0.0, 'Gc': 0.0, 'crossingsN': '', 'crossingsC': ''}
REF: (4, 236) {'gn': 0, 'gc': 0.03892, 'Gn': 0.0, 'Gc': 0.0, 'crossingsN': '', 'crossingsC': ''}
REF: (4, 237) {'gn': 0, 'gc': 0.02556, 'Gn': 0.0, 'Gc': 0.0, 'crossingsN': '', 'crossingsC': ''}
REF: (4, 238) {'gn': 0, 'gc': -0.05855, 'Gn': 0.0, 'Gc': -0.0, 'crossingsN': '', 'crossingsC': ''}
REF: (4, 352) {'gn': 0, 'gc': 0, 'Gn': 0.0, 'Gc': 0.0, 'crossingsN': '', 'crossingsC': ''}
REF: (4, 353) {'gn': 0, 'gc': 0, 'Gn': 0.0, 'Gc': 0.0, 'crossingsN': '', 'crossingsC': ''}
REF: (4, 354) {'gn': 0, 'gc': 0, 'Gn': 0.0, 'Gc': 0.0, 'crossingsN': '', 'crossingsC': ''}
REF: (4, 355) {'gn': 0, 'gc': 0, 'Gn': 0.0, 'Gc': 0.0, 'crossingsN': '', 'crossingsC': ''}
REF: (5, 39) {'gn': 0, 'gc': 0.38188, 'Gn': 0.0, 'Gc': 0.0, 'crossingsN': '', 'crossingsC': ''}
REF: (5, 234) {'gn': 0, 'gc': 0.05785, 'Gn': 0.0, 'Gc': 0.0, 'crossingsN': '', 'crossingsC': ''}
REF: (5, 235) {'gn': 0, 'gc': 0.03877, 'Gn': 0.0, 'Gc': 0.0, 'crossingsN': '', 'crossingsC': ''}
REF: (5, 236) {'gn': 0, 'gc': -0.03873, 'Gn': 0.0, 'Gc': -0.0, 'crossingsN': '', 'crossingsC': ''}
REF: (5, 237) {'gn': 0, 'gc': -0.05258, 'Gn': 0.0, 'Gc': -0.0, 'crossingsN': '', 'crossingsC': ''}
REF: (5, 352) {'gn': 0, 'gc': 0, 'Gn': 0.0, 'Gc': 0.0, 'crossingsN': '', 'crossingsC': ''}
REF: (5, 353) {'gn': 0, 'gc': 0, 'Gn': 0.0, 'Gc': 0.0, 'crossingsN': '', 'crossingsC': ''}
REF: (5, 354) {'gn': 0, 'gc': 0, 'Gn': 0.0, 'Gc': 0.0, 'crossingsN': '', 'crossingsC': ''}
REF: (5, 355) {'gn': 0, 'gc': 0, 'Gn': 0.0, 'Gc': 0.0, 'crossingsN': '', 'crossingsC': ''}
REF: (6, 233) {'gn': 0, 'gc': 0.05369, 'Gn': 0.0, 'Gc': 0.0, 'crossingsN': '', 'crossingsC': ''}
REF: (6, 234) {'gn': 0, 'gc': 0.00895, 'Gn': 0.0, 'Gc': 0.0, 'crossingsN': '', 'crossingsC': ''}
REF: (6, 235) {'gn': 0, 'gc': -0.01241, 'Gn': 0.0, 'Gc': -0.0, 'crossingsN': '', 'crossingsC': ''}
REF: (6, 236) {'gn': 0, 'gc': -0.08863, 'Gn': 0.0, 'Gc': -0.0, 'crossingsN': '', 'crossingsC': ''}
REF: (6, 237) {'gn': 0, 'gc': -0.10108, 'Gn': 0.0, 'Gc': -0.0, 'crossingsN': '', 'crossingsC': ''}
REF: (6, 354) {'gn': 0, 'gc': 0, 'Gn': 0.0, 'Gc': 0.0, 'crossingsN': '', 'crossingsC': ''}
REF: (6, 355) {'gn': 0, 'gc': 0, 'Gn': 0.0, 'Gc': 0.0, 'crossingsN': '', 'crossingsC': ''}
REF: (6, 356) {'gn': 0, 'gc': 0, 'Gn': 0.0, 'Gc': 0.0, 'crossingsN': '', 'crossingsC': ''}
REF: (6, 357) {'gn': 0, 'gc': 0, 'Gn': 0.0, 'Gc': 0.0, 'crossingsN': '', 'crossingsC': ''}
REF: (7, 39) {'gn': 0, 'gc': 0.41312, 'Gn': 0.0, 'Gc': 0.0, 'crossingsN': '', 'crossingsC': ''}
REF: (7, 233) {'gn': 0, 'gc': 0.0227, 'Gn': 0.0, 'Gc': 0.0, 'crossingsN': '', 'crossingsC': ''}
REF: (7, 234) {'gn': 0, 'gc': -0.02201, 'Gn': 0.0, 'Gc': -0.0, 'crossingsN': '', 'crossingsC': ''}
REF: (7, 235) {'gn': 0, 'gc': -0.04302, 'Gn': 0.0, 'Gc': -0.0, 'crossingsN': '', 'crossingsC': ''}
REF: (7, 354) {'gn': 0, 'gc': 0, 'Gn': 0.0, 'Gc': 0.0, 'crossingsN': '', 'crossingsC': ''}
REF: (7, 355) {'gn': 0, 'gc': 0, 'Gn': 0.0, 'Gc': 0.0, 'crossingsN': '', 'crossingsC': ''}
REF: (7, 356) {'gn': 0, 'gc': 0, 'Gn': 0.0, 'Gc': 0.0, 'crossingsN': '', 'crossingsC': ''}
REF: (7, 357) {'gn': 0, 'gc': 0, 'Gn': 0.0, 'Gc': 0.0, 'crossingsN': '', 'crossingsC': ''}
REF: (8, 12) {'gn': 0, 'gc': 0.09878, 'Gn': 0.0, 'Gc': 0.0, 'crossingsN': '', 'crossingsC': ''}
REF: (8, 232) {'gn': 0, 'gc': -0.00093, 'Gn': 0.0, 'Gc': -0.0, 'crossingsN': '', 'crossingsC': ''}
REF: (8, 233) {'gn': 0, 'gc': -0.00066, 'Gn': 0.0, 'Gc': -0.0, 'crossingsN': '', 'crossingsC': ''}
REF: (8, 234) {'gn': 0, 'gc': -0.04464, 'Gn': 0.0, 'Gc': -0.0, 'crossingsN': '', 'crossingsC': ''}
REF: (8, 356) {'gn': 0, 'gc': 0, 'Gn': 0.0, 'Gc': 0.0, 'crossingsN': '', 'crossingsC': ''}
REF: (8, 357) {'gn': 0, 'gc': 0, 'Gn': 0.0, 'Gc': 0.0, 'crossingsN': '', 'crossingsC': ''}
REF: (8, 358) {'gn': 0, 'gc': 0, 'Gn': 0.0, 'Gc': 0.0, 'crossingsN': '', 'crossingsC': ''}
REF: (9, 13) {'gn': 0, 'gc': -0.00084, 'Gn': 0.0, 'Gc': -0.0, 'crossingsN': '', 'crossingsC': ''}
REF: (9, 44) {'gn': 0, 'gc': 0.42469, 'Gn': 0.0, 'Gc': 0.0, 'crossingsN': '', 'crossingsC': ''}
REF: (9, 47) {'gn': 0, 'gc': 0.27271, 'Gn': 0.0, 'Gc': 0.0, 'crossingsN': '', 'crossingsC': ''}
REF: (9, 233) {'gn': 0, 'gc': -0.01498, 'Gn': 0.0, 'Gc': -0.0, 'crossingsN': '', 'crossingsC': ''}
REF: (9, 356) {'gn': 0, 'gc': 0, 'Gn': 0.0, 'Gc': 0.0, 'crossingsN': '', 'crossingsC': ''}
REF: (9, 357) {'gn': 0, 'gc': 0, 'Gn': 0.0, 'Gc': 0.0, 'crossingsN': '', 'crossingsC': ''}
REF: (9, 358) {'gn': 0, 'gc': 0, 'Gn': 0.0, 'Gc': 0.0, 'crossingsN': '', 'crossingsC': ''}
REF: (10, 14) {'gn': 0, 'gc': -0.02456, 'Gn': 0.0, 'Gc': -0.0, 'crossingsN': '', 'crossingsC': ''}
REF: (10, 357) {'gn': 0, 'gc': 0, 'Gn': 0.0, 'Gc': 0.0, 'crossingsN': '', 'crossingsC': ''}
REF: (10, 358) {'gn': 0, 'gc': 0, 'Gn': 0.0, 'Gc': 0.0, 'crossingsN': '', 'crossingsC': ''}
REF: (11, 15) {'gn': 0.00172, 'gc': 0.00165, 'Gn': 0.0, 'Gc': 0.0, 'crossingsN': '', 'crossingsC': ''}
REF: (11, 214) {'gn': 0.00172, 'gc': 0.1473, 'Gn': 0.0, 'Gc': 0.0, 'crossingsN': '', 'crossingsC': ''}
REF: (11, 215) {'gn': -0.00375, 'gc': 0.24659, 'Gn': -0.0, 'Gc': 0.0, 'crossingsN': '', 'crossingsC': ''}
REF: (11, 230) {'gn': -0.00451, 'gc': 0.01814, 'Gn': -0.0, 'Gc': 0.0, 'crossingsN': '', 'crossingsC': ''}
REF: (11, 231) {'gn': -0.00588, 'gc': 0.00966, 'Gn': -0.0, 'Gc': 0.0, 'crossingsN': '', 'crossingsC': ''}
REF: (11, 232) {'gn': -0.0072, 'gc': -0.02175, 'Gn': -0.0, 'Gc': -0.0, 'crossingsN': '', 'crossingsC': ''}
REF: (11, 233) {'gn': -0.00024, 'gc': -0.02297, 'Gn': -0.0, 'Gc': -0.0, 'crossingsN': '', 'crossingsC': ''}
REF: (12, 16) {'gn': 0.00314, 'gc': -0.06546, 'Gn': 0.0, 'Gc': -0.0, 'crossingsN': '', 'crossingsC': ''}
REF: (12, 44) {'gn': 0.04008, 'gc': 0.42739, 'Gn': 0.0, 'Gc': 0.0, 'crossingsN': '', 'crossingsC': ''}
REF: (12, 47) {'gn': 0.04706, 'gc': 0.26674, 'Gn': 0.0, 'Gc': 0.0, 'crossingsN': '', 'crossingsC': ''}
REF: (12, 48) {'gn': 0.04443, 'gc': 0.26965, 'Gn': 0.0, 'Gc': 0.0, 'crossingsN': '', 'crossingsC': ''}
REF: (12, 213) {'gn': 0.02927, 'gc': 0.05495, 'Gn': 0.0, 'Gc': 0.0, 'crossingsN': '', 'crossingsC': ''}
REF: (12, 214) {'gn': 0.02741, 'gc': 0.08677, 'Gn': 0.0, 'Gc': 0.0, 'crossingsN': '', 'crossingsC': ''}
REF: (12, 215) {'gn': 0.01724, 'gc': 0.18484, 'Gn': 0.0, 'Gc': 0.0, 'crossingsN': '', 'crossingsC': ''}
REF: (12, 231) {'gn': 0.00983, 'gc': 0.00544, 'Gn': 0.0, 'Gc': 0.0, 'crossingsN': '', 'crossingsC': ''}
REF: (12, 233) {'gn': 0.02209, 'gc': -0.02583, 'Gn': 0.0, 'Gc': -0.0, 'crossingsN': '', 'crossingsC': ''}
REF: (13, 17) {'gn': -0.00074, 'gc': -0.0941, 'Gn': -0.0, 'Gc': -0.0, 'crossingsN': '', 'crossingsC': ''}
REF: (13, 47) {'gn': 0.05148, 'gc': 0.30502, 'Gn': 0.0, 'Gc': 0.0, 'crossingsN': '', 'crossingsC': ''}
REF: (13, 48) {'gn': 0.0426, 'gc': 0.30971, 'Gn': 0.0, 'Gc': 0.0, 'crossingsN': '', 'crossingsC': ''}
REF: (14, 18) {'gn': 0.0103, 'gc': -0.083, 'Gn': 0.0, 'Gc': -0.0, 'crossingsN': '', 'crossingsC': ''}
REF: (14, 230) {'gn': 0.00142, 'gc': 0.00042, 'Gn': 0.0, 'Gc': 0.0, 'crossingsN': '', 'crossingsC': ''}
REF: (14, 231) {'gn': -0.00813, 'gc': -0.00788, 'Gn': -0.0, 'Gc': -0.0, 'crossingsN': '', 'crossingsC': ''}
REF: (15, 19) {'gn': 0.01399, 'gc': -0.13778, 'Gn': 0.0, 'Gc': -0.0, 'crossingsN': '', 'crossingsC': ''}
REF: (15, 212) {'gn': -0.00983, 'gc': 0.0624, 'Gn': -0.0, 'Gc': 0.0, 'crossingsN': '', 'crossingsC': ''}
REF: (15, 213) {'gn': 0.00441, 'gc': 0.03988, 'Gn': 0.0, 'Gc': 0.0, 'crossingsN': '', 'crossingsC': ''}
REF: (15, 214) {'gn': -0.00816, 'gc': 0.07033, 'Gn': -0.0, 'Gc': 0.0, 'crossingsN': '', 'crossingsC': ''}
REF: (15, 215) {'gn': -0.04018, 'gc': 0.16612, 'Gn': -0.0, 'Gc': 0.0, 'crossingsN': '', 'crossingsC': ''}
REF: (15, 230) {'gn': -0.04516, 'gc': 0.00052, 'Gn': -0.0, 'Gc': 0.0, 'crossingsN': '', 'crossingsC': ''}
REF: (15, 231) {'gn': -0.06206, 'gc': -0.00816, 'Gn': -0.0, 'Gc': -0.0, 'crossingsN': '', 'crossingsC': ''}
REF: (16, 20) {'gn': 0.00988, 'gc': -0.16479, 'Gn': 0.0, 'Gc': -0.0, 'crossingsN': '', 'crossingsC': ''}
REF: (16, 48) {'gn': 0.06124, 'gc': 0.33513, 'Gn': 0.0, 'Gc': 0.0, 'crossingsN': '', 'crossingsC': ''}
REF: (16, 51) {'gn': 0.05858, 'gc': 0.16503, 'Gn': 0.0, 'Gc': 0.0, 'crossingsN': '', 'crossingsC': ''}
REF: (16, 213) {'gn': -0.00961, 'gc': 0.03521, 'Gn': -0.0, 'Gc': 0.0, 'crossingsN': '', 'crossingsC': ''}
REF: (17, 21) {'gn': 0.01123, 'gc': -0.12795, 'Gn': 0.0, 'Gc': -0.0, 'crossingsN': '', 'crossingsC': ''}
REF: (18, 22) {'gn': 0.01716, 'gc': -0.12351, 'Gn': 0.0, 'Gc': -0.0, 'crossingsN': '', 'crossingsC': ''}
REF: (18, 229) {'gn': -0.05442, 'gc': 0.00645, 'Gn': -0.0, 'Gc': 0.0, 'crossingsN': '', 'crossingsC': ''}
REF: (18, 230) {'gn': -0.04321, 'gc': -0.01098, 'Gn': -0.0, 'Gc': -0.0, 'crossingsN': '', 'crossingsC': ''}
REF: (19, 23) {'gn': 0.01605, 'gc': -0.14512, 'Gn': 0.0, 'Gc': -0.0, 'crossingsN': '', 'crossingsC': ''}
REF: (19, 24) {'gn': 0.02105, 'gc': -0.09153, 'Gn': 0.0, 'Gc': -0.0, 'crossingsN': '', 'crossingsC': ''}
REF: (19, 196) {'gn': -0.01031, 'gc': 0.99981, 'Gn': -0.0, 'Gc': 1.0, 'crossingsN': '', 'crossingsC': ''}
REF: (19, 209) {'gn': -0.01438, 'gc': -0.01465, 'Gn': -0.0, 'Gc': -0.0, 'crossingsN': '', 'crossingsC': ''}
REF: (19, 213) {'gn': -0.03769, 'gc': 0.03192, 'Gn': -0.0, 'Gc': 0.0, 'crossingsN': '', 'crossingsC': ''}
REF: (20, 24) {'gn': 0.01406, 'gc': -0.07743, 'Gn': 0.0, 'Gc': -0.0, 'crossingsN': '', 'crossingsC': ''}
REF: (20, 26) {'gn': 0.01242, 'gc': -0.11219, 'Gn': 0.0, 'Gc': -0.0, 'crossingsN': '', 'crossingsC': ''}
REF: (20, 28) {'gn': 0.00693, 'gc': 0.18128, 'Gn': 0.0, 'Gc': 0.0, 'crossingsN': '', 'crossingsC': ''}
REF: (22, 196) {'gn': -0.03089, 'gc': 1.02682, 'Gn': -0.0, 'Gc': 1.0, 'crossingsN': '', 'crossingsC': ''}
REF: (22, 197) {'gn': -0.04786, 'gc': 0.89782, 'Gn': -0.0, 'Gc': 1.0, 'crossingsN': '', 'crossingsC': ''}
REF: (23, 196) {'gn': -0.08438, 'gc': 1.02229, 'Gn': -0.0, 'Gc': 1.0, 'crossingsN': '', 'crossingsC': ''}
REF: (23, 200) {'gn': -0.08772, 'gc': 0.70143, 'Gn': -0.0, 'Gc': 1.0, 'crossingsN': '', 'crossingsC': ''}
REF: (23, 203) {'gn': -0.07597, 'gc': 0.11748, 'Gn': -0.0, 'Gc': 0.0, 'crossingsN': '', 'crossingsC': ''}
REF: (23, 207) {'gn': -0.07839, 'gc': -0.03974, 'Gn': -0.0, 'Gc': -0.0, 'crossingsN': '', 'crossingsC': ''}
REF: (25, 204) {'gn': -0.11626, 'gc': -0.00977, 'Gn': -0.0, 'Gc': -0.0, 'crossingsN': '', 'crossingsC': ''}
REF: (25, 205) {'gn': -0.10564, 'gc': -0.0175, 'Gn': -0.0, 'Gc': -0.0, 'crossingsN': '', 'crossingsC': ''}
REF: (26, 203) {'gn': -0.14051, 'gc': 0.11141, 'Gn': -0.0, 'Gc': 0.0, 'crossingsN': '', 'crossingsC': ''}
REF: (26, 204) {'gn': -0.12501, 'gc': -0.01524, 'Gn': -0.0, 'Gc': -0.0, 'crossingsN': '', 'crossingsC': ''}
REF: (26, 205) {'gn': -0.11069, 'gc': -0.02322, 'Gn': -0.0, 'Gc': -0.0, 'crossingsN': '', 'crossingsC': ''}
REF: (26, 206) {'gn': -0.1149, 'gc': 0.0198, 'Gn': -0.0, 'Gc': 0.0, 'crossingsN': '', 'crossingsC': ''}
REF: (26, 207) {'gn': -0.13648, 'gc': -0.03685, 'Gn': -0.0, 'Gc': -0.0, 'crossingsN': '', 'crossingsC': ''}
REF: (27, 51) {'gn': 0.01705, 'gc': 0.21647, 'Gn': 0.0, 'Gc': 0.0, 'crossingsN': '', 'crossingsC': ''}
REF: (27, 52) {'gn': 0.01728, 'gc': 0.20976, 'Gn': 0.0, 'Gc': 0.0, 'crossingsN': '', 'crossingsC': ''}
REF: (27, 205) {'gn': -0.16772, 'gc': -0.02635, 'Gn': -0.0, 'Gc': -0.0, 'crossingsN': '', 'crossingsC': ''}
REF: (27, 206) {'gn': -0.17818, 'gc': 0.01989, 'Gn': -0.0, 'Gc': 0.0, 'crossingsN': '', 'crossingsC': ''}
REF: (27, 207) {'gn': -0.20512, 'gc': -0.03449, 'Gn': -0.0, 'Gc': -0.0, 'crossingsN': '', 'crossingsC': ''}
REF: (28, 51) {'gn': 0.04026, 'gc': 0.12883, 'Gn': 0.0, 'Gc': 0.0, 'crossingsN': '', 'crossingsC': ''}
REF: (28, 52) {'gn': 0.04086, 'gc': 0.12055, 'Gn': 0.0, 'Gc': 0.0, 'crossingsN': '', 'crossingsC': ''}
REF: (28, 53) {'gn': 0.02095, 'gc': 0.25713, 'Gn': 0.0, 'Gc': 0.0, 'crossingsN': '', 'crossingsC': ''}
REF: (28, 206) {'gn': -0.2067, 'gc': 0.01618, 'Gn': -0.0, 'Gc': 0.0, 'crossingsN': '', 'crossingsC': ''}
REF: (28, 207) {'gn': -0.23557, 'gc': -0.036, 'Gn': -0.0, 'Gc': -0.0, 'crossingsN': '', 'crossingsC': ''}
REF: (28, 208) {'gn': -0.24143, 'gc': -0.06306, 'Gn': -0.0, 'Gc': -0.0, 'crossingsN': '', 'crossingsC': ''}
REF: (28, 209) {'gn': -0.27024, 'gc': 0.00403, 'Gn': -0.0, 'Gc': 0.0, 'crossingsN': '', 'crossingsC': ''}
REF: (29, 51) {'gn': 0.05625, 'gc': -0.05547, 'Gn': 0.0, 'Gc': -0.0, 'crossingsN': '', 'crossingsC': ''}
REF: (29, 52) {'gn': 0.0501, 'gc': -0.06371, 'Gn': 0.0, 'Gc': -0.0, 'crossingsN': '', 'crossingsC': ''}
REF: (29, 53) {'gn': 0.02969, 'gc': 0.07292, 'Gn': 0.0, 'Gc': 0.0, 'crossingsN': '', 'crossingsC': ''}
REF: (29, 54) {'gn': 0.01313, 'gc': 0.23993, 'Gn': 0.0, 'Gc': 0.0, 'crossingsN': '', 'crossingsC': ''}
REF: (29, 55) {'gn': -0.01364, 'gc': 0.41065, 'Gn': -0.0, 'Gc': 0.0, 'crossingsN': '', 'crossingsC': ''}
REF: (29, 75) {'gn': -0.01174, 'gc': 0.3319, 'Gn': -0.0, 'Gc': 0.0, 'crossingsN': '', 'crossingsC': ''}
REF: (29, 206) {'gn': -0.15005, 'gc': 0.0061, 'Gn': -0.0, 'Gc': 0.0, 'crossingsN': '', 'crossingsC': ''}
REF: (29, 207) {'gn': -0.17277, 'gc': -0.03832, 'Gn': -0.0, 'Gc': -0.0, 'crossingsN': '', 'crossingsC': ''}
REF: (29, 208) {'gn': -0.17324, 'gc': -0.06357, 'Gn': -0.0, 'Gc': -0.0, 'crossingsN': '', 'crossingsC': ''}
REF: (29, 209) {'gn': -0.19609, 'gc': 0.00098, 'Gn': -0.0, 'Gc': 0.0, 'crossingsN': '', 'crossingsC': ''}
REF: (30, 51) {'gn': 0.06364, 'gc': -0.08523, 'Gn': 0.0, 'Gc': -0.0, 'crossingsN': '', 'crossingsC': ''}
REF: (30, 52) {'gn': 0.05815, 'gc': -0.09822, 'Gn': 0.0, 'Gc': -0.0, 'crossingsN': '', 'crossingsC': ''}
REF: (30, 53) {'gn': 0.03383, 'gc': 0.03374, 'Gn': 0.0, 'Gc': 0.0, 'crossingsN': '', 'crossingsC': ''}
REF: (30, 54) {'gn': 0.01481, 'gc': 0.19989, 'Gn': 0.0, 'Gc': 0.0, 'crossingsN': '', 'crossingsC': ''}
REF: (30, 55) {'gn': -0.01513, 'gc': 0.37034, 'Gn': -0.0, 'Gc': 0.0, 'crossingsN': '', 'crossingsC': ''}
REF: (30, 208) {'gn': -0.19659, 'gc': -0.0579, 'Gn': -0.0, 'Gc': -0.0, 'crossingsN': '', 'crossingsC': ''}
REF: (30, 209) {'gn': -0.22, 'gc': 0.00771, 'Gn': -0.0, 'Gc': 0.0, 'crossingsN': '', 'crossingsC': ''}
REF: (30, 210) {'gn': -0.22571, 'gc': 0.00984, 'Gn': -0.0, 'Gc': 0.0, 'crossingsN': '', 'crossingsC': ''}
REF: (30, 213) {'gn': -0.24301, 'gc': 0.01138, 'Gn': -0.0, 'Gc': 0.0, 'crossingsN': '', 'crossingsC': ''}
REF: (31, 36) {'gn': 0.00352, 'gc': 0.06548, 'Gn': 0.0, 'Gc': 0.0, 'crossingsN': '', 'crossingsC': ''}
REF: (31, 54) {'gn': 0.05381, 'gc': 0.02216, 'Gn': 0.0, 'Gc': 0.0, 'crossingsN': '', 'crossingsC': ''}
REF: (31, 55) {'gn': 0.02341, 'gc': 0.19053, 'Gn': 0.0, 'Gc': 0.0, 'crossingsN': '', 'crossingsC': ''}
REF: (31, 56) {'gn': 0.01952, 'gc': 0.34517, 'Gn': 0.0, 'Gc': 0.0, 'crossingsN': '', 'crossingsC': ''}
REF: (31, 208) {'gn': -0.18713, 'gc': -0.06305, 'Gn': -0.0, 'Gc': -0.0, 'crossingsN': '', 'crossingsC': ''}
REF: (31, 209) {'gn': -0.20884, 'gc': -0.00287, 'Gn': -0.0, 'Gc': -0.0, 'crossingsN': '', 'crossingsC': ''}
REF: (31, 210) {'gn': -0.21435, 'gc': -0.00322, 'Gn': -0.0, 'Gc': -0.0, 'crossingsN': '', 'crossingsC': ''}
REF: (32, 36) {'gn': -0.01235, 'gc': -0.0523, 'Gn': -0.0, 'Gc': -0.0, 'crossingsN': '', 'crossingsC': ''}
REF: (32, 37) {'gn': -0.05745, 'gc': -0.05986, 'Gn': -0.0, 'Gc': -0.0, 'crossingsN': '', 'crossingsC': ''}
REF: (32, 41) {'gn': 0.04137, 'gc': -0.00971, 'Gn': 0.0, 'Gc': -0.0, 'crossingsN': '', 'crossingsC': ''}
REF: (32, 44) {'gn': 0.05402, 'gc': -0.14668, 'Gn': 0.0, 'Gc': -0.0, 'crossingsN': '', 'crossingsC': ''}
REF: (32, 45) {'gn': 0.07719, 'gc': -0.08094, 'Gn': 0.0, 'Gc': -0.0, 'crossingsN': '', 'crossingsC': ''}
REF: (32, 54) {'gn': 0.04249, 'gc': 0.0027, 'Gn': 0.0, 'Gc': 0.0, 'crossingsN': '', 'crossingsC': ''}
REF: (32, 55) {'gn': 0.01043, 'gc': 0.16996, 'Gn': 0.0, 'Gc': 0.0, 'crossingsN': '', 'crossingsC': ''}
REF: (32, 56) {'gn': 0.00641, 'gc': 0.31762, 'Gn': 0.0, 'Gc': 0.0, 'crossingsN': '', 'crossingsC': ''}
REF: (32, 210) {'gn': -0.09105, 'gc': 0.0076, 'Gn': -0.0, 'Gc': 0.0, 'crossingsN': '', 'crossingsC': ''}
REF: (33, 37) {'gn': -0.0438, 'gc': -0.16478, 'Gn': -0.0, 'Gc': -0.0, 'crossingsN': '', 'crossingsC': ''}
REF: (33, 41) {'gn': 0.05574, 'gc': -0.11304, 'Gn': 0.0, 'Gc': -0.0, 'crossingsN': '', 'crossingsC': ''}
REF: (33, 55) {'gn': 0.07662, 'gc': 0.04822, 'Gn': 0.0, 'Gc': 0.0, 'crossingsN': '', 'crossingsC': ''}
REF: (33, 56) {'gn': 0.07273, 'gc': 0.20583, 'Gn': 0.0, 'Gc': 0.0, 'crossingsN': '', 'crossingsC': ''}
REF: (33, 57) {'gn': 0.05937, 'gc': 0.27261, 'Gn': 0.0, 'Gc': 0.0, 'crossingsN': '', 'crossingsC': ''}
REF: (33, 58) {'gn': 0.07, 'gc': 0.38498, 'Gn': 0.0, 'Gc': 0.0, 'crossingsN': '', 'crossingsC': ''}
REF: (33, 61) {'gn': 0.0854, 'gc': 0.22308, 'Gn': 0.0, 'Gc': 0.0, 'crossingsN': '', 'crossingsC': ''}
REF: (34, 38) {'gn': -0.02486, 'gc': -0.21119, 'Gn': -0.0, 'Gc': -0.0, 'crossingsN': '', 'crossingsC': ''}
REF: (34, 41) {'gn': 0.06965, 'gc': -0.08763, 'Gn': 0.0, 'Gc': -0.0, 'crossingsN': '', 'crossingsC': ''}
REF: (34, 56) {'gn': 0.12578, 'gc': 0.20555, 'Gn': 0.0, 'Gc': 0.0, 'crossingsN': '', 'crossingsC': ''}
REF: (34, 57) {'gn': 0.11187, 'gc': 0.2712, 'Gn': 0.0, 'Gc': 0.0, 'crossingsN': '', 'crossingsC': ''}
REF: (34, 346) {'gn': 0.18462, 'gc': -0.03221, 'Gn': 0.0, 'Gc': -0.0, 'crossingsN': '', 'crossingsC': ''}
REF: (35, 39) {'gn': -0.01549, 'gc': -0.18891, 'Gn': -0.0, 'Gc': -0.0, 'crossingsN': '', 'crossingsC': ''}
REF: (35, 40) {'gn': 0.04121, 'gc': -0.13219, 'Gn': 0.0, 'Gc': -0.0, 'crossingsN': '', 'crossingsC': ''}
REF: (35, 41) {'gn': 0.04851, 'gc': -0.02435, 'Gn': 0.0, 'Gc': -0.0, 'crossingsN': '', 'crossingsC': ''}
REF: (35, 42) {'gn': 0.0856, 'gc': -0.03566, 'Gn': 0.0, 'Gc': -0.0, 'crossingsN': '', 'crossingsC': ''}
REF: (35, 346) {'gn': 0.31303, 'gc': -0.0325, 'Gn': 0.0, 'Gc': -0.0, 'crossingsN': '', 'crossingsC': ''}
REF: (36, 40) {'gn': 0.05484, 'gc': -0.07986, 'Gn': 0.0, 'Gc': -0.0, 'crossingsN': '', 'crossingsC': ''}
REF: (36, 41) {'gn': 0.0695, 'gc': 0.03205, 'Gn': 0.0, 'Gc': 0.0, 'crossingsN': '', 'crossingsC': ''}
REF: (36, 44) {'gn': 0.06341, 'gc': -0.10702, 'Gn': 0.0, 'Gc': -0.0, 'crossingsN': '', 'crossingsC': ''}
REF: (36, 346) {'gn': 0.50983, 'gc': -0.02732, 'Gn': 0.0, 'Gc': -0.0, 'crossingsN': '', 'crossingsC': ''}
REF: (37, 210) {'gn': 0.76283, 'gc': 0.01968, 'Gn': 1.0, 'Gc': 0.0, 'crossingsN': '', 'crossingsC': ''}
REF: (37, 211) {'gn': 0.73589, 'gc': 0.05011, 'Gn': 1.0, 'Gc': 0.0, 'crossingsN': '', 'crossingsC': ''}
REF: (37, 342) {'gn': 0.65293, 'gc': -0.05041, 'Gn': 1.0, 'Gc': -0.0, 'crossingsN': '', 'crossingsC': ''}
REF: (37, 345) {'gn': 0.67257, 'gc': 0.0023, 'Gn': 1.0, 'Gc': 0.0, 'crossingsN': '', 'crossingsC': ''}
REF: (37, 346) {'gn': 0.69462, 'gc': -0.02443, 'Gn': 1.0, 'Gc': -0.0, 'crossingsN': '', 'crossingsC': ''}
REF: (38, 345) {'gn': 0.78151, 'gc': 0.00132, 'Gn': 1.0, 'Gc': 0.0, 'crossingsN': '', 'crossingsC': ''}
REF: (38, 346) {'gn': 0.80554, 'gc': -0.02467, 'Gn': 1.0, 'Gc': -0.0, 'crossingsN': '', 'crossingsC': ''}
REF: (38, 347) {'gn': 0.80291, 'gc': 0, 'Gn': 1.0, 'Gc': 0.0, 'crossingsN': '', 'crossingsC': ''}
REF: (38, 348) {'gn': 0.81761, 'gc': 0, 'Gn': 1.0, 'Gc': 0.0, 'crossingsN': '', 'crossingsC': ''}
REF: (39, 43) {'gn': 0.17785, 'gc': 0.03439, 'Gn': 0.0, 'Gc': 0.0, 'crossingsN': '', 'crossingsC': ''}
REF: (39, 44) {'gn': 0.11629, 'gc': 0.02108, 'Gn': 0.0, 'Gc': 0.0, 'crossingsN': '', 'crossingsC': ''}
REF: (39, 234) {'gn': 0.81587, 'gc': -0.00983, 'Gn': 1.0, 'Gc': -0.0, 'crossingsN': '', 'crossingsC': ''}
REF: (39, 345) {'gn': 0.73185, 'gc': -0.00061, 'Gn': 1.0, 'Gc': -0.0, 'crossingsN': '', 'crossingsC': ''}
REF: (39, 346) {'gn': 0.75333, 'gc': -0.02189, 'Gn': 1.0, 'Gc': -0.0, 'crossingsN': '', 'crossingsC': ''}
REF: (39, 354) {'gn': 0.80939, 'gc': 0, 'Gn': 1.0, 'Gc': 0.0, 'crossingsN': '', 'crossingsC': ''}
REF: (40, 44) {'gn': 0.02533, 'gc': -0.03567, 'Gn': 0.0, 'Gc': -0.0, 'crossingsN': '', 'crossingsC': ''}
REF: (40, 354) {'gn': 0.66004, 'gc': 0, 'Gn': 1.0, 'Gc': 0.0, 'crossingsN': '', 'crossingsC': ''}
REF: (41, 45) {'gn': 0.05063, 'gc': -0.06103, 'Gn': 0.0, 'Gc': -0.0, 'crossingsN': '', 'crossingsC': ''}
REF: (41, 61) {'gn': 0.24396, 'gc': 0.36729, 'Gn': 0.0, 'Gc': 0.0, 'crossingsN': '', 'crossingsC': ''}
REF: (41, 65) {'gn': 0.23876, 'gc': 0.2679, 'Gn': 0.0, 'Gc': 0.0, 'crossingsN': '', 'crossingsC': ''}
REF: (42, 46) {'gn': 0.02902, 'gc': -0.11203, 'Gn': 0.0, 'Gc': -0.0, 'crossingsN': '', 'crossingsC': ''}
REF: (42, 64) {'gn': 0.13324, 'gc': 0.40224, 'Gn': 0.0, 'Gc': 0.0, 'crossingsN': '', 'crossingsC': ''}
REF: (42, 65) {'gn': 0.12511, 'gc': 0.3015, 'Gn': 0.0, 'Gc': 0.0, 'crossingsN': '', 'crossingsC': ''}
REF: (42, 68) {'gn': 0.13979, 'gc': 0.26666, 'Gn': 0.0, 'Gc': 0.0, 'crossingsN': '', 'crossingsC': ''}
REF: (42, 70) {'gn': 0.13706, 'gc': 0.13925, 'Gn': 0.0, 'Gc': 0.0, 'crossingsN': '', 'crossingsC': ''}
REF: (43, 47) {'gn': 0.00558, 'gc': -0.08373, 'Gn': 0.0, 'Gc': -0.0, 'crossingsN': '', 'crossingsC': ''}
REF: (44, 48) {'gn': 0.06048, 'gc': -0.08159, 'Gn': 0.0, 'Gc': -0.0, 'crossingsN': '', 'crossingsC': ''}
REF: (45, 49) {'gn': 0.05757, 'gc': -0.13932, 'Gn': 0.0, 'Gc': -0.0, 'crossingsN': '', 'crossingsC': ''}
REF: (45, 54) {'gn': 0.11013, 'gc': 0.14179, 'Gn': 0.0, 'Gc': 0.0, 'crossingsN': '', 'crossingsC': ''}
REF: (45, 65) {'gn': 0.17637, 'gc': 0.37314, 'Gn': 0.0, 'Gc': 0.0, 'crossingsN': '', 'crossingsC': ''}
REF: (45, 70) {'gn': 0.18349, 'gc': 0.18344, 'Gn': 0.0, 'Gc': 0.0, 'crossingsN': '', 'crossingsC': ''}
REF: (46, 70) {'gn': 0.20107, 'gc': 0.22307, 'Gn': 0.0, 'Gc': 0.0, 'crossingsN': '', 'crossingsC': ''}
REF: (52, 72) {'gn': 0.12723, 'gc': 0.14727, 'Gn': 0.0, 'Gc': 0.0, 'crossingsN': '', 'crossingsC': ''}
REF: (52, 73) {'gn': 0.14342, 'gc': 0.20944, 'Gn': 0.0, 'Gc': 0.0, 'crossingsN': '', 'crossingsC': ''}
REF: (53, 72) {'gn': 0.10519, 'gc': 0.05446, 'Gn': 0.0, 'Gc': 0.0, 'crossingsN': '', 'crossingsC': ''}
REF: (53, 73) {'gn': 0.11791, 'gc': 0.11484, 'Gn': 0.0, 'Gc': 0.0, 'crossingsN': '', 'crossingsC': ''}
REF: (53, 74) {'gn': 0.11683, 'gc': 0.21949, 'Gn': 0.0, 'Gc': 0.0, 'crossingsN': '', 'crossingsC': ''}
REF: (53, 75) {'gn': 0.14064, 'gc': 0.30401, 'Gn': 0.0, 'Gc': 0.0, 'crossingsN': '', 'crossingsC': ''}
REF: (54, 72) {'gn': 0.11417, 'gc': -0.02324, 'Gn': 0.0, 'Gc': -0.0, 'crossingsN': '', 'crossingsC': ''}
REF: (54, 73) {'gn': 0.12191, 'gc': 0.03286, 'Gn': 0.0, 'Gc': 0.0, 'crossingsN': '', 'crossingsC': ''}
REF: (54, 74) {'gn': 0.12284, 'gc': 0.13418, 'Gn': 0.0, 'Gc': 0.0, 'crossingsN': '', 'crossingsC': ''}
REF: (54, 75) {'gn': 0.14326, 'gc': 0.21885, 'Gn': 0.0, 'Gc': 0.0, 'crossingsN': '', 'crossingsC': ''}
REF: (55, 74) {'gn': 0.02556, 'gc': 0.01616, 'Gn': 0.0, 'Gc': 0.0, 'crossingsN': '', 'crossingsC': ''}
REF: (55, 75) {'gn': 0.04404, 'gc': 0.0991, 'Gn': 0.0, 'Gc': 0.0, 'crossingsN': '', 'crossingsC': ''}
REF: (55, 76) {'gn': 0.05966, 'gc': 0.27404, 'Gn': 0.0, 'Gc': 0.0, 'crossingsN': '', 'crossingsC': ''}
REF: (55, 77) {'gn': 0.06725, 'gc': 0.29407, 'Gn': 0.0, 'Gc': 0.0, 'crossingsN': '', 'crossingsC': ''}
REF: (55, 208) {'gn': 0.16239, 'gc': 0.03038, 'Gn': 0.0, 'Gc': 0.0, 'crossingsN': '', 'crossingsC': ''}
REF: (56, 61) {'gn': 0.01483, 'gc': 0.072, 'Gn': 0.0, 'Gc': 0.0, 'crossingsN': '', 'crossingsC': ''}
REF: (56, 62) {'gn': 0.02215, 'gc': 0.12892, 'Gn': 0.0, 'Gc': 0.0, 'crossingsN': '', 'crossingsC': ''}
REF: (56, 74) {'gn': 0.02534, 'gc': -0.06623, 'Gn': 0.0, 'Gc': -0.0, 'crossingsN': '', 'crossingsC': ''}
REF: (56, 75) {'gn': 0.04487, 'gc': 0.01821, 'Gn': 0.0, 'Gc': 0.0, 'crossingsN': '', 'crossingsC': ''}
REF: (56, 76) {'gn': 0.05966, 'gc': 0.191, 'Gn': 0.0, 'Gc': 0.0, 'crossingsN': '', 'crossingsC': ''}
REF: (56, 77) {'gn': 0.06706, 'gc': 0.21037, 'Gn': 0.0, 'Gc': 0.0, 'crossingsN': '', 'crossingsC': ''}
REF: (57, 61) {'gn': -0.00853, 'gc': -0.03553, 'Gn': -0.0, 'Gc': -0.0, 'crossingsN': '', 'crossingsC': ''}
REF: (57, 76) {'gn': 0.02011, 'gc': 0.08882, 'Gn': 0.0, 'Gc': 0.0, 'crossingsN': '', 'crossingsC': ''}
REF: (57, 77) {'gn': 0.02281, 'gc': 0.11024, 'Gn': 0.0, 'Gc': 0.0, 'crossingsN': '', 'crossingsC': ''}
REF: (57, 78) {'gn': 0.0279, 'gc': 0.23533, 'Gn': 0.0, 'Gc': 0.0, 'crossingsN': '', 'crossingsC': ''}
REF: (58, 62) {'gn': -0.00717, 'gc': -0.06968, 'Gn': -0.0, 'Gc': -0.0, 'crossingsN': '', 'crossingsC': ''}
REF: (58, 76) {'gn': 0.05249, 'gc': 0.08062, 'Gn': 0.0, 'Gc': 0.0, 'crossingsN': '', 'crossingsC': ''}
REF: (58, 77) {'gn': 0.05704, 'gc': 0.09952, 'Gn': 0.0, 'Gc': 0.0, 'crossingsN': '', 'crossingsC': ''}
REF: (58, 78) {'gn': 0.06163, 'gc': 0.22348, 'Gn': 0.0, 'Gc': 0.0, 'crossingsN': '', 'crossingsC': ''}
REF: (58, 79) {'gn': 0.06234, 'gc': 0.33786, 'Gn': 0.0, 'Gc': 0.0, 'crossingsN': '', 'crossingsC': ''}
REF: (58, 80) {'gn': 0.06899, 'gc': 0.31027, 'Gn': 0.0, 'Gc': 0.0, 'crossingsN': '', 'crossingsC': ''}
REF: (59, 63) {'gn': 0.01298, 'gc': -0.14576, 'Gn': 0.0, 'Gc': -0.0, 'crossingsN': '', 'crossingsC': ''}
REF: (59, 76) {'gn': 0.1226, 'gc': 0.09399, 'Gn': 0.0, 'Gc': 0.0, 'crossingsN': '', 'crossingsC': ''}
REF: (59, 79) {'gn': 0.13585, 'gc': 0.34809, 'Gn': 0.0, 'Gc': 0.0, 'crossingsN': '', 'crossingsC': ''}
REF: (59, 80) {'gn': 0.13917, 'gc': 0.31541, 'Gn': 0.0, 'Gc': 0.0, 'crossingsN': '', 'crossingsC': ''}
REF: (60, 64) {'gn': -0.00063, 'gc': -0.11811, 'Gn': -0.0, 'Gc': -0.0, 'crossingsN': '', 'crossingsC': ''}
REF: (61, 65) {'gn': 0.00985, 'gc': -0.09981, 'Gn': 0.0, 'Gc': -0.0, 'crossingsN': '', 'crossingsC': ''}
REF: (62, 66) {'gn': 0.03651, 'gc': -0.10297, 'Gn': 0.0, 'Gc': -0.0, 'crossingsN': '', 'crossingsC': ''}
REF: (62, 74) {'gn': 0.07696, 'gc': -0.05143, 'Gn': 0.0, 'Gc': -0.0, 'crossingsN': '', 'crossingsC': ''}
REF: (62, 75) {'gn': 0.19653, 'gc': 0.05647, 'Gn': 0.0, 'Gc': 0.0, 'crossingsN': '', 'crossingsC': ''}
REF: (62, 76) {'gn': 0.20452, 'gc': 0.22812, 'Gn': 0.0, 'Gc': 0.0, 'crossingsN': '', 'crossingsC': ''}
REF: (62, 94) {'gn': 0.23481, 'gc': 0.07963, 'Gn': 0.0, 'Gc': 0.0, 'crossingsN': '', 'crossingsC': ''}
REF: (63, 67) {'gn': 0.01685, 'gc': -0.12083, 'Gn': 0.0, 'Gc': -0.0, 'crossingsN': '', 'crossingsC': ''}
REF: (64, 68) {'gn': 0.05098, 'gc': -0.08888, 'Gn': 0.0, 'Gc': -0.0, 'crossingsN': '', 'crossingsC': ''}
REF: (65, 69) {'gn': 0.09868, 'gc': -0.07169, 'Gn': 0.0, 'Gc': -0.0, 'crossingsN': '', 'crossingsC': ''}
REF: (65, 70) {'gn': 0.05047, 'gc': -0.07236, 'Gn': 0.0, 'Gc': -0.0, 'crossingsN': '', 'crossingsC': ''}
REF: (66, 70) {'gn': -0.02904, 'gc': -0.06588, 'Gn': -0.0, 'Gc': -0.0, 'crossingsN': '', 'crossingsC': ''}
REF: (66, 71) {'gn': 0.02861, 'gc': -0.07307, 'Gn': 0.0, 'Gc': -0.0, 'crossingsN': '', 'crossingsC': ''}
REF: (66, 92) {'gn': 0.24061, 'gc': 0.15645, 'Gn': 0.0, 'Gc': 0.0, 'crossingsN': '', 'crossingsC': ''}
REF: (73, 93) {'gn': 0.17268, 'gc': 0.12381, 'Gn': 0.0, 'Gc': 0.0, 'crossingsN': '', 'crossingsC': ''}
REF: (73, 94) {'gn': 0.15812, 'gc': 0.17725, 'Gn': 0.0, 'Gc': 0.0, 'crossingsN': '', 'crossingsC': ''}
REF: (73, 95) {'gn': 0.19295, 'gc': 0.22363, 'Gn': 0.0, 'Gc': 0.0, 'crossingsN': '', 'crossingsC': ''}
REF: (74, 93) {'gn': 0.19821, 'gc': 0.05463, 'Gn': 0.0, 'Gc': 0.0, 'crossingsN': '', 'crossingsC': ''}
REF: (74, 94) {'gn': 0.18105, 'gc': 0.10646, 'Gn': 0.0, 'Gc': 0.0, 'crossingsN': '', 'crossingsC': ''}
REF: (74, 95) {'gn': 0.21338, 'gc': 0.15169, 'Gn': 0.0, 'Gc': 0.0, 'crossingsN': '', 'crossingsC': ''}
REF: (75, 94) {'gn': 0.05397, 'gc': 0.0251, 'Gn': 0.0, 'Gc': 0.0, 'crossingsN': '', 'crossingsC': ''}
REF: (75, 95) {'gn': 0.08627, 'gc': 0.071, 'Gn': 0.0, 'Gc': 0.0, 'crossingsN': '', 'crossingsC': ''}
REF: (75, 96) {'gn': 0.12361, 'gc': 0.23887, 'Gn': 0.0, 'Gc': 0.0, 'crossingsN': '', 'crossingsC': ''}
REF: (75, 97) {'gn': 0.1574, 'gc': 0.41258, 'Gn': 0.0, 'Gc': 0.0, 'crossingsN': '', 'crossingsC': ''}
REF: (76, 80) {'gn': 0.12844, 'gc': 0.22192, 'Gn': 0.0, 'Gc': 0.0, 'crossingsN': '', 'crossingsC': ''}
REF: (76, 94) {'gn': 0.01922, 'gc': -0.06604, 'Gn': 0.0, 'Gc': -0.0, 'crossingsN': '', 'crossingsC': ''}
REF: (76, 95) {'gn': 0.04625, 'gc': -0.02226, 'Gn': 0.0, 'Gc': -0.0, 'crossingsN': '', 'crossingsC': ''}
REF: (76, 96) {'gn': 0.08495, 'gc': 0.14364, 'Gn': 0.0, 'Gc': 0.0, 'crossingsN': '', 'crossingsC': ''}
REF: (76, 97) {'gn': 0.11717, 'gc': 0.31677, 'Gn': 0.0, 'Gc': 0.0, 'crossingsN': '', 'crossingsC': ''}
REF: (77, 96) {'gn': -0.00597, 'gc': 0.07504, 'Gn': -0.0, 'Gc': 0.0, 'crossingsN': '', 'crossingsC': ''}
REF: (77, 97) {'gn': 0.02505, 'gc': 0.25107, 'Gn': 0.0, 'Gc': 0.0, 'crossingsN': '', 'crossingsC': ''}
REF: (78, 96) {'gn': -0.03355, 'gc': 0.0002, 'Gn': -0.0, 'Gc': 0.0, 'crossingsN': '', 'crossingsC': ''}
REF: (78, 97) {'gn': -0.0039, 'gc': 0.17535, 'Gn': -0.0, 'Gc': 0.0, 'crossingsN': '', 'crossingsC': ''}
REF: (78, 98) {'gn': 0.01483, 'gc': 0.32448, 'Gn': 0.0, 'Gc': 0.0, 'crossingsN': '', 'crossingsC': ''}
REF: (78, 99) {'gn': 0.02851, 'gc': 0.34358, 'Gn': 0.0, 'Gc': 0.0, 'crossingsN': '', 'crossingsC': ''}
REF: (78, 129) {'gn': 0.07659, 'gc': 0.316, 'Gn': 0.0, 'Gc': 0.0, 'crossingsN': '', 'crossingsC': ''}
REF: (79, 96) {'gn': 0.02814, 'gc': 0.01313, 'Gn': 0.0, 'Gc': 0.0, 'crossingsN': '', 'crossingsC': ''}
REF: (79, 97) {'gn': 0.06365, 'gc': 0.18509, 'Gn': 0.0, 'Gc': 0.0, 'crossingsN': '', 'crossingsC': ''}
REF: (79, 98) {'gn': 0.08022, 'gc': 0.32879, 'Gn': 0.0, 'Gc': 0.0, 'crossingsN': '', 'crossingsC': ''}
REF: (79, 99) {'gn': 0.09523, 'gc': 0.35088, 'Gn': 0.0, 'Gc': 0.0, 'crossingsN': '', 'crossingsC': ''}
REF: (79, 103) {'gn': 0.09373, 'gc': 0.21329, 'Gn': 0.0, 'Gc': 0.0, 'crossingsN': '', 'crossingsC': ''}
REF: (80, 85) {'gn': 0.0193, 'gc': -0.05338, 'Gn': 0.0, 'Gc': -0.0, 'crossingsN': '', 'crossingsC': ''}
REF: (80, 86) {'gn': 0.02222, 'gc': 0.0567, 'Gn': 0.0, 'Gc': 0.0, 'crossingsN': '', 'crossingsC': ''}
REF: (80, 96) {'gn': 0.03468, 'gc': 0.0664, 'Gn': 0.0, 'Gc': 0.0, 'crossingsN': '', 'crossingsC': ''}
REF: (80, 97) {'gn': 0.0697, 'gc': 0.22879, 'Gn': 0.0, 'Gc': 0.0, 'crossingsN': '', 'crossingsC': ''}
REF: (80, 98) {'gn': 0.08608, 'gc': 0.36704, 'Gn': 0.0, 'Gc': 0.0, 'crossingsN': '', 'crossingsC': ''}
REF: (80, 103) {'gn': 0.09904, 'gc': 0.24357, 'Gn': 0.0, 'Gc': 0.0, 'crossingsN': '', 'crossingsC': ''}
REF: (81, 85) {'gn': -0.01082, 'gc': -0.00718, 'Gn': -0.0, 'Gc': -0.0, 'crossingsN': '', 'crossingsC': ''}
REF: (81, 103) {'gn': 0.15399, 'gc': 0.24444, 'Gn': 0.0, 'Gc': 0.0, 'crossingsN': '', 'crossingsC': ''}
REF: (82, 86) {'gn': -0.00443, 'gc': 0.10234, 'Gn': -0.0, 'Gc': 0.0, 'crossingsN': '', 'crossingsC': ''}
REF: (83, 102) {'gn': 0.154, 'gc': 0.2309, 'Gn': 0.0, 'Gc': 0.0, 'crossingsN': '', 'crossingsC': ''}
REF: (83, 103) {'gn': 0.14698, 'gc': 0.24976, 'Gn': 0.0, 'Gc': 0.0, 'crossingsN': '', 'crossingsC': ''}
REF: (83, 106) {'gn': 0.14647, 'gc': 0.20856, 'Gn': 0.0, 'Gc': 0.0, 'crossingsN': '', 'crossingsC': ''}
REF: (85, 89) {'gn': -0.03312, 'gc': 0.01074, 'Gn': -0.0, 'Gc': 0.0, 'crossingsN': '', 'crossingsC': ''}
REF: (86, 90) {'gn': -0.00935, 'gc': -0.05675, 'Gn': -0.0, 'Gc': -0.0, 'crossingsN': '', 'crossingsC': ''}
REF: (86, 106) {'gn': 0.22879, 'gc': 0.24939, 'Gn': 0.0, 'Gc': 0.0, 'crossingsN': '', 'crossingsC': ''}
REF: (86, 107) {'gn': 0.22302, 'gc': 0.27549, 'Gn': 0.0, 'Gc': 0.0, 'crossingsN': '', 'crossingsC': ''}
REF: (86, 110) {'gn': 0.21284, 'gc': 0.28829, 'Gn': 0.0, 'Gc': 0.0, 'crossingsN': '', 'crossingsC': ''}
REF: (86, 112) {'gn': 0.19328, 'gc': 0.17862, 'Gn': 0.0, 'Gc': 0.0, 'crossingsN': '', 'crossingsC': ''}
REF: (87, 91) {'gn': -0.02604, 'gc': -0.07931, 'Gn': -0.0, 'Gc': -0.0, 'crossingsN': '', 'crossingsC': ''}
REF: (87, 112) {'gn': 0.20326, 'gc': 0.21178, 'Gn': 0.0, 'Gc': 0.0, 'crossingsN': '', 'crossingsC': ''}
REF: (87, 113) {'gn': 0.19714, 'gc': 0.08478, 'Gn': 0.0, 'Gc': 0.0, 'crossingsN': '', 'crossingsC': ''}
REF: (88, 92) {'gn': -0.03996, 'gc': -0.05726, 'Gn': -0.0, 'Gc': -0.0, 'crossingsN': '', 'crossingsC': ''}
REF: (89, 93) {'gn': 0.01118, 'gc': -0.10768, 'Gn': 0.0, 'Gc': -0.0, 'crossingsN': '', 'crossingsC': ''}
REF: (89, 94) {'gn': -0.04794, 'gc': -0.04283, 'Gn': -0.0, 'Gc': -0.0, 'crossingsN': '', 'crossingsC': ''}
REF: (89, 95) {'gn': 0.10925, 'gc': 0.00403, 'Gn': 0.0, 'Gc': 0.0, 'crossingsN': '', 'crossingsC': ''}
REF: (89, 96) {'gn': 0.15456, 'gc': 0.16863, 'Gn': 0.0, 'Gc': 0.0, 'crossingsN': '', 'crossingsC': ''}
REF: (89, 116) {'gn': 0.27579, 'gc': 0.06454, 'Gn': 0.0, 'Gc': 0.0, 'crossingsN': '', 'crossingsC': ''}
REF: (90, 94) {'gn': -0.113, 'gc': -0.03585, 'Gn': -0.0, 'Gc': -0.0, 'crossingsN': '', 'crossingsC': ''}
REF: (90, 112) {'gn': 0.2507, 'gc': 0.22741, 'Gn': 0.0, 'Gc': 0.0, 'crossingsN': '', 'crossingsC': ''}
REF: (90, 113) {'gn': 0.24682, 'gc': 0.0963, 'Gn': 0.0, 'Gc': 0.0, 'crossingsN': '', 'crossingsC': ''}
REF: (90, 114) {'gn': 0.24201, 'gc': 0.07391, 'Gn': 0.0, 'Gc': 0.0, 'crossingsN': '', 'crossingsC': ''}
REF: (90, 115) {'gn': 0.25822, 'gc': 0.00482, 'Gn': 0.0, 'Gc': 0.0, 'crossingsN': '', 'crossingsC': ''}
REF: (90, 116) {'gn': 0.23595, 'gc': 0.08845, 'Gn': 0.0, 'Gc': 0.0, 'crossingsN': '', 'crossingsC': ''}
REF: (91, 113) {'gn': 0.36427, 'gc': 0.12165, 'Gn': 0.0, 'Gc': 0.0, 'crossingsN': '', 'crossingsC': ''}
REF: (91, 114) {'gn': 0.36314, 'gc': 0.0988, 'Gn': 0.0, 'Gc': 0.0, 'crossingsN': '', 'crossingsC': ''}
REF: (93, 116) {'gn': 0.28721, 'gc': 0.11153, 'Gn': 0.0, 'Gc': 0.0, 'crossingsN': '', 'crossingsC': ''}
REF: (93, 117) {'gn': 0.30469, 'gc': 0.13751, 'Gn': 0.0, 'Gc': 0.0, 'crossingsN': '', 'crossingsC': ''}
REF: (94, 116) {'gn': 0.39989, 'gc': 0.07374, 'Gn': 0.0, 'Gc': 0.0, 'crossingsN': '', 'crossingsC': ''}
REF: (94, 117) {'gn': 0.41878, 'gc': 0.09959, 'Gn': 0.0, 'Gc': 0.0, 'crossingsN': '', 'crossingsC': ''}
REF: (95, 116) {'gn': 0.27824, 'gc': 0.03887, 'Gn': 0.0, 'Gc': 0.0, 'crossingsN': '', 'crossingsC': ''}
REF: (95, 117) {'gn': 0.28877, 'gc': 0.06421, 'Gn': 0.0, 'Gc': 0.0, 'crossingsN': '', 'crossingsC': ''}
REF: (95, 118) {'gn': 0.33581, 'gc': 0.18188, 'Gn': 0.0, 'Gc': 0.0, 'crossingsN': '', 'crossingsC': ''}
REF: (95, 119) {'gn': 0.38681, 'gc': 0.25495, 'Gn': 0.0, 'Gc': 0.0, 'crossingsN': '', 'crossingsC': ''}
REF: (96, 116) {'gn': 0.15358, 'gc': -0.03409, 'Gn': 0.0, 'Gc': -0.0, 'crossingsN': '', 'crossingsC': ''}
REF: (96, 117) {'gn': 0.15973, 'gc': -0.00695, 'Gn': 0.0, 'Gc': -0.0, 'crossingsN': '', 'crossingsC': ''}
REF: (96, 118) {'gn': 0.20421, 'gc': 0.11086, 'Gn': 0.0, 'Gc': 0.0, 'crossingsN': '', 'crossingsC': ''}
REF: (96, 119) {'gn': 0.25417, 'gc': 0.18533, 'Gn': 0.0, 'Gc': 0.0, 'crossingsN': '', 'crossingsC': ''}
REF: (97, 118) {'gn': 0.05875, 'gc': 0.02163, 'Gn': 0.0, 'Gc': 0.0, 'crossingsN': '', 'crossingsC': ''}
REF: (97, 119) {'gn': 0.10834, 'gc': 0.09662, 'Gn': 0.0, 'Gc': 0.0, 'crossingsN': '', 'crossingsC': ''}
REF: (97, 120) {'gn': 0.15184, 'gc': 0.26859, 'Gn': 0.0, 'Gc': 0.0, 'crossingsN': '', 'crossingsC': ''}
REF: (97, 121) {'gn': 0.18712, 'gc': 0.3132, 'Gn': 0.0, 'Gc': 0.0, 'crossingsN': '', 'crossingsC': ''}
REF: (97, 156) {'gn': 0.20948, 'gc': 0.15015, 'Gn': 0.0, 'Gc': 0.0, 'crossingsN': '', 'crossingsC': ''}
REF: (98, 103) {'gn': 0.03256, 'gc': -0.07429, 'Gn': 0.0, 'Gc': -0.0, 'crossingsN': '', 'crossingsC': ''}
REF: (98, 104) {'gn': 0.05186, 'gc': 0.01814, 'Gn': 0.0, 'Gc': 0.0, 'crossingsN': '', 'crossingsC': ''}
REF: (98, 118) {'gn': -0.00408, 'gc': -0.01261, 'Gn': -0.0, 'Gc': -0.0, 'crossingsN': '', 'crossingsC': ''}
REF: (98, 119) {'gn': 0.04253, 'gc': 0.0662, 'Gn': 0.0, 'Gc': 0.0, 'crossingsN': '', 'crossingsC': ''}
REF: (98, 120) {'gn': 0.08731, 'gc': 0.24171, 'Gn': 0.0, 'Gc': 0.0, 'crossingsN': '', 'crossingsC': ''}
REF: (98, 121) {'gn': 0.12094, 'gc': 0.28825, 'Gn': 0.0, 'Gc': 0.0, 'crossingsN': '', 'crossingsC': ''}
REF: (98, 130) {'gn': 0.15818, 'gc': 0.2886, 'Gn': 0.0, 'Gc': 0.0, 'crossingsN': '', 'crossingsC': ''}
REF: (99, 103) {'gn': -0.03619, 'gc': -0.11587, 'Gn': -0.0, 'Gc': -0.0, 'crossingsN': '', 'crossingsC': ''}
REF: (99, 104) {'gn': -0.01421, 'gc': -0.02564, 'Gn': -0.0, 'Gc': -0.0, 'crossingsN': '', 'crossingsC': ''}
REF: (99, 120) {'gn': 0.04935, 'gc': 0.21901, 'Gn': 0.0, 'Gc': 0.0, 'crossingsN': '', 'crossingsC': ''}
REF: (99, 121) {'gn': 0.08339, 'gc': 0.26604, 'Gn': 0.0, 'Gc': 0.0, 'crossingsN': '', 'crossingsC': ''}
REF: (99, 122) {'gn': 0.10604, 'gc': 0.49233, 'Gn': 0.0, 'Gc': 0.0, 'crossingsN': '', 'crossingsC': ''}
REF: (99, 129) {'gn': 0.14923, 'gc': 0.19685, 'Gn': 0.0, 'Gc': 0.0, 'crossingsN': '', 'crossingsC': ''}
REF: (99, 130) {'gn': 0.12106, 'gc': 0.24476, 'Gn': 0.0, 'Gc': 0.0, 'crossingsN': '', 'crossingsC': ''}
REF: (99, 131) {'gn': 0.11558, 'gc': 0.24216, 'Gn': 0.0, 'Gc': 0.0, 'crossingsN': '', 'crossingsC': ''}
REF: (100, 104) {'gn': -0.02664, 'gc': 0.03153, 'Gn': -0.0, 'Gc': 0.0, 'crossingsN': '', 'crossingsC': ''}
REF: (100, 130) {'gn': 0.12116, 'gc': 0.28602, 'Gn': 0.0, 'Gc': 0.0, 'crossingsN': '', 'crossingsC': ''}
REF: (100, 131) {'gn': 0.11738, 'gc': 0.27829, 'Gn': 0.0, 'Gc': 0.0, 'crossingsN': '', 'crossingsC': ''}
REF: (101, 105) {'gn': -0.00963, 'gc': -0.01975, 'Gn': -0.0, 'Gc': -0.0, 'crossingsN': '', 'crossingsC': ''}
REF: (102, 106) {'gn': -0.0246, 'gc': -0.00771, 'Gn': -0.0, 'Gc': -0.0, 'crossingsN': '', 'crossingsC': ''}
REF: (103, 107) {'gn': 0.03533, 'gc': 0.02342, 'Gn': 0.0, 'Gc': 0.0, 'crossingsN': '', 'crossingsC': ''}
REF: (104, 108) {'gn': 0.03433, 'gc': -0.05086, 'Gn': 0.0, 'Gc': -0.0, 'crossingsN': '', 'crossingsC': ''}
REF: (104, 142) {'gn': 0.31857, 'gc': 0.48261, 'Gn': 0.0, 'Gc': 0.0, 'crossingsN': '', 'crossingsC': ''}
REF: (104, 143) {'gn': 0.30327, 'gc': 0.39514, 'Gn': 0.0, 'Gc': 0.0, 'crossingsN': '', 'crossingsC': ''}
REF: (105, 109) {'gn': 0.01978, 'gc': -0.04952, 'Gn': 0.0, 'Gc': -0.0, 'crossingsN': '', 'crossingsC': ''}
REF: (106, 110) {'gn': 0.0522, 'gc': -0.02935, 'Gn': 0.0, 'Gc': -0.0, 'crossingsN': '', 'crossingsC': ''}
REF: (107, 146) {'gn': 0.23265, 'gc': 0.18409, 'Gn': 0.0, 'Gc': 0.0, 'crossingsN': '', 'crossingsC': ''}
REF: (107, 148) {'gn': 0.17, 'gc': 0.1485, 'Gn': 0.0, 'Gc': 0.0, 'crossingsN': '', 'crossingsC': ''}
REF: (107, 149) {'gn': 0.18454, 'gc': 0.11452, 'Gn': 0.0, 'Gc': 0.0, 'crossingsN': '', 'crossingsC': ''}
REF: (108, 146) {'gn': 0.20671, 'gc': 0.17505, 'Gn': 0.0, 'Gc': 0.0, 'crossingsN': '', 'crossingsC': ''}
REF: (108, 147) {'gn': 0.19915, 'gc': 0.23253, 'Gn': 0.0, 'Gc': 0.0, 'crossingsN': '', 'crossingsC': ''}
REF: (108, 148) {'gn': 0.14958, 'gc': 0.14556, 'Gn': 0.0, 'Gc': 0.0, 'crossingsN': '', 'crossingsC': ''}
REF: (110, 148) {'gn': 0.16624, 'gc': 0.16438, 'Gn': 0.0, 'Gc': 0.0, 'crossingsN': '', 'crossingsC': ''}
REF: (111, 148) {'gn': 0.12277, 'gc': 0.17706, 'Gn': 0.0, 'Gc': 0.0, 'crossingsN': '', 'crossingsC': ''}
REF: (112, 148) {'gn': 0.20657, 'gc': 0.18582, 'Gn': 0.0, 'Gc': 0.0, 'crossingsN': '', 'crossingsC': ''}
REF: (114, 148) {'gn': 0.12684, 'gc': 0.20493, 'Gn': 0.0, 'Gc': 0.0, 'crossingsN': '', 'crossingsC': ''}
REF: (115, 147) {'gn': 0.20821, 'gc': 0.2915, 'Gn': 0.0, 'Gc': 0.0, 'crossingsN': '', 'crossingsC': ''}
REF: (115, 148) {'gn': 0.11967, 'gc': 0.19507, 'Gn': 0.0, 'Gc': 0.0, 'crossingsN': '', 'crossingsC': ''}
REF: (115, 149) {'gn': 0.14593, 'gc': 0.15947, 'Gn': 0.0, 'Gc': 0.0, 'crossingsN': '', 'crossingsC': ''}
REF: (115, 150) {'gn': 0.18013, 'gc': 0.03798, 'Gn': 0.0, 'Gc': 0.0, 'crossingsN': '', 'crossingsC': ''}
REF: (116, 148) {'gn': 0.18904, 'gc': 0.18644, 'Gn': 0.0, 'Gc': 0.0, 'crossingsN': '', 'crossingsC': ''}
REF: (116, 149) {'gn': 0.21309, 'gc': 0.14899, 'Gn': 0.0, 'Gc': 0.0, 'crossingsN': '', 'crossingsC': ''}
REF: (116, 150) {'gn': 0.2457, 'gc': 0.02723, 'Gn': 0.0, 'Gc': 0.0, 'crossingsN': '', 'crossingsC': ''}
REF: (117, 149) {'gn': 0.11683, 'gc': 0.14861, 'Gn': 0.0, 'Gc': 0.0, 'crossingsN': '', 'crossingsC': ''}
REF: (117, 150) {'gn': 0.15436, 'gc': 0.0238, 'Gn': 0.0, 'Gc': 0.0, 'crossingsN': '', 'crossingsC': ''}
REF: (117, 151) {'gn': 0.22439, 'gc': -0.04355, 'Gn': 0.0, 'Gc': -0.0, 'crossingsN': '', 'crossingsC': ''}
REF: (117, 153) {'gn': 0.24737, 'gc': 0.0241, 'Gn': 0.0, 'Gc': 0.0, 'crossingsN': '', 'crossingsC': ''}
REF: (117, 154) {'gn': 0.2814, 'gc': 0.08059, 'Gn': 0.0, 'Gc': 0.0, 'crossingsN': '', 'crossingsC': ''}
REF: (118, 149) {'gn': 0.06118, 'gc': 0.10291, 'Gn': 0.0, 'Gc': 0.0, 'crossingsN': '', 'crossingsC': ''}
REF: (118, 150) {'gn': 0.09807, 'gc': -0.01522, 'Gn': 0.0, 'Gc': -0.0, 'crossingsN': '', 'crossingsC': ''}
REF: (118, 153) {'gn': 0.19019, 'gc': -0.0125, 'Gn': 0.0, 'Gc': -0.0, 'crossingsN': '', 'crossingsC': ''}
REF: (118, 154) {'gn': 0.22187, 'gc': 0.04484, 'Gn': 0.0, 'Gc': 0.0, 'crossingsN': '', 'crossingsC': ''}
REF: (119, 153) {'gn': 0.03356, 'gc': -0.05828, 'Gn': 0.0, 'Gc': -0.0, 'crossingsN': '', 'crossingsC': ''}
REF: (119, 154) {'gn': 0.064, 'gc': -0.00057, 'Gn': 0.0, 'Gc': -0.0, 'crossingsN': '', 'crossingsC': ''}
REF: (119, 155) {'gn': 0.12792, 'gc': 0.11724, 'Gn': 0.0, 'Gc': 0.0, 'crossingsN': '', 'crossingsC': ''}
REF: (119, 156) {'gn': 0.18046, 'gc': 0.13422, 'Gn': 0.0, 'Gc': 0.0, 'crossingsN': '', 'crossingsC': ''}
REF: (120, 130) {'gn': 0.18697, 'gc': 0.0423, 'Gn': 0.0, 'Gc': 0.0, 'crossingsN': '', 'crossingsC': ''}
REF: (120, 140) {'gn': 0.06036, 'gc': 0.10415, 'Gn': 0.0, 'Gc': 0.0, 'crossingsN': '', 'crossingsC': ''}
REF: (120, 153) {'gn': -0.03719, 'gc': -0.08443, 'Gn': -0.0, 'Gc': -0.0, 'crossingsN': '', 'crossingsC': ''}
REF: (120, 154) {'gn': -0.00608, 'gc': -0.02426, 'Gn': -0.0, 'Gc': -0.0, 'crossingsN': '', 'crossingsC': ''}
REF: (120, 155) {'gn': 0.05872, 'gc': 0.09213, 'Gn': 0.0, 'Gc': 0.0, 'crossingsN': '', 'crossingsC': ''}
REF: (120, 156) {'gn': 0.11195, 'gc': 0.10746, 'Gn': 0.0, 'Gc': 0.0, 'crossingsN': '', 'crossingsC': ''}
REF: (121, 129) {'gn': 0.12956, 'gc': -0.02113, 'Gn': 0.0, 'Gc': -0.0, 'crossingsN': '', 'crossingsC': ''}
REF: (121, 130) {'gn': 0.0761, 'gc': 0.01562, 'Gn': 0.0, 'Gc': 0.0, 'crossingsN': '', 'crossingsC': ''}
REF: (121, 131) {'gn': 0.04436, 'gc': 0.02581, 'Gn': 0.0, 'Gc': 0.0, 'crossingsN': '', 'crossingsC': ''}
REF: (121, 155) {'gn': 0.02903, 'gc': 0.05862, 'Gn': 0.0, 'Gc': 0.0, 'crossingsN': '', 'crossingsC': ''}
REF: (121, 156) {'gn': 0.082, 'gc': 0.0744, 'Gn': 0.0, 'Gc': 0.0, 'crossingsN': '', 'crossingsC': ''}
REF: (121, 157) {'gn': 0.13856, 'gc': 0.13384, 'Gn': 0.0, 'Gc': 0.0, 'crossingsN': '', 'crossingsC': ''}
REF: (122, 129) {'gn': 0.09701, 'gc': -0.17168, 'Gn': 0.0, 'Gc': -0.0, 'crossingsN': '', 'crossingsC': ''}
REF: (122, 130) {'gn': 0.04616, 'gc': -0.12639, 'Gn': 0.0, 'Gc': -0.0, 'crossingsN': '', 'crossingsC': ''}
REF: (122, 131) {'gn': 0.01747, 'gc': -0.11004, 'Gn': 0.0, 'Gc': -0.0, 'crossingsN': '', 'crossingsC': ''}
REF: (122, 132) {'gn': 0.03821, 'gc': -0.0723, 'Gn': 0.0, 'Gc': -0.0, 'crossingsN': '', 'crossingsC': ''}
REF: (122, 133) {'gn': 0.02596, 'gc': -0.02409, 'Gn': 0.0, 'Gc': -0.0, 'crossingsN': '', 'crossingsC': ''}
REF: (122, 136) {'gn': -0.00818, 'gc': -0.04826, 'Gn': -0.0, 'Gc': -0.0, 'crossingsN': '', 'crossingsC': ''}
REF: (122, 155) {'gn': 0.04266, 'gc': 0.03215, 'Gn': 0.0, 'Gc': 0.0, 'crossingsN': '', 'crossingsC': ''}
REF: (122, 156) {'gn': 0.09257, 'gc': 0.0444, 'Gn': 0.0, 'Gc': 0.0, 'crossingsN': '', 'crossingsC': ''}
REF: (122, 157) {'gn': 0.14872, 'gc': 0.10493, 'Gn': 0.0, 'Gc': 0.0, 'crossingsN': '', 'crossingsC': ''}
REF: (122, 177) {'gn': 0.12058, 'gc': 0.22536, 'Gn': 0.0, 'Gc': 0.0, 'crossingsN': '', 'crossingsC': ''}
REF: (123, 127) {'gn': 0.04458, 'gc': -0.07575, 'Gn': 0.0, 'Gc': -0.0, 'crossingsN': '', 'crossingsC': ''}
REF: (123, 128) {'gn': 0.06853, 'gc': -0.13627, 'Gn': 0.0, 'Gc': -0.0, 'crossingsN': '', 'crossingsC': ''}
REF: (123, 129) {'gn': 0.06014, 'gc': -0.15536, 'Gn': 0.0, 'Gc': -0.0, 'crossingsN': '', 'crossingsC': ''}
REF: (123, 130) {'gn': 0.00908, 'gc': -0.10525, 'Gn': 0.0, 'Gc': -0.0, 'crossingsN': '', 'crossingsC': ''}
REF: (123, 131) {'gn': -0.01957, 'gc': -0.08504, 'Gn': -0.0, 'Gc': -0.0, 'crossingsN': '', 'crossingsC': ''}
REF: (123, 132) {'gn': 0.00126, 'gc': -0.05269, 'Gn': 0.0, 'Gc': -0.0, 'crossingsN': '', 'crossingsC': ''}
REF: (123, 133) {'gn': -0.01094, 'gc': -0.00922, 'Gn': -0.0, 'Gc': -0.0, 'crossingsN': '', 'crossingsC': ''}
REF: (123, 157) {'gn': 0.18636, 'gc': 0.1111, 'Gn': 0.0, 'Gc': 0.0, 'crossingsN': '', 'crossingsC': ''}
REF: (124, 132) {'gn': 0.01225, 'gc': -0.17439, 'Gn': 0.0, 'Gc': -0.0, 'crossingsN': '', 'crossingsC': ''}
REF: (124, 133) {'gn': 0.00319, 'gc': -0.12858, 'Gn': 0.0, 'Gc': -0.0, 'crossingsN': '', 'crossingsC': ''}
REF: (124, 157) {'gn': 0.22393, 'gc': 0.06551, 'Gn': 0.0, 'Gc': 0.0, 'crossingsN': '', 'crossingsC': ''}
REF: (124, 158) {'gn': 0.27115, 'gc': 0.11375, 'Gn': 0.0, 'Gc': 0.0, 'crossingsN': '', 'crossingsC': ''}
REF: (124, 159) {'gn': 0.27671, 'gc': 0.19346, 'Gn': 0.0, 'Gc': 0.0, 'crossingsN': '', 'crossingsC': ''}
REF: (124, 172) {'gn': 0.22463, 'gc': 0.19202, 'Gn': 0.0, 'Gc': 0.0, 'crossingsN': '', 'crossingsC': ''}
REF: (124, 173) {'gn': 0.22852, 'gc': 0.19844, 'Gn': 0.0, 'Gc': 0.0, 'crossingsN': '', 'crossingsC': ''}
REF: (124, 174) {'gn': 0.21313, 'gc': 0.29189, 'Gn': 0.0, 'Gc': 0.0, 'crossingsN': '', 'crossingsC': ''}
REF: (124, 176) {'gn': 0.20085, 'gc': 0.15781, 'Gn': 0.0, 'Gc': 0.0, 'crossingsN': '', 'crossingsC': ''}
REF: (124, 177) {'gn': 0.19161, 'gc': 0.16202, 'Gn': 0.0, 'Gc': 0.0, 'crossingsN': '', 'crossingsC': ''}
REF: (125, 159) {'gn': 0.40861, 'gc': 0.21349, 'Gn': 0.0, 'Gc': 0.0, 'crossingsN': '', 'crossingsC': ''}
REF: (125, 160) {'gn': 0.42467, 'gc': 0.141, 'Gn': 0.0, 'Gc': 0.0, 'crossingsN': '', 'crossingsC': ''}
REF: (125, 173) {'gn': 0.35645, 'gc': 0.20226, 'Gn': 0.0, 'Gc': 0.0, 'crossingsN': '', 'crossingsC': ''}
REF: (126, 158) {'gn': 0.40016, 'gc': 0.12221, 'Gn': 0.0, 'Gc': 0.0, 'crossingsN': '', 'crossingsC': ''}
REF: (126, 159) {'gn': 0.40267, 'gc': 0.20131, 'Gn': 0.0, 'Gc': 0.0, 'crossingsN': '', 'crossingsC': ''}
REF: (126, 160) {'gn': 0.41863, 'gc': 0.12507, 'Gn': 0.0, 'Gc': 0.0, 'crossingsN': '', 'crossingsC': ''}
REF: (130, 157) {'gn': 0.68861, 'gc': 0.15741, 'Gn': 1.0, 'Gc': 0.0, 'crossingsN': '', 'crossingsC': ''}
REF: (131, 135) {'gn': 0.0781, 'gc': 0.00181, 'Gn': 0.0, 'Gc': 0.0, 'crossingsN': '', 'crossingsC': ''}
REF: (131, 136) {'gn': 0.07794, 'gc': 0.04763, 'Gn': 0.0, 'Gc': 0.0, 'crossingsN': '', 'crossingsC': ''}
REF: (131, 139) {'gn': 0.00858, 'gc': -0.01001, 'Gn': 0.0, 'Gc': -0.0, 'crossingsN': '', 'crossingsC': ''}
REF: (132, 136) {'gn': 0.00676, 'gc': 0.01798, 'Gn': 0.0, 'Gc': 0.0, 'crossingsN': '', 'crossingsC': ''}
REF: (133, 137) {'gn': -0.03213, 'gc': -0.01458, 'Gn': -0.0, 'Gc': -0.0, 'crossingsN': '', 'crossingsC': ''}
REF: (133, 176) {'gn': 0.25815, 'gc': 0.21744, 'Gn': 0.0, 'Gc': 0.0, 'crossingsN': '', 'crossingsC': ''}
REF: (133, 180) {'gn': 0.20304, 'gc': 0.17661, 'Gn': 0.0, 'Gc': 0.0, 'crossingsN': '', 'crossingsC': ''}
REF: (135, 139) {'gn': -0.07851, 'gc': -0.01401, 'Gn': -0.0, 'Gc': -0.0, 'crossingsN': '', 'crossingsC': ''}
REF: (136, 140) {'gn': -0.04666, 'gc': -0.0096, 'Gn': -0.0, 'Gc': -0.0, 'crossingsN': '', 'crossingsC': ''}
REF: (137, 141) {'gn': -0.04839, 'gc': -0.02156, 'Gn': -0.0, 'Gc': -0.0, 'crossingsN': '', 'crossingsC': ''}
REF: (138, 142) {'gn': -0.06417, 'gc': -0.02562, 'Gn': -0.0, 'Gc': -0.0, 'crossingsN': '', 'crossingsC': ''}
REF: (139, 143) {'gn': -0.06517, 'gc': -0.03433, 'Gn': -0.0, 'Gc': -0.0, 'crossingsN': '', 'crossingsC': ''}
REF: (140, 144) {'gn': -0.01586, 'gc': -0.03751, 'Gn': -0.0, 'Gc': -0.0, 'crossingsN': '', 'crossingsC': ''}
REF: (140, 153) {'gn': 0.06034, 'gc': -0.00764, 'Gn': 0.0, 'Gc': -0.0, 'crossingsN': '', 'crossingsC': ''}
REF: (141, 145) {'gn': -0.03907, 'gc': -0.05001, 'Gn': -0.0, 'Gc': -0.0, 'crossingsN': '', 'crossingsC': ''}
REF: (142, 146) {'gn': -0.06198, 'gc': -0.04148, 'Gn': -0.0, 'Gc': -0.0, 'crossingsN': '', 'crossingsC': ''}
REF: (143, 149) {'gn': -0.09819, 'gc': -0.03578, 'Gn': -0.0, 'Gc': -0.0, 'crossingsN': '', 'crossingsC': ''}
REF: (143, 153) {'gn': 0.19117, 'gc': 0.02182, 'Gn': 0.0, 'Gc': 0.0, 'crossingsN': '', 'crossingsC': ''}
REF: (144, 149) {'gn': -0.19609, 'gc': -0.02291, 'Gn': -0.0, 'Gc': -0.0, 'crossingsN': '', 'crossingsC': ''}
REF: (144, 151) {'gn': 0.08341, 'gc': -0.03342, 'Gn': 0.0, 'Gc': -0.0, 'crossingsN': '', 'crossingsC': ''}
REF: (144, 152) {'gn': 0.13341, 'gc': -0.01854, 'Gn': 0.0, 'Gc': -0.0, 'crossingsN': '', 'crossingsC': ''}
REF: (144, 153) {'gn': 0.0834, 'gc': 0.03706, 'Gn': 0.0, 'Gc': 0.0, 'crossingsN': '', 'crossingsC': ''}
REF: (149, 153) {'gn': 0.31007, 'gc': 0.04923, 'Gn': 0.0, 'Gc': 0.0, 'crossingsN': '', 'crossingsC': ''}
REF: (151, 186) {'gn': 0.21526, 'gc': 0.08531, 'Gn': 0.0, 'Gc': 0.0, 'crossingsN': '', 'crossingsC': ''}
REF: (152, 185) {'gn': 0.1773, 'gc': 0.13812, 'Gn': 0.0, 'Gc': 0.0, 'crossingsN': '', 'crossingsC': ''}
REF: (152, 186) {'gn': 0.14684, 'gc': 0.08346, 'Gn': 0.0, 'Gc': 0.0, 'crossingsN': '', 'crossingsC': ''}
REF: (152, 187) {'gn': 0.19979, 'gc': 0.06941, 'Gn': 0.0, 'Gc': 0.0, 'crossingsN': '', 'crossingsC': ''}
REF: (153, 185) {'gn': 0.25932, 'gc': 0.12487, 'Gn': 0.0, 'Gc': 0.0, 'crossingsN': '', 'crossingsC': ''}
REF: (153, 186) {'gn': 0.2287, 'gc': 0.07209, 'Gn': 0.0, 'Gc': 0.0, 'crossingsN': '', 'crossingsC': ''}
REF: (153, 187) {'gn': 0.28237, 'gc': 0.05816, 'Gn': 0.0, 'Gc': 0.0, 'crossingsN': '', 'crossingsC': ''}
REF: (154, 185) {'gn': 0.13476, 'gc': 0.11674, 'Gn': 0.0, 'Gc': 0.0, 'crossingsN': '', 'crossingsC': ''}
REF: (154, 186) {'gn': 0.10421, 'gc': 0.06338, 'Gn': 0.0, 'Gc': 0.0, 'crossingsN': '', 'crossingsC': ''}
REF: (154, 187) {'gn': 0.15809, 'gc': 0.04931, 'Gn': 0.0, 'Gc': 0.0, 'crossingsN': '', 'crossingsC': ''}
REF: (154, 188) {'gn': 0.23174, 'gc': 0.11649, 'Gn': 0.0, 'Gc': 0.0, 'crossingsN': '', 'crossingsC': ''}
REF: (155, 181) {'gn': 0.09129, 'gc': 0.15199, 'Gn': 0.0, 'Gc': 0.0, 'crossingsN': '', 'crossingsC': ''}
REF: (155, 186) {'gn': -0.00215, 'gc': 0.04238, 'Gn': -0.0, 'Gc': 0.0, 'crossingsN': '', 'crossingsC': ''}
REF: (155, 187) {'gn': 0.04594, 'gc': 0.02767, 'Gn': 0.0, 'Gc': 0.0, 'crossingsN': '', 'crossingsC': ''}
REF: (155, 188) {'gn': 0.11903, 'gc': 0.09385, 'Gn': 0.0, 'Gc': 0.0, 'crossingsN': '', 'crossingsC': ''}
REF: (155, 189) {'gn': 0.2036, 'gc': 0.21371, 'Gn': 0.0, 'Gc': 0.0, 'crossingsN': '', 'crossingsC': ''}
REF: (156, 188) {'gn': -0.03575, 'gc': 0.06503, 'Gn': -0.0, 'Gc': 0.0, 'crossingsN': '', 'crossingsC': ''}
REF: (156, 189) {'gn': 0.04919, 'gc': 0.18458, 'Gn': 0.0, 'Gc': 0.0, 'crossingsN': '', 'crossingsC': ''}
REF: (156, 190) {'gn': 0.1189, 'gc': 0.17824, 'Gn': 0.0, 'Gc': 0.0, 'crossingsN': '', 'crossingsC': ''}
REF: (157, 177) {'gn': -0.11374, 'gc': 0.10738, 'Gn': -0.0, 'Gc': 0.0, 'crossingsN': '', 'crossingsC': ''}
REF: (157, 189) {'gn': -0.06399, 'gc': 0.15699, 'Gn': -0.0, 'Gc': 0.0, 'crossingsN': '', 'crossingsC': ''}
REF: (157, 190) {'gn': 0.00668, 'gc': 0.15184, 'Gn': 0.0, 'Gc': 0.0, 'crossingsN': '', 'crossingsC': ''}
REF: (157, 191) {'gn': 0.05497, 'gc': 0.25969, 'Gn': 0.0, 'Gc': 0.0, 'crossingsN': '', 'crossingsC': ''}
REF: (158, 190) {'gn': -0.01781, 'gc': 0.11994, 'Gn': -0.0, 'Gc': 0.0, 'crossingsN': '', 'crossingsC': ''}
REF: (158, 191) {'gn': 0.03184, 'gc': 0.22617, 'Gn': 0.0, 'Gc': 0.0, 'crossingsN': '', 'crossingsC': ''}
REF: (158, 192) {'gn': 0.10277, 'gc': 0.27189, 'Gn': 0.0, 'Gc': 0.0, 'crossingsN': '', 'crossingsC': ''}
REF: (159, 170) {'gn': -0.06528, 'gc': 0.06089, 'Gn': -0.0, 'Gc': 0.0, 'crossingsN': '', 'crossingsC': ''}
REF: (159, 173) {'gn': -0.08624, 'gc': 0.01315, 'Gn': -0.0, 'Gc': 0.0, 'crossingsN': '', 'crossingsC': ''}
REF: (159, 190) {'gn': 0.04614, 'gc': 0.09295, 'Gn': 0.0, 'Gc': 0.0, 'crossingsN': '', 'crossingsC': ''}
REF: (159, 191) {'gn': 0.09551, 'gc': 0.20131, 'Gn': 0.0, 'Gc': 0.0, 'crossingsN': '', 'crossingsC': ''}
REF: (159, 192) {'gn': 0.16585, 'gc': 0.24361, 'Gn': 0.0, 'Gc': 0.0, 'crossingsN': '', 'crossingsC': ''}
REF: (159, 195) {'gn': 0.09553, 'gc': 0.31824, 'Gn': 0.0, 'Gc': 0.0, 'crossingsN': '', 'crossingsC': ''}
REF: (160, 169) {'gn': -0.08135, 'gc': 0.05983, 'Gn': -0.0, 'Gc': 0.0, 'crossingsN': '', 'crossingsC': ''}
REF: (160, 170) {'gn': -0.08137, 'gc': 0.10151, 'Gn': -0.0, 'Gc': 0.0, 'crossingsN': '', 'crossingsC': ''}
REF: (161, 167) {'gn': -0.05095, 'gc': 0.04147, 'Gn': -0.0, 'Gc': 0.0, 'crossingsN': '', 'crossingsC': ''}
REF: (161, 169) {'gn': -0.05228, 'gc': 0.01798, 'Gn': -0.0, 'Gc': 0.0, 'crossingsN': '', 'crossingsC': ''}
REF: (161, 170) {'gn': -0.04996, 'gc': 0.05808, 'Gn': -0.0, 'Gc': 0.0, 'crossingsN': '', 'crossingsC': ''}
REF: (162, 169) {'gn': -0.04716, 'gc': -0.05776, 'Gn': -0.0, 'Gc': -0.0, 'crossingsN': '', 'crossingsC': ''}
REF: (162, 170) {'gn': -0.04368, 'gc': -0.01342, 'Gn': -0.0, 'Gc': -0.0, 'crossingsN': '', 'crossingsC': ''}
REF: (162, 194) {'gn': 0.24243, 'gc': 0.24041, 'Gn': 0.0, 'Gc': 0.0, 'crossingsN': '', 'crossingsC': ''}
REF: (162, 195) {'gn': 0.20592, 'gc': 0.25135, 'Gn': 0.0, 'Gc': 0.0, 'crossingsN': '', 'crossingsC': ''}
REF: (162, 198) {'gn': 0.16167, 'gc': 0.29562, 'Gn': 0.0, 'Gc': 0.0, 'crossingsN': '', 'crossingsC': ''}
REF: (163, 194) {'gn': 0.24461, 'gc': 0.21499, 'Gn': 0.0, 'Gc': 0.0, 'crossingsN': '', 'crossingsC': ''}
REF: (163, 218) {'gn': 0.41146, 'gc': 0.04456, 'Gn': 0.0, 'Gc': 0.0, 'crossingsN': '', 'crossingsC': ''}
REF: (163, 219) {'gn': 0.36761, 'gc': 0.12939, 'Gn': 0.0, 'Gc': 0.0, 'crossingsN': '', 'crossingsC': ''}
REF: (163, 220) {'gn': 0.35886, 'gc': 0.09775, 'Gn': 0.0, 'Gc': 0.0, 'crossingsN': '', 'crossingsC': ''}
REF: (165, 170) {'gn': -0.01229, 'gc': -0.00725, 'Gn': -0.0, 'Gc': -0.0, 'crossingsN': '', 'crossingsC': ''}
REF: (165, 198) {'gn': 0.19461, 'gc': 0.26822, 'Gn': 0.0, 'Gc': 0.0, 'crossingsN': '', 'crossingsC': ''}
REF: (168, 172) {'gn': -0.00997, 'gc': -0.00705, 'Gn': -0.0, 'Gc': -0.0, 'crossingsN': '', 'crossingsC': ''}
REF: (169, 173) {'gn': 0.01499, 'gc': 0.00137, 'Gn': 0.0, 'Gc': 0.0, 'crossingsN': '', 'crossingsC': ''}
REF: (170, 174) {'gn': -0.03472, 'gc': 0.01026, 'Gn': -0.0, 'Gc': 0.0, 'crossingsN': '', 'crossingsC': ''}
REF: (171, 175) {'gn': -0.05221, 'gc': -0.01748, 'Gn': -0.0, 'Gc': -0.0, 'crossingsN': '', 'crossingsC': ''}
REF: (172, 176) {'gn': -0.05082, 'gc': -0.02309, 'Gn': -0.0, 'Gc': -0.0, 'crossingsN': '', 'crossingsC': ''}
REF: (173, 177) {'gn': -0.04349, 'gc': -0.00578, 'Gn': -0.0, 'Gc': -0.0, 'crossingsN': '', 'crossingsC': ''}
REF: (174, 178) {'gn': -0.05026, 'gc': -0.01551, 'Gn': -0.0, 'Gc': -0.0, 'crossingsN': '', 'crossingsC': ''}
REF: (174, 202) {'gn': 0.20743, 'gc': 0.05926, 'Gn': 0.0, 'Gc': 0.0, 'crossingsN': '', 'crossingsC': ''}
REF: (175, 179) {'gn': -0.04399, 'gc': -0.02141, 'Gn': -0.0, 'Gc': -0.0, 'crossingsN': '', 'crossingsC': ''}
REF: (176, 180) {'gn': -0.05592, 'gc': -0.01185, 'Gn': -0.0, 'Gc': -0.0, 'crossingsN': '', 'crossingsC': ''}
REF: (177, 181) {'gn': -0.03498, 'gc': -0.01358, 'Gn': -0.0, 'Gc': -0.0, 'crossingsN': '', 'crossingsC': ''}
REF: (178, 182) {'gn': -0.02731, 'gc': -0.02961, 'Gn': -0.0, 'Gc': -0.0, 'crossingsN': '', 'crossingsC': ''}
REF: (181, 188) {'gn': 0.18183, 'gc': 0.0393, 'Gn': 0.0, 'Gc': 0.0, 'crossingsN': '', 'crossingsC': ''}
REF: (187, 205) {'gn': 0.1731, 'gc': 0.00276, 'Gn': 0.0, 'Gc': 0.0, 'crossingsN': '', 'crossingsC': ''}
REF: (187, 206) {'gn': 0.29037, 'gc': 0.01769, 'Gn': 0.0, 'Gc': 0.0, 'crossingsN': '', 'crossingsC': ''}
REF: (188, 204) {'gn': 0.15293, 'gc': 0.01322, 'Gn': 0.0, 'Gc': 0.0, 'crossingsN': '', 'crossingsC': ''}
REF: (188, 205) {'gn': 0.11993, 'gc': 0.00037, 'Gn': 0.0, 'Gc': 0.0, 'crossingsN': '', 'crossingsC': ''}
REF: (188, 206) {'gn': 0.23447, 'gc': 0.01327, 'Gn': 0.0, 'Gc': 0.0, 'crossingsN': '', 'crossingsC': ''}
REF: (189, 203) {'gn': 0.10438, 'gc': 0.05679, 'Gn': 0.0, 'Gc': 0.0, 'crossingsN': '', 'crossingsC': ''}
REF: (189, 204) {'gn': 0.01448, 'gc': 0.01111, 'Gn': 0.0, 'Gc': 0.0, 'crossingsN': '', 'crossingsC': ''}
REF: (189, 205) {'gn': -0.01482, 'gc': -0.00213, 'Gn': -0.0, 'Gc': -0.0, 'crossingsN': '', 'crossingsC': ''}
REF: (189, 206) {'gn': 0.0976, 'gc': 0.01028, 'Gn': 0.0, 'Gc': 0.0, 'crossingsN': '', 'crossingsC': ''}
REF: (189, 207) {'gn': 0.25418, 'gc': 0.02289, 'Gn': 0.0, 'Gc': 0.0, 'crossingsN': '', 'crossingsC': ''}
REF: (189, 208) {'gn': 0.36542, 'gc': 0.00899, 'Gn': 0.0, 'Gc': 0.0, 'crossingsN': '', 'crossingsC': ''}
REF: (190, 195) {'gn': 0.14884, 'gc': 0.21387, 'Gn': 0.0, 'Gc': 0.0, 'crossingsN': '', 'crossingsC': ''}
REF: (190, 202) {'gn': 0.03335, 'gc': 0.06491, 'Gn': 0.0, 'Gc': 0.0, 'crossingsN': '', 'crossingsC': ''}
REF: (190, 203) {'gn': 0.0797, 'gc': 0.04955, 'Gn': 0.0, 'Gc': 0.0, 'crossingsN': '', 'crossingsC': ''}
REF: (190, 204) {'gn': -0.00904, 'gc': 0.00922, 'Gn': -0.0, 'Gc': 0.0, 'crossingsN': '', 'crossingsC': ''}
REF: (190, 206) {'gn': 0.06711, 'gc': 0.00266, 'Gn': 0.0, 'Gc': 0.0, 'crossingsN': '', 'crossingsC': ''}
REF: (190, 207) {'gn': 0.22347, 'gc': 0.01647, 'Gn': 0.0, 'Gc': 0.0, 'crossingsN': '', 'crossingsC': ''}
REF: (190, 208) {'gn': 0.33236, 'gc': 0.00391, 'Gn': 0.0, 'Gc': 0.0, 'crossingsN': '', 'crossingsC': ''}
REF: (191, 195) {'gn': 0.01858, 'gc': 0.09891, 'Gn': 0.0, 'Gc': 0.0, 'crossingsN': '', 'crossingsC': ''}
REF: (191, 196) {'gn': 0.07716, 'gc': 0.196, 'Gn': 0.0, 'Gc': 0.0, 'crossingsN': '', 'crossingsC': ''}
REF: (191, 202) {'gn': -0.09739, 'gc': 0.05022, 'Gn': -0.0, 'Gc': 0.0, 'crossingsN': '', 'crossingsC': ''}
REF: (191, 203) {'gn': -0.04751, 'gc': 0.03831, 'Gn': -0.0, 'Gc': 0.0, 'crossingsN': '', 'crossingsC': ''}
REF: (191, 206) {'gn': -0.05348, 'gc': -0.00164, 'Gn': -0.0, 'Gc': -0.0, 'crossingsN': '', 'crossingsC': ''}
REF: (191, 207) {'gn': 0.10128, 'gc': 0.01039, 'Gn': 0.0, 'Gc': 0.0, 'crossingsN': '', 'crossingsC': ''}
REF: (191, 208) {'gn': 0.20968, 'gc': -0.00076, 'Gn': 0.0, 'Gc': -0.0, 'crossingsN': '', 'crossingsC': ''}
REF: (191, 209) {'gn': 0.33162, 'gc': 0.00206, 'Gn': 0.0, 'Gc': 0.0, 'crossingsN': '', 'crossingsC': ''}
REF: (192, 196) {'gn': -0.05251, 'gc': 0.1769, 'Gn': -0.0, 'Gc': 0.0, 'crossingsN': '', 'crossingsC': ''}
REF: (192, 207) {'gn': -0.0215, 'gc': 0.01186, 'Gn': -0.0, 'Gc': 0.0, 'crossingsN': '', 'crossingsC': ''}
REF: (192, 208) {'gn': 0.08597, 'gc': -4e-05, 'Gn': 0.0, 'Gc': -0.0, 'crossingsN': '', 'crossingsC': ''}
REF: (192, 209) {'gn': 0.20795, 'gc': 0.00085, 'Gn': 0.0, 'Gc': 0.0, 'crossingsN': '', 'crossingsC': ''}
REF: (192, 210) {'gn': 0.2801, 'gc': -0.00215, 'Gn': 0.0, 'Gc': -0.0, 'crossingsN': '', 'crossingsC': ''}
REF: (193, 197) {'gn': -0.10448, 'gc': 0.06133, 'Gn': -0.0, 'Gc': 0.0, 'crossingsN': '', 'crossingsC': ''}
REF: (193, 208) {'gn': 0.09111, 'gc': -0.01791, 'Gn': 0.0, 'Gc': -0.0, 'crossingsN': '', 'crossingsC': ''}
REF: (193, 209) {'gn': 0.21153, 'gc': -0.01799, 'Gn': 0.0, 'Gc': -0.0, 'crossingsN': '', 'crossingsC': ''}
REF: (193, 210) {'gn': 0.28602, 'gc': -0.017, 'Gn': 0.0, 'Gc': -0.0, 'crossingsN': '', 'crossingsC': ''}
REF: (193, 211) {'gn': 0.23806, 'gc': 0.00266, 'Gn': 0.0, 'Gc': 0.0, 'crossingsN': '', 'crossingsC': ''}
REF: (193, 212) {'gn': 0.17728, 'gc': -0.00676, 'Gn': 0.0, 'Gc': -0.0, 'crossingsN': '', 'crossingsC': ''}
REF: (193, 218) {'gn': 0.10099, 'gc': 0.05607, 'Gn': 0.0, 'Gc': 0.0, 'crossingsN': '', 'crossingsC': ''}
REF: (194, 198) {'gn': -0.07913, 'gc': 0.04615, 'Gn': -0.0, 'Gc': 0.0, 'crossingsN': '', 'crossingsC': ''}
REF: (194, 199) {'gn': -0.12638, 'gc': 0.01629, 'Gn': -0.0, 'Gc': 0.0, 'crossingsN': '', 'crossingsC': ''}
REF: (194, 218) {'gn': 0.25187, 'gc': 0.0492, 'Gn': 0.0, 'Gc': 0.0, 'crossingsN': '', 'crossingsC': ''}
REF: (194, 219) {'gn': 0.22124, 'gc': 0.12922, 'Gn': 0.0, 'Gc': 0.0, 'crossingsN': '', 'crossingsC': ''}
REF: (195, 199) {'gn': -0.05934, 'gc': 0.02479, 'Gn': -0.0, 'Gc': 0.0, 'crossingsN': '', 'crossingsC': ''}
REF: (195, 200) {'gn': -0.05411, 'gc': 0.03883, 'Gn': -0.0, 'Gc': 0.0, 'crossingsN': '', 'crossingsC': ''}
REF: (195, 202) {'gn': -0.13915, 'gc': 0.00644, 'Gn': -0.0, 'Gc': 0.0, 'crossingsN': '', 'crossingsC': ''}
REF: (195, 203) {'gn': -0.05338, 'gc': -0.00361, 'Gn': -0.0, 'Gc': -0.0, 'crossingsN': '', 'crossingsC': ''}
REF: (196, 200) {'gn': -0.10878, 'gc': -0.02198, 'Gn': -0.0, 'Gc': -0.0, 'crossingsN': '', 'crossingsC': ''}
REF: (196, 202) {'gn': -0.1969, 'gc': -0.03026, 'Gn': -0.0, 'Gc': -0.0, 'crossingsN': '', 'crossingsC': ''}
REF: (196, 203) {'gn': -0.07875, 'gc': -0.025, 'Gn': -0.0, 'Gc': -0.0, 'crossingsN': '', 'crossingsC': ''}
REF: (196, 207) {'gn': 0.22756, 'gc': -0.02023, 'Gn': 0.0, 'Gc': -0.0, 'crossingsN': '', 'crossingsC': ''}
REF: (196, 209) {'gn': 0.5133, 'gc': -0.01653, 'Gn': 0.0, 'Gc': -0.0, 'crossingsN': '', 'crossingsC': ''}
REF: (197, 228) {'gn': 0.34712, 'gc': 0.01662, 'Gn': 0.0, 'Gc': 0.0, 'crossingsN': '', 'crossingsC': ''}
REF: (199, 203) {'gn': 0.07325, 'gc': -0.00289, 'Gn': 0.0, 'Gc': -0.0, 'crossingsN': '', 'crossingsC': ''}
REF: (203, 207) {'gn': 0.3361, 'gc': -0.00324, 'Gn': 0.0, 'Gc': -0.0, 'crossingsN': '', 'crossingsC': ''}
REF: (209, 213) {'gn': 0.12642, 'gc': -0.01597, 'Gn': 0.0, 'Gc': -0.0, 'crossingsN': '', 'crossingsC': ''}
REF: (210, 214) {'gn': 0.0104, 'gc': -0.00364, 'Gn': 0.0, 'Gc': -0.0, 'crossingsN': '', 'crossingsC': ''}
REF: (211, 215) {'gn': -0.09495, 'gc': 0.05185, 'Gn': -0.0, 'Gc': 0.0, 'crossingsN': '', 'crossingsC': ''}
REF: (211, 216) {'gn': -0.09945, 'gc': 0.08118, 'Gn': -0.0, 'Gc': 0.0, 'crossingsN': '', 'crossingsC': ''}
REF: (211, 217) {'gn': -0.13858, 'gc': 0.04424, 'Gn': -0.0, 'Gc': 0.0, 'crossingsN': '', 'crossingsC': ''}
REF: (211, 218) {'gn': -0.11204, 'gc': 0.03781, 'Gn': -0.0, 'Gc': 0.0, 'crossingsN': '', 'crossingsC': ''}
REF: (211, 342) {'gn': -0.11107, 'gc': -0.05017, 'Gn': -0.0, 'Gc': -0.0, 'crossingsN': '', 'crossingsC': ''}
REF: (212, 216) {'gn': -0.02894, 'gc': 0.0874, 'Gn': -0.0, 'Gc': 0.0, 'crossingsN': '', 'crossingsC': ''}
REF: (212, 217) {'gn': -0.06841, 'gc': 0.0512, 'Gn': -0.0, 'Gc': 0.0, 'crossingsN': '', 'crossingsC': ''}
REF: (212, 218) {'gn': -0.04186, 'gc': 0.03772, 'Gn': -0.0, 'Gc': 0.0, 'crossingsN': '', 'crossingsC': ''}
REF: (212, 225) {'gn': -0.09069, 'gc': 0.08078, 'Gn': -0.0, 'Gc': 0.0, 'crossingsN': '', 'crossingsC': ''}
REF: (212, 230) {'gn': -0.10875, 'gc': 0.01247, 'Gn': -0.0, 'Gc': 0.0, 'crossingsN': '', 'crossingsC': ''}
REF: (213, 230) {'gn': -0.23359, 'gc': 0.01623, 'Gn': -0.0, 'Gc': 0.0, 'crossingsN': '', 'crossingsC': ''}
REF: (214, 230) {'gn': -0.2202, 'gc': 0.04256, 'Gn': -0.0, 'Gc': 0.0, 'crossingsN': '', 'crossingsC': ''}
REF: (214, 231) {'gn': -0.20561, 'gc': 0.02387, 'Gn': -0.0, 'Gc': 0.0, 'crossingsN': '', 'crossingsC': ''}
REF: (214, 232) {'gn': -0.14735, 'gc': -0.01295, 'Gn': -0.0, 'Gc': -0.0, 'crossingsN': '', 'crossingsC': ''}
REF: (214, 233) {'gn': -0.03937, 'gc': -0.02083, 'Gn': -0.0, 'Gc': -0.0, 'crossingsN': '', 'crossingsC': ''}
REF: (214, 234) {'gn': -0.05241, 'gc': -0.06959, 'Gn': -0.0, 'Gc': -0.0, 'crossingsN': '', 'crossingsC': ''}
REF: (215, 224) {'gn': -0.10239, 'gc': 0.13949, 'Gn': -0.0, 'Gc': 0.0, 'crossingsN': '', 'crossingsC': ''}
REF: (215, 225) {'gn': -0.08235, 'gc': 0.07968, 'Gn': -0.0, 'Gc': 0.0, 'crossingsN': '', 'crossingsC': ''}
REF: (215, 226) {'gn': -0.13265, 'gc': 0.07911, 'Gn': -0.0, 'Gc': 0.0, 'crossingsN': '', 'crossingsC': ''}
REF: (215, 230) {'gn': -0.08337, 'gc': 0.03798, 'Gn': -0.0, 'Gc': 0.0, 'crossingsN': '', 'crossingsC': ''}
REF: (215, 231) {'gn': -0.06535, 'gc': 0.01716, 'Gn': -0.0, 'Gc': 0.0, 'crossingsN': '', 'crossingsC': ''}
REF: (215, 232) {'gn': -0.00732, 'gc': -0.01937, 'Gn': -0.0, 'Gc': -0.0, 'crossingsN': '', 'crossingsC': ''}
REF: (215, 233) {'gn': 0.10622, 'gc': -0.02769, 'Gn': 0.0, 'Gc': -0.0, 'crossingsN': '', 'crossingsC': ''}
REF: (216, 224) {'gn': -0.09573, 'gc': 0.09678, 'Gn': -0.0, 'Gc': 0.0, 'crossingsN': '', 'crossingsC': ''}
REF: (216, 225) {'gn': -0.07327, 'gc': 0.05286, 'Gn': -0.0, 'Gc': 0.0, 'crossingsN': '', 'crossingsC': ''}
REF: (216, 226) {'gn': -0.1228, 'gc': 0.0704, 'Gn': -0.0, 'Gc': 0.0, 'crossingsN': '', 'crossingsC': ''}
REF: (216, 230) {'gn': -0.06796, 'gc': 0.04534, 'Gn': -0.0, 'Gc': 0.0, 'crossingsN': '', 'crossingsC': ''}
REF: (216, 231) {'gn': -0.04374, 'gc': 0.02262, 'Gn': -0.0, 'Gc': 0.0, 'crossingsN': '', 'crossingsC': ''}
REF: (216, 232) {'gn': 0.01895, 'gc': -0.01377, 'Gn': 0.0, 'Gc': -0.0, 'crossingsN': '', 'crossingsC': ''}
REF: (216, 330) {'gn': -0.02532, 'gc': -0.13293, 'Gn': -0.0, 'Gc': -0.0, 'crossingsN': '', 'crossingsC': ''}
REF: (216, 331) {'gn': -0.04172, 'gc': -0.11206, 'Gn': -0.0, 'Gc': -0.0, 'crossingsN': '', 'crossingsC': ''}
REF: (216, 341) {'gn': -0.00356, 'gc': -0.04437, 'Gn': -0.0, 'Gc': -0.0, 'crossingsN': '', 'crossingsC': ''}
REF: (217, 223) {'gn': -0.04719, 'gc': 0.07105, 'Gn': -0.0, 'Gc': 0.0, 'crossingsN': '', 'crossingsC': ''}
REF: (217, 224) {'gn': -0.03273, 'gc': 0.05152, 'Gn': -0.0, 'Gc': 0.0, 'crossingsN': '', 'crossingsC': ''}
REF: (217, 225) {'gn': -0.01574, 'gc': 0.01457, 'Gn': -0.0, 'Gc': 0.0, 'crossingsN': '', 'crossingsC': ''}
REF: (217, 227) {'gn': -0.08803, 'gc': 0.05012, 'Gn': -0.0, 'Gc': 0.0, 'crossingsN': '', 'crossingsC': ''}
REF: (217, 228) {'gn': -0.0869, 'gc': 0.03872, 'Gn': -0.0, 'Gc': 0.0, 'crossingsN': '', 'crossingsC': ''}
REF: (217, 331) {'gn': 0.03376, 'gc': -0.13386, 'Gn': 0.0, 'Gc': -0.0, 'crossingsN': '', 'crossingsC': ''}
REF: (218, 341) {'gn': 0.00136, 'gc': -0.04694, 'Gn': 0.0, 'Gc': -0.0, 'crossingsN': '', 'crossingsC': ''}
REF: (218, 342) {'gn': 0.03396, 'gc': -0.0395, 'Gn': 0.0, 'Gc': -0.0, 'crossingsN': '', 'crossingsC': ''}
REF: (219, 223) {'gn': -0.03309, 'gc': 0.04686, 'Gn': -0.0, 'Gc': 0.0, 'crossingsN': '', 'crossingsC': ''}
REF: (220, 340) {'gn': 0.18512, 'gc': -0.07535, 'Gn': 0.0, 'Gc': -0.0, 'crossingsN': '', 'crossingsC': ''}
REF: (222, 331) {'gn': 0.12472, 'gc': -0.12556, 'Gn': 0.0, 'Gc': -0.0, 'crossingsN': '', 'crossingsC': ''}
REF: (222, 332) {'gn': 0.09505, 'gc': -0.10229, 'Gn': 0.0, 'Gc': -0.0, 'crossingsN': '', 'crossingsC': ''}
REF: (222, 335) {'gn': 0.12143, 'gc': -0.15869, 'Gn': 0.0, 'Gc': -0.0, 'crossingsN': '', 'crossingsC': ''}
REF: (223, 227) {'gn': -0.07719, 'gc': 0.00484, 'Gn': -0.0, 'Gc': 0.0, 'crossingsN': '', 'crossingsC': ''}
REF: (223, 331) {'gn': 0.09578, 'gc': -0.13191, 'Gn': 0.0, 'Gc': -0.0, 'crossingsN': '', 'crossingsC': ''}
REF: (224, 228) {'gn': -0.14159, 'gc': 0.01256, 'Gn': -0.0, 'Gc': 0.0, 'crossingsN': '', 'crossingsC': ''}
REF: (224, 329) {'gn': 0.03161, 'gc': -0.10706, 'Gn': 0.0, 'Gc': -0.0, 'crossingsN': '', 'crossingsC': ''}
REF: (224, 331) {'gn': 0.07951, 'gc': -0.12047, 'Gn': 0.0, 'Gc': -0.0, 'crossingsN': '', 'crossingsC': ''}
REF: (225, 229) {'gn': -0.07965, 'gc': 0.01814, 'Gn': -0.0, 'Gc': 0.0, 'crossingsN': '', 'crossingsC': ''}
REF: (225, 230) {'gn': -0.01059, 'gc': 0.00623, 'Gn': -0.0, 'Gc': 0.0, 'crossingsN': '', 'crossingsC': ''}
REF: (225, 231) {'gn': 0.0526, 'gc': -0.01258, 'Gn': 0.0, 'Gc': -0.0, 'crossingsN': '', 'crossingsC': ''}
REF: (225, 232) {'gn': 0.156, 'gc': -0.04618, 'Gn': 0.0, 'Gc': -0.0, 'crossingsN': '', 'crossingsC': ''}
REF: (226, 230) {'gn': 0.01108, 'gc': -0.00471, 'Gn': 0.0, 'Gc': -0.0, 'crossingsN': '', 'crossingsC': ''}
REF: (226, 231) {'gn': 0.07799, 'gc': -0.02329, 'Gn': 0.0, 'Gc': -0.0, 'crossingsN': '', 'crossingsC': ''}
REF: (226, 232) {'gn': 0.18434, 'gc': -0.05636, 'Gn': 0.0, 'Gc': -0.0, 'crossingsN': '', 'crossingsC': ''}
REF: (232, 325) {'gn': -0.04618, 'gc': -0.11878, 'Gn': -0.0, 'Gc': -0.0, 'crossingsN': '', 'crossingsC': ''}
REF: (232, 329) {'gn': -0.04375, 'gc': -0.08844, 'Gn': -0.0, 'Gc': -0.0, 'crossingsN': '', 'crossingsC': ''}
REF: (234, 324) {'gn': -0.15234, 'gc': -0.13245, 'Gn': -0.0, 'Gc': -0.0, 'crossingsN': '', 'crossingsC': ''}
REF: (234, 325) {'gn': -0.17992, 'gc': -0.09558, 'Gn': -0.0, 'Gc': -0.0, 'crossingsN': '', 'crossingsC': ''}
REF: (234, 345) {'gn': -0.02749, 'gc': 0.0049, 'Gn': -0.0, 'Gc': 0.0, 'crossingsN': '', 'crossingsC': ''}
REF: (235, 322) {'gn': -0.07221, 'gc': -0.15025, 'Gn': -0.0, 'Gc': -0.0, 'crossingsN': '', 'crossingsC': ''}
REF: (235, 323) {'gn': -0.04644, 'gc': -0.14439, 'Gn': -0.0, 'Gc': -0.0, 'crossingsN': '', 'crossingsC': ''}
REF: (235, 324) {'gn': -0.04171, 'gc': -0.08599, 'Gn': -0.0, 'Gc': -0.0, 'crossingsN': '', 'crossingsC': ''}
REF: (235, 325) {'gn': -0.06644, 'gc': -0.04638, 'Gn': -0.0, 'Gc': -0.0, 'crossingsN': '', 'crossingsC': ''}
REF: (235, 326) {'gn': -0.10689, 'gc': -0.04175, 'Gn': -0.0, 'Gc': -0.0, 'crossingsN': '', 'crossingsC': ''}
REF: (236, 322) {'gn': -0.07114, 'gc': -0.08484, 'Gn': -0.0, 'Gc': -0.0, 'crossingsN': '', 'crossingsC': ''}
REF: (236, 323) {'gn': -0.04618, 'gc': -0.0912, 'Gn': -0.0, 'Gc': -0.0, 'crossingsN': '', 'crossingsC': ''}
REF: (236, 324) {'gn': -0.04123, 'gc': -0.04308, 'Gn': -0.0, 'Gc': -0.0, 'crossingsN': '', 'crossingsC': ''}
REF: (236, 325) {'gn': -0.06511, 'gc': -0.00366, 'Gn': -0.0, 'Gc': -0.0, 'crossingsN': '', 'crossingsC': ''}
REF: (237, 320) {'gn': -0.04754, 'gc': -0.07811, 'Gn': -0.0, 'Gc': -0.0, 'crossingsN': '', 'crossingsC': ''}
REF: (237, 321) {'gn': -0.03222, 'gc': -0.06704, 'Gn': -0.0, 'Gc': -0.0, 'crossingsN': '', 'crossingsC': ''}
REF: (237, 322) {'gn': -0.0186, 'gc': -0.04378, 'Gn': -0.0, 'Gc': -0.0, 'crossingsN': '', 'crossingsC': ''}
REF: (237, 323) {'gn': 0.00485, 'gc': -0.04912, 'Gn': 0.0, 'Gc': -0.0, 'crossingsN': '', 'crossingsC': ''}
REF: (237, 324) {'gn': 0.00921, 'gc': -0.00575, 'Gn': 0.0, 'Gc': -0.0, 'crossingsN': '', 'crossingsC': ''}
REF: (237, 325) {'gn': -0.01183, 'gc': 0.03335, 'Gn': -0.0, 'Gc': 0.0, 'crossingsN': '', 'crossingsC': ''}
REF: (238, 269) {'gn': -0.00486, 'gc': -0.12605, 'Gn': -0.0, 'Gc': -0.0, 'crossingsN': '', 'crossingsC': ''}
REF: (238, 270) {'gn': -0.00326, 'gc': -0.07528, 'Gn': -0.0, 'Gc': -0.0, 'crossingsN': '', 'crossingsC': ''}
REF: (238, 271) {'gn': 0.00369, 'gc': -0.14852, 'Gn': 0.0, 'Gc': -0.0, 'crossingsN': '', 'crossingsC': ''}
REF: (238, 320) {'gn': -0.02946, 'gc': -0.02789, 'Gn': -0.0, 'Gc': -0.0, 'crossingsN': '', 'crossingsC': ''}
REF: (238, 321) {'gn': -0.01707, 'gc': -0.01967, 'Gn': -0.0, 'Gc': -0.0, 'crossingsN': '', 'crossingsC': ''}
REF: (238, 322) {'gn': -0.00461, 'gc': -0.00072, 'Gn': -0.0, 'Gc': -0.0, 'crossingsN': '', 'crossingsC': ''}
REF: (238, 323) {'gn': 0.01248, 'gc': -0.00819, 'Gn': 0.0, 'Gc': -0.0, 'crossingsN': '', 'crossingsC': ''}
REF: (239, 269) {'gn': 0.00303, 'gc': -0.07673, 'Gn': 0.0, 'Gc': -0.0, 'crossingsN': '', 'crossingsC': ''}
REF: (239, 270) {'gn': 0.00525, 'gc': -0.02279, 'Gn': 0.0, 'Gc': -0.0, 'crossingsN': '', 'crossingsC': ''}
REF: (239, 317) {'gn': -0.01914, 'gc': -0.14277, 'Gn': -0.0, 'Gc': -0.0, 'crossingsN': '', 'crossingsC': ''}
REF: (239, 318) {'gn': -0.01963, 'gc': -0.06871, 'Gn': -0.0, 'Gc': -0.0, 'crossingsN': '', 'crossingsC': ''}
REF: (239, 319) {'gn': -0.01713, 'gc': -0.03445, 'Gn': -0.0, 'Gc': -0.0, 'crossingsN': '', 'crossingsC': ''}
REF: (239, 320) {'gn': -0.01146, 'gc': -0.0005, 'Gn': -0.0, 'Gc': -0.0, 'crossingsN': '', 'crossingsC': ''}
REF: (239, 321) {'gn': -0.00127, 'gc': 0.00423, 'Gn': -0.0, 'Gc': 0.0, 'crossingsN': '', 'crossingsC': ''}
REF: (240, 267) {'gn': 0.00143, 'gc': 0.00213, 'Gn': 0.0, 'Gc': 0.0, 'crossingsN': '', 'crossingsC': ''}
REF: (240, 268) {'gn': 0.00372, 'gc': 0.07027, 'Gn': 0.0, 'Gc': 0.0, 'crossingsN': '', 'crossingsC': ''}
REF: (240, 269) {'gn': 0.0059, 'gc': -0.0035, 'Gn': 0.0, 'Gc': -0.0, 'crossingsN': '', 'crossingsC': ''}
REF: (240, 270) {'gn': 0.00643, 'gc': 0.05409, 'Gn': 0.0, 'Gc': 0.0, 'crossingsN': '', 'crossingsC': ''}
REF: (240, 316) {'gn': -0.00475, 'gc': -0.08399, 'Gn': -0.0, 'Gc': -0.0, 'crossingsN': '', 'crossingsC': ''}
REF: (240, 317) {'gn': -0.00339, 'gc': -0.12723, 'Gn': -0.0, 'Gc': -0.0, 'crossingsN': '', 'crossingsC': ''}
REF: (240, 318) {'gn': -0.00444, 'gc': -0.05099, 'Gn': -0.0, 'Gc': -0.0, 'crossingsN': '', 'crossingsC': ''}
REF: (240, 319) {'gn': -0.00228, 'gc': -0.01359, 'Gn': -0.0, 'Gc': -0.0, 'crossingsN': '', 'crossingsC': ''}
REF: (240, 320) {'gn': 0.00328, 'gc': 0.02348, 'Gn': 0.0, 'Gc': 0.0, 'crossingsN': '', 'crossingsC': ''}
REF: (240, 321) {'gn': 0.01407, 'gc': 0.02796, 'Gn': 0.0, 'Gc': 0.0, 'crossingsN': '', 'crossingsC': ''}
REF: (241, 267) {'gn': 0.00115, 'gc': -0.11194, 'Gn': 0.0, 'Gc': -0.0, 'crossingsN': '', 'crossingsC': ''}
REF: (241, 268) {'gn': 0.00408, 'gc': -0.0473, 'Gn': 0.0, 'Gc': -0.0, 'crossingsN': '', 'crossingsC': ''}
REF: (241, 269) {'gn': 0.00696, 'gc': -0.12395, 'Gn': 0.0, 'Gc': -0.0, 'crossingsN': '', 'crossingsC': ''}
REF: (241, 270) {'gn': 0.01014, 'gc': -0.0644, 'Gn': 0.0, 'Gc': -0.0, 'crossingsN': '', 'crossingsC': ''}
REF: (241, 317) {'gn': 0.02707, 'gc': -0.11101, 'Gn': 0.0, 'Gc': -0.0, 'crossingsN': '', 'crossingsC': ''}
REF: (241, 318) {'gn': 0.02801, 'gc': -0.0358, 'Gn': 0.0, 'Gc': -0.0, 'crossingsN': '', 'crossingsC': ''}
REF: (242, 267) {'gn': 0.00616, 'gc': -0.1244, 'Gn': 0.0, 'Gc': -0.0, 'crossingsN': '', 'crossingsC': ''}
REF: (242, 268) {'gn': 0.00581, 'gc': -0.06197, 'Gn': 0.0, 'Gc': -0.0, 'crossingsN': '', 'crossingsC': ''}
REF: (242, 269) {'gn': 0.00738, 'gc': -0.13651, 'Gn': 0.0, 'Gc': -0.0, 'crossingsN': '', 'crossingsC': ''}
REF: (242, 316) {'gn': 0.04337, 'gc': -0.05946, 'Gn': 0.0, 'Gc': -0.0, 'crossingsN': '', 'crossingsC': ''}
REF: (242, 317) {'gn': 0.04526, 'gc': -0.10475, 'Gn': 0.0, 'Gc': -0.0, 'crossingsN': '', 'crossingsC': ''}
REF: (243, 265) {'gn': 0.0052, 'gc': 0.00231, 'Gn': 0.0, 'Gc': 0.0, 'crossingsN': '', 'crossingsC': ''}
REF: (243, 266) {'gn': 0.00469, 'gc': -0.00456, 'Gn': 0.0, 'Gc': -0.0, 'crossingsN': '', 'crossingsC': ''}
REF: (243, 267) {'gn': 0.00608, 'gc': -0.10733, 'Gn': 0.0, 'Gc': -0.0, 'crossingsN': '', 'crossingsC': ''}
REF: (243, 268) {'gn': 0.0017, 'gc': -0.04478, 'Gn': 0.0, 'Gc': -0.0, 'crossingsN': '', 'crossingsC': ''}
REF: (243, 315) {'gn': 0.0686, 'gc': -0.09583, 'Gn': 0.0, 'Gc': -0.0, 'crossingsN': '', 'crossingsC': ''}
REF: (243, 316) {'gn': 0.07043, 'gc': -0.05572, 'Gn': 0.0, 'Gc': -0.0, 'crossingsN': '', 'crossingsC': ''}
REF: (243, 317) {'gn': 0.07268, 'gc': -0.10506, 'Gn': 0.0, 'Gc': -0.0, 'crossingsN': '', 'crossingsC': ''}
REF: (244, 265) {'gn': 0.01105, 'gc': -0.06161, 'Gn': 0.0, 'Gc': -0.0, 'crossingsN': '', 'crossingsC': ''}
REF: (244, 266) {'gn': 0.00906, 'gc': -0.06822, 'Gn': 0.0, 'Gc': -0.0, 'crossingsN': '', 'crossingsC': ''}
REF: (244, 267) {'gn': 0.0101, 'gc': -0.17055, 'Gn': 0.0, 'Gc': -0.0, 'crossingsN': '', 'crossingsC': ''}
REF: (245, 263) {'gn': 0.01188, 'gc': 0.02506, 'Gn': 0.0, 'Gc': 0.0, 'crossingsN': '', 'crossingsC': ''}
REF: (245, 264) {'gn': 0.01408, 'gc': 0.00377, 'Gn': 0.0, 'Gc': 0.0, 'crossingsN': '', 'crossingsC': ''}
REF: (245, 265) {'gn': 0.01496, 'gc': -0.08949, 'Gn': 0.0, 'Gc': -0.0, 'crossingsN': '', 'crossingsC': ''}
REF: (245, 266) {'gn': 0.01104, 'gc': -0.09731, 'Gn': 0.0, 'Gc': -0.0, 'crossingsN': '', 'crossingsC': ''}
REF: (245, 311) {'gn': 0.07611, 'gc': -0.07107, 'Gn': 0.0, 'Gc': -0.0, 'crossingsN': '', 'crossingsC': ''}
REF: (246, 250) {'gn': -0.00797, 'gc': 0.06831, 'Gn': -0.0, 'Gc': 0.0, 'crossingsN': '', 'crossingsC': ''}
REF: (246, 263) {'gn': 0.01189, 'gc': 0.00243, 'Gn': 0.0, 'Gc': 0.0, 'crossingsN': '', 'crossingsC': ''}
REF: (246, 264) {'gn': 0.01444, 'gc': -0.02126, 'Gn': 0.0, 'Gc': -0.0, 'crossingsN': '', 'crossingsC': ''}
REF: (246, 265) {'gn': 0.01663, 'gc': -0.11369, 'Gn': 0.0, 'Gc': -0.0, 'crossingsN': '', 'crossingsC': ''}
REF: (246, 266) {'gn': 0.00633, 'gc': -0.12274, 'Gn': 0.0, 'Gc': -0.0, 'crossingsN': '', 'crossingsC': ''}
REF: (247, 260) {'gn': 0.00483, 'gc': -0.02509, 'Gn': 0.0, 'Gc': -0.0, 'crossingsN': '', 'crossingsC': ''}
REF: (247, 262) {'gn': 0.01488, 'gc': -0.00665, 'Gn': 0.0, 'Gc': -0.0, 'crossingsN': '', 'crossingsC': ''}
REF: (247, 263) {'gn': 0.01674, 'gc': -0.01604, 'Gn': 0.0, 'Gc': -0.0, 'crossingsN': '', 'crossingsC': ''}
REF: (247, 264) {'gn': 0.01997, 'gc': -0.0405, 'Gn': 0.0, 'Gc': -0.0, 'crossingsN': '', 'crossingsC': ''}
REF: (248, 259) {'gn': 0.00182, 'gc': -0.02572, 'Gn': 0.0, 'Gc': -0.0, 'crossingsN': '', 'crossingsC': ''}
REF: (248, 260) {'gn': 0.01028, 'gc': -0.03149, 'Gn': 0.0, 'Gc': -0.0, 'crossingsN': '', 'crossingsC': ''}
REF: (248, 261) {'gn': 0.01525, 'gc': -0.0196, 'Gn': 0.0, 'Gc': -0.0, 'crossingsN': '', 'crossingsC': ''}
REF: (248, 262) {'gn': 0.01988, 'gc': -0.01682, 'Gn': 0.0, 'Gc': -0.0, 'crossingsN': '', 'crossingsC': ''}
REF: (248, 263) {'gn': 0.02025, 'gc': -0.02587, 'Gn': 0.0, 'Gc': -0.0, 'crossingsN': '', 'crossingsC': ''}
REF: (248, 264) {'gn': 0.02494, 'gc': -0.05129, 'Gn': 0.0, 'Gc': -0.0, 'crossingsN': '', 'crossingsC': ''}
REF: (249, 259) {'gn': 0.0051, 'gc': -0.02962, 'Gn': 0.0, 'Gc': -0.0, 'crossingsN': '', 'crossingsC': ''}
REF: (249, 260) {'gn': 0.0172, 'gc': -0.0339, 'Gn': 0.0, 'Gc': -0.0, 'crossingsN': '', 'crossingsC': ''}
REF: (249, 261) {'gn': 0.02501, 'gc': -0.02183, 'Gn': 0.0, 'Gc': -0.0, 'crossingsN': '', 'crossingsC': ''}
REF: (249, 262) {'gn': 0.03279, 'gc': -0.0199, 'Gn': 0.0, 'Gc': -0.0, 'crossingsN': '', 'crossingsC': ''}
REF: (250, 259) {'gn': 0.01724, 'gc': -0.03524, 'Gn': 0.0, 'Gc': -0.0, 'crossingsN': '', 'crossingsC': ''}
REF: (250, 260) {'gn': 0.03322, 'gc': -0.0352, 'Gn': 0.0, 'Gc': -0.0, 'crossingsN': '', 'crossingsC': ''}
REF: (251, 256) {'gn': -0.01397, 'gc': -0.01149, 'Gn': -0.0, 'Gc': -0.0, 'crossingsN': '', 'crossingsC': ''}
REF: (251, 257) {'gn': 0.00383, 'gc': -0.04836, 'Gn': 0.0, 'Gc': -0.0, 'crossingsN': '', 'crossingsC': ''}
REF: (251, 258) {'gn': 0.02115, 'gc': -0.0563, 'Gn': 0.0, 'Gc': -0.0, 'crossingsN': '', 'crossingsC': ''}
REF: (251, 259) {'gn': 0.02468, 'gc': -0.03462, 'Gn': 0.0, 'Gc': -0.0, 'crossingsN': '', 'crossingsC': ''}
REF: (251, 260) {'gn': 0.04295, 'gc': -0.03591, 'Gn': 0.0, 'Gc': -0.0, 'crossingsN': '', 'crossingsC': ''}
REF: (251, 298) {'gn': -0.24375, 'gc': -0.76832, 'Gn': -0.0, 'Gc': -1.0, 'crossingsN': '', 'crossingsC': ''}
REF: (252, 256) {'gn': -0.01634, 'gc': -0.01757, 'Gn': -0.0, 'Gc': -0.0, 'crossingsN': '', 'crossingsC': ''}
REF: (252, 257) {'gn': 0.00673, 'gc': -0.06116, 'Gn': 0.0, 'Gc': -0.0, 'crossingsN': '', 'crossingsC': ''}
REF: (252, 258) {'gn': 0.02842, 'gc': -0.06787, 'Gn': 0.0, 'Gc': -0.0, 'crossingsN': '', 'crossingsC': ''}
REF: (252, 259) {'gn': 0.03182, 'gc': -0.04932, 'Gn': 0.0, 'Gc': -0.0, 'crossingsN': '', 'crossingsC': ''}
REF: (252, 297) {'gn': -0.17342, 'gc': -0.89203, 'Gn': -0.0, 'Gc': -1.0, 'crossingsN': '', 'crossingsC': ''}
REF: (252, 298) {'gn': -0.21457, 'gc': -0.76728, 'Gn': -0.0, 'Gc': -1.0, 'crossingsN': '', 'crossingsC': ''}
REF: (252, 299) {'gn': -0.23334, 'gc': -0.57944, 'Gn': -0.0, 'Gc': -0.0, 'crossingsN': '', 'crossingsC': ''}
REF: (252, 306) {'gn': -0.17865, 'gc': -0.01138, 'Gn': -0.0, 'Gc': -0.0, 'crossingsN': '', 'crossingsC': ''}
REF: (253, 257) {'gn': 0.03041, 'gc': -0.08933, 'Gn': 0.0, 'Gc': -0.0, 'crossingsN': '', 'crossingsC': ''}
REF: (253, 258) {'gn': 0.05615, 'gc': -0.0949, 'Gn': 0.0, 'Gc': -0.0, 'crossingsN': '', 'crossingsC': ''}
REF: (253, 298) {'gn': -0.1788, 'gc': -0.78064, 'Gn': -0.0, 'Gc': -1.0, 'crossingsN': '', 'crossingsC': ''}
REF: (253, 299) {'gn': -0.19863, 'gc': -0.5865, 'Gn': -0.0, 'Gc': -0.0, 'crossingsN': '', 'crossingsC': ''}
REF: (254, 298) {'gn': -0.10317, 'gc': -0.79375, 'Gn': -0.0, 'Gc': -1.0, 'crossingsN': '', 'crossingsC': ''}
REF: (254, 299) {'gn': -0.12373, 'gc': -0.5912, 'Gn': -0.0, 'Gc': -0.0, 'crossingsN': '', 'crossingsC': ''}
REF: (256, 298) {'gn': -0.25537, 'gc': -0.78187, 'Gn': -0.0, 'Gc': -1.0, 'crossingsN': '', 'crossingsC': ''}
REF: (257, 298) {'gn': -0.37077, 'gc': -0.79499, 'Gn': -0.0, 'Gc': -1.0, 'crossingsN': '', 'crossingsC': ''}
REF: (257, 299) {'gn': -0.38233, 'gc': -0.59275, 'Gn': -0.0, 'Gc': -0.0, 'crossingsN': '', 'crossingsC': ''}
REF: (258, 283) {'gn': -0.27116, 'gc': -0.19288, 'Gn': -0.0, 'Gc': -0.0, 'crossingsN': '', 'crossingsC': ''}
REF: (258, 297) {'gn': -0.29907, 'gc': -0.92119, 'Gn': -0.0, 'Gc': -1.0, 'crossingsN': '', 'crossingsC': ''}
REF: (258, 298) {'gn': -0.31251, 'gc': -0.7893, 'Gn': -0.0, 'Gc': -1.0, 'crossingsN': '', 'crossingsC': ''}
REF: (260, 264) {'gn': 0.06696, 'gc': -0.04427, 'Gn': 0.0, 'Gc': -0.0, 'crossingsN': '', 'crossingsC': ''}
REF: (263, 311) {'gn': -0.12107, 'gc': -0.04893, 'Gn': -0.0, 'Gc': -0.0, 'crossingsN': '', 'crossingsC': ''}
REF: (264, 308) {'gn': -0.18975, 'gc': -0.05322, 'Gn': -0.0, 'Gc': -0.0, 'crossingsN': '', 'crossingsC': ''}
REF: (264, 309) {'gn': -0.12673, 'gc': -0.0876, 'Gn': -0.0, 'Gc': -0.0, 'crossingsN': '', 'crossingsC': ''}
REF: (264, 310) {'gn': -0.08659, 'gc': -0.06528, 'Gn': -0.0, 'Gc': -0.0, 'crossingsN': '', 'crossingsC': ''}
REF: (264, 311) {'gn': -0.04369, 'gc': -0.05404, 'Gn': -0.0, 'Gc': -0.0, 'crossingsN': '', 'crossingsC': ''}
REF: (264, 312) {'gn': -0.01252, 'gc': -0.05339, 'Gn': -0.0, 'Gc': -0.0, 'crossingsN': '', 'crossingsC': ''}
REF: (265, 308) {'gn': -0.15297, 'gc': -0.066, 'Gn': -0.0, 'Gc': -0.0, 'crossingsN': '', 'crossingsC': ''}
REF: (265, 309) {'gn': -0.08876, 'gc': -0.09579, 'Gn': -0.0, 'Gc': -0.0, 'crossingsN': '', 'crossingsC': ''}
REF: (265, 310) {'gn': -0.04899, 'gc': -0.0751, 'Gn': -0.0, 'Gc': -0.0, 'crossingsN': '', 'crossingsC': ''}
REF: (265, 311) {'gn': -0.00397, 'gc': -0.06363, 'Gn': -0.0, 'Gc': -0.0, 'crossingsN': '', 'crossingsC': ''}
REF: (265, 312) {'gn': 0.0271, 'gc': -0.06281, 'Gn': 0.0, 'Gc': -0.0, 'crossingsN': '', 'crossingsC': ''}
REF: (265, 313) {'gn': 0.00389, 'gc': -0.07131, 'Gn': 0.0, 'Gc': -0.0, 'crossingsN': '', 'crossingsC': ''}
REF: (266, 306) {'gn': -0.1657, 'gc': -0.0023, 'Gn': -0.0, 'Gc': -0.0, 'crossingsN': '', 'crossingsC': ''}
REF: (266, 307) {'gn': -0.08139, 'gc': -0.05612, 'Gn': -0.0, 'Gc': -0.0, 'crossingsN': '', 'crossingsC': ''}
REF: (266, 308) {'gn': -0.02454, 'gc': -0.07096, 'Gn': -0.0, 'Gc': -0.0, 'crossingsN': '', 'crossingsC': ''}
REF: (266, 309) {'gn': 0.04384, 'gc': -0.10148, 'Gn': 0.0, 'Gc': -0.0, 'crossingsN': '', 'crossingsC': ''}
REF: (266, 310) {'gn': 0.08713, 'gc': -0.09203, 'Gn': 0.0, 'Gc': -0.0, 'crossingsN': '', 'crossingsC': ''}
REF: (267, 306) {'gn': -0.14847, 'gc': -0.00745, 'Gn': -0.0, 'Gc': -0.0, 'crossingsN': '', 'crossingsC': ''}
REF: (267, 307) {'gn': -0.06873, 'gc': -0.05741, 'Gn': -0.0, 'Gc': -0.0, 'crossingsN': '', 'crossingsC': ''}
REF: (267, 308) {'gn': -0.01462, 'gc': -0.07828, 'Gn': -0.0, 'Gc': -0.0, 'crossingsN': '', 'crossingsC': ''}
REF: (267, 309) {'gn': 0.05117, 'gc': -0.10727, 'Gn': 0.0, 'Gc': -0.0, 'crossingsN': '', 'crossingsC': ''}
REF: (267, 315) {'gn': 0.1619, 'gc': -0.09629, 'Gn': 0.0, 'Gc': -0.0, 'crossingsN': '', 'crossingsC': ''}
REF: (268, 304) {'gn': -0.13635, 'gc': 0.00254, 'Gn': -0.0, 'Gc': 0.0, 'crossingsN': '', 'crossingsC': ''}
REF: (268, 305) {'gn': -0.05891, 'gc': -0.01956, 'Gn': -0.0, 'Gc': -0.0, 'crossingsN': '', 'crossingsC': ''}
REF: (268, 306) {'gn': -0.00927, 'gc': -0.05188, 'Gn': -0.0, 'Gc': -0.0, 'crossingsN': '', 'crossingsC': ''}
REF: (268, 307) {'gn': 0.06588, 'gc': -0.10078, 'Gn': 0.0, 'Gc': -0.0, 'crossingsN': '', 'crossingsC': ''}
REF: (269, 304) {'gn': -0.10291, 'gc': -0.02048, 'Gn': -0.0, 'Gc': -0.0, 'crossingsN': '', 'crossingsC': ''}
REF: (269, 305) {'gn': -0.02715, 'gc': -0.04417, 'Gn': -0.0, 'Gc': -0.0, 'crossingsN': '', 'crossingsC': ''}
REF: (269, 306) {'gn': 0.0225, 'gc': -0.07907, 'Gn': 0.0, 'Gc': -0.0, 'crossingsN': '', 'crossingsC': ''}
REF: (269, 307) {'gn': 0.09456, 'gc': -0.12815, 'Gn': 0.0, 'Gc': -0.0, 'crossingsN': '', 'crossingsC': ''}
REF: (269, 321) {'gn': 0.14795, 'gc': 0.03149, 'Gn': 0.0, 'Gc': 0.0, 'crossingsN': '', 'crossingsC': ''}
REF: (270, 303) {'gn': 0.00603, 'gc': -0.09394, 'Gn': 0.0, 'Gc': -0.0, 'crossingsN': '', 'crossingsC': ''}
REF: (270, 304) {'gn': 0.05023, 'gc': -0.08019, 'Gn': 0.0, 'Gc': -0.0, 'crossingsN': '', 'crossingsC': ''}
REF: (270, 305) {'gn': 0.12392, 'gc': -0.10411, 'Gn': 0.0, 'Gc': -0.0, 'crossingsN': '', 'crossingsC': ''}
REF: (271, 275) {'gn': -0.03296, 'gc': 0.07597, 'Gn': -0.0, 'Gc': 0.0, 'crossingsN': '', 'crossingsC': ''}
REF: (271, 277) {'gn': 0.03011, 'gc': 0.0066, 'Gn': 0.0, 'Gc': 0.0, 'crossingsN': '', 'crossingsC': ''}
REF: (271, 302) {'gn': -0.00557, 'gc': -0.11066, 'Gn': -0.0, 'Gc': -0.0, 'crossingsN': '', 'crossingsC': ''}
REF: (271, 303) {'gn': -0.01855, 'gc': -0.09897, 'Gn': -0.0, 'Gc': -0.0, 'crossingsN': '', 'crossingsC': ''}
REF: (271, 304) {'gn': 0.02567, 'gc': -0.08434, 'Gn': 0.0, 'Gc': -0.0, 'crossingsN': '', 'crossingsC': ''}
REF: (271, 305) {'gn': 0.09958, 'gc': -0.10706, 'Gn': 0.0, 'Gc': -0.0, 'crossingsN': '', 'crossingsC': ''}
REF: (272, 276) {'gn': -0.00629, 'gc': 0.16289, 'Gn': -0.0, 'Gc': 0.0, 'crossingsN': '', 'crossingsC': ''}
REF: (272, 277) {'gn': 0.02381, 'gc': 0.13071, 'Gn': 0.0, 'Gc': 0.0, 'crossingsN': '', 'crossingsC': ''}
REF: (272, 278) {'gn': 0.03686, 'gc': 0.08654, 'Gn': 0.0, 'Gc': 0.0, 'crossingsN': '', 'crossingsC': ''}
REF: (272, 279) {'gn': 0.0371, 'gc': 0.0543, 'Gn': 0.0, 'Gc': 0.0, 'crossingsN': '', 'crossingsC': ''}
REF: (272, 300) {'gn': 0.08991, 'gc': -0.18981, 'Gn': 0.0, 'Gc': -0.0, 'crossingsN': '', 'crossingsC': ''}
REF: (272, 301) {'gn': 0.04985, 'gc': -0.1579, 'Gn': 0.0, 'Gc': -0.0, 'crossingsN': '', 'crossingsC': ''}
REF: (272, 302) {'gn': 0.01736, 'gc': -0.07371, 'Gn': 0.0, 'Gc': -0.0, 'crossingsN': '', 'crossingsC': ''}
REF: (272, 303) {'gn': 0.00601, 'gc': -0.0616, 'Gn': 0.0, 'Gc': -0.0, 'crossingsN': '', 'crossingsC': ''}
REF: (272, 304) {'gn': 0.04941, 'gc': -0.04659, 'Gn': 0.0, 'Gc': -0.0, 'crossingsN': '', 'crossingsC': ''}
REF: (272, 305) {'gn': 0.11566, 'gc': -0.06779, 'Gn': 0.0, 'Gc': -0.0, 'crossingsN': '', 'crossingsC': ''}
REF: (273, 277) {'gn': 0.02551, 'gc': 0.06296, 'Gn': 0.0, 'Gc': 0.0, 'crossingsN': '', 'crossingsC': ''}
REF: (273, 278) {'gn': 0.04148, 'gc': 0.01509, 'Gn': 0.0, 'Gc': 0.0, 'crossingsN': '', 'crossingsC': ''}
REF: (273, 279) {'gn': 0.04499, 'gc': -0.02074, 'Gn': 0.0, 'Gc': -0.0, 'crossingsN': '', 'crossingsC': ''}
REF: (273, 300) {'gn': 0.10096, 'gc': -0.1669, 'Gn': 0.0, 'Gc': -0.0, 'crossingsN': '', 'crossingsC': ''}
REF: (273, 301) {'gn': 0.06329, 'gc': -0.13854, 'Gn': 0.0, 'Gc': -0.0, 'crossingsN': '', 'crossingsC': ''}
REF: (273, 302) {'gn': 0.02951, 'gc': -0.05395, 'Gn': 0.0, 'Gc': -0.0, 'crossingsN': '', 'crossingsC': ''}
REF: (273, 303) {'gn': 0.01722, 'gc': -0.04284, 'Gn': 0.0, 'Gc': -0.0, 'crossingsN': '', 'crossingsC': ''}
REF: (273, 304) {'gn': 0.06126, 'gc': -0.02729, 'Gn': 0.0, 'Gc': -0.0, 'crossingsN': '', 'crossingsC': ''}
REF: (274, 302) {'gn': 0.08032, 'gc': -0.05966, 'Gn': 0.0, 'Gc': -0.0, 'crossingsN': '', 'crossingsC': ''}
REF: (274, 303) {'gn': 0.07434, 'gc': -0.04754, 'Gn': 0.0, 'Gc': -0.0, 'crossingsN': '', 'crossingsC': ''}
REF: (274, 349) {'gn': -0.1791, 'gc': 0, 'Gn': -0.0, 'Gc': 0.0, 'crossingsN': '', 'crossingsC': ''}
REF: (274, 351) {'gn': -0.20497, 'gc': 0, 'Gn': -0.0, 'Gc': 0.0, 'crossingsN': '', 'crossingsC': ''}
REF: (275, 302) {'gn': 0.08868, 'gc': -0.14818, 'Gn': 0.0, 'Gc': -0.0, 'crossingsN': '', 'crossingsC': ''}
REF: (275, 303) {'gn': 0.08655, 'gc': -0.13748, 'Gn': 0.0, 'Gc': -0.0, 'crossingsN': '', 'crossingsC': ''}
REF: (275, 348) {'gn': -0.09479, 'gc': 0, 'Gn': -0.0, 'Gc': 0.0, 'crossingsN': '', 'crossingsC': ''}
REF: (275, 349) {'gn': -0.10857, 'gc': 0, 'Gn': -0.0, 'Gc': 0.0, 'crossingsN': '', 'crossingsC': ''}
REF: (275, 350) {'gn': -0.13088, 'gc': 0, 'Gn': -0.0, 'Gc': 0.0, 'crossingsN': '', 'crossingsC': ''}
REF: (275, 351) {'gn': -0.13572, 'gc': 0, 'Gn': -0.0, 'Gc': 0.0, 'crossingsN': '', 'crossingsC': ''}
REF: (275, 352) {'gn': -0.14621, 'gc': 0, 'Gn': -0.0, 'Gc': 0.0, 'crossingsN': '', 'crossingsC': ''}
REF: (276, 344) {'gn': -0.1491, 'gc': 0.00464, 'Gn': -0.0, 'Gc': 0.0, 'crossingsN': '', 'crossingsC': ''}
REF: (276, 347) {'gn': -0.16708, 'gc': 0, 'Gn': -0.0, 'Gc': 0.0, 'crossingsN': '', 'crossingsC': ''}
REF: (276, 348) {'gn': -0.19244, 'gc': 0, 'Gn': -0.0, 'Gc': 0.0, 'crossingsN': '', 'crossingsC': ''}
REF: (276, 349) {'gn': -0.20919, 'gc': 0, 'Gn': -0.0, 'Gc': 0.0, 'crossingsN': '', 'crossingsC': ''}
REF: (277, 344) {'gn': -0.25382, 'gc': 0.01303, 'Gn': -0.0, 'Gc': 0.0, 'crossingsN': '', 'crossingsC': ''}
REF: (277, 348) {'gn': -0.30995, 'gc': 0, 'Gn': -0.0, 'Gc': 0.0, 'crossingsN': '', 'crossingsC': ''}
REF: (278, 300) {'gn': 0.11637, 'gc': -0.15012, 'Gn': 0.0, 'Gc': -0.0, 'crossingsN': '', 'crossingsC': ''}
REF: (278, 337) {'gn': -0.12563, 'gc': 0.04813, 'Gn': -0.0, 'Gc': 0.0, 'crossingsN': '', 'crossingsC': ''}
REF: (278, 344) {'gn': -0.17076, 'gc': 0.01344, 'Gn': -0.0, 'Gc': 0.0, 'crossingsN': '', 'crossingsC': ''}
REF: (279, 299) {'gn': 0.11228, 'gc': -0.15202, 'Gn': 0.0, 'Gc': -0.0, 'crossingsN': '', 'crossingsC': ''}
REF: (279, 300) {'gn': 0.06721, 'gc': -0.0944, 'Gn': 0.0, 'Gc': -0.0, 'crossingsN': '', 'crossingsC': ''}
REF: (279, 301) {'gn': 0.10296, 'gc': -0.07687, 'Gn': 0.0, 'Gc': -0.0, 'crossingsN': '', 'crossingsC': ''}
REF: (280, 300) {'gn': 0.05469, 'gc': -0.06851, 'Gn': 0.0, 'Gc': -0.0, 'crossingsN': '', 'crossingsC': ''}
REF: (280, 337) {'gn': -0.11721, 'gc': 0.05835, 'Gn': -0.0, 'Gc': 0.0, 'crossingsN': '', 'crossingsC': ''}
REF: (280, 338) {'gn': -0.1188, 'gc': 0.08509, 'Gn': -0.0, 'Gc': 0.0, 'crossingsN': '', 'crossingsC': ''}
REF: (280, 339) {'gn': -0.13005, 'gc': 0.04674, 'Gn': -0.0, 'Gc': 0.0, 'crossingsN': '', 'crossingsC': ''}
REF: (281, 285) {'gn': -0.00115, 'gc': -0.03087, 'Gn': -0.0, 'Gc': -0.0, 'crossingsN': '', 'crossingsC': ''}
REF: (281, 299) {'gn': 0.10513, 'gc': -0.1511, 'Gn': 0.0, 'Gc': -0.0, 'crossingsN': '', 'crossingsC': ''}
REF: (281, 300) {'gn': 0.0581, 'gc': -0.08547, 'Gn': 0.0, 'Gc': -0.0, 'crossingsN': '', 'crossingsC': ''}
REF: (281, 336) {'gn': -0.12824, 'gc': 0.03231, 'Gn': -0.0, 'Gc': 0.0, 'crossingsN': '', 'crossingsC': ''}
REF: (281, 337) {'gn': -0.12838, 'gc': 0.03979, 'Gn': -0.0, 'Gc': 0.0, 'crossingsN': '', 'crossingsC': ''}
REF: (282, 296) {'gn': 0.02545, 'gc': 0.03304, 'Gn': 0.0, 'Gc': 0.0, 'crossingsN': '', 'crossingsC': ''}
REF: (282, 297) {'gn': 0.09467, 'gc': -0.07888, 'Gn': 0.0, 'Gc': -0.0, 'crossingsN': '', 'crossingsC': ''}
REF: (282, 298) {'gn': 0.15226, 'gc': -0.09575, 'Gn': 0.0, 'Gc': -0.0, 'crossingsN': '', 'crossingsC': ''}
REF: (282, 299) {'gn': 0.08856, 'gc': -0.08725, 'Gn': 0.0, 'Gc': -0.0, 'crossingsN': '', 'crossingsC': ''}
REF: (282, 336) {'gn': -0.21006, 'gc': 0.03426, 'Gn': -0.0, 'Gc': 0.0, 'crossingsN': '', 'crossingsC': ''}
REF: (282, 337) {'gn': -0.21262, 'gc': 0.04052, 'Gn': -0.0, 'Gc': 0.0, 'crossingsN': '', 'crossingsC': ''}
REF: (283, 295) {'gn': -0.01624, 'gc': 0.03438, 'Gn': -0.0, 'Gc': 0.0, 'crossingsN': '', 'crossingsC': ''}
REF: (283, 296) {'gn': 0.00303, 'gc': 0.0568, 'Gn': 0.0, 'Gc': 0.0, 'crossingsN': '', 'crossingsC': ''}
REF: (283, 297) {'gn': 0.07724, 'gc': -0.05805, 'Gn': 0.0, 'Gc': -0.0, 'crossingsN': '', 'crossingsC': ''}
REF: (283, 298) {'gn': 0.13993, 'gc': -0.0756, 'Gn': 0.0, 'Gc': -0.0, 'crossingsN': '', 'crossingsC': ''}
REF: (283, 299) {'gn': 0.08058, 'gc': -0.06973, 'Gn': 0.0, 'Gc': -0.0, 'crossingsN': '', 'crossingsC': ''}
REF: (284, 295) {'gn': 0.01994, 'gc': 0.02446, 'Gn': 0.0, 'Gc': 0.0, 'crossingsN': '', 'crossingsC': ''}
REF: (284, 296) {'gn': 0.04139, 'gc': 0.04554, 'Gn': 0.0, 'Gc': 0.0, 'crossingsN': '', 'crossingsC': ''}
REF: (284, 297) {'gn': 0.11559, 'gc': -0.06734, 'Gn': 0.0, 'Gc': -0.0, 'crossingsN': '', 'crossingsC': ''}
REF: (285, 295) {'gn': 0.05, 'gc': -0.04147, 'Gn': 0.0, 'Gc': -0.0, 'crossingsN': '', 'crossingsC': ''}
REF: (285, 296) {'gn': 0.07374, 'gc': -0.02031, 'Gn': 0.0, 'Gc': -0.0, 'crossingsN': '', 'crossingsC': ''}
REF: (285, 333) {'gn': -0.18479, 'gc': 0.0541, 'Gn': -0.0, 'Gc': 0.0, 'crossingsN': '', 'crossingsC': ''}
REF: (285, 336) {'gn': -0.16546, 'gc': 0.01268, 'Gn': -0.0, 'Gc': 0.0, 'crossingsN': '', 'crossingsC': ''}
REF: (285, 337) {'gn': -0.17731, 'gc': 0.02203, 'Gn': -0.0, 'Gc': 0.0, 'crossingsN': '', 'crossingsC': ''}
REF: (286, 293) {'gn': 0.02558, 'gc': -0.07517, 'Gn': 0.0, 'Gc': -0.0, 'crossingsN': '', 'crossingsC': ''}
REF: (286, 294) {'gn': 0.04272, 'gc': -0.03433, 'Gn': 0.0, 'Gc': -0.0, 'crossingsN': '', 'crossingsC': ''}
REF: (286, 295) {'gn': 0.06153, 'gc': -0.05935, 'Gn': 0.0, 'Gc': -0.0, 'crossingsN': '', 'crossingsC': ''}
REF: (286, 296) {'gn': 0.08419, 'gc': -0.04096, 'Gn': 0.0, 'Gc': -0.0, 'crossingsN': '', 'crossingsC': ''}
REF: (286, 323) {'gn': -0.1899, 'gc': 0.06114, 'Gn': -0.0, 'Gc': 0.0, 'crossingsN': '', 'crossingsC': ''}
REF: (286, 333) {'gn': -0.21939, 'gc': 0.03903, 'Gn': -0.0, 'Gc': 0.0, 'crossingsN': '', 'crossingsC': ''}
REF: (287, 292) {'gn': 0.03679, 'gc': -0.16805, 'Gn': 0.0, 'Gc': -0.0, 'crossingsN': '', 'crossingsC': ''}
REF: (287, 293) {'gn': 0.02984, 'gc': -0.13547, 'Gn': 0.0, 'Gc': -0.0, 'crossingsN': '', 'crossingsC': ''}
REF: (287, 294) {'gn': 0.0511, 'gc': -0.09872, 'Gn': 0.0, 'Gc': -0.0, 'crossingsN': '', 'crossingsC': ''}
REF: (287, 295) {'gn': 0.07101, 'gc': -0.12362, 'Gn': 0.0, 'Gc': -0.0, 'crossingsN': '', 'crossingsC': ''}
REF: (287, 296) {'gn': 0.10465, 'gc': -0.10803, 'Gn': 0.0, 'Gc': -0.0, 'crossingsN': '', 'crossingsC': ''}
REF: (287, 307) {'gn': 0.06766, 'gc': -0.02603, 'Gn': 0.0, 'Gc': -0.0, 'crossingsN': '', 'crossingsC': ''}
REF: (287, 321) {'gn': -0.08135, 'gc': 0.0305, 'Gn': -0.0, 'Gc': 0.0, 'crossingsN': '', 'crossingsC': ''}
REF: (287, 322) {'gn': -0.09247, 'gc': 0.0582, 'Gn': -0.0, 'Gc': 0.0, 'crossingsN': '', 'crossingsC': ''}
REF: (287, 323) {'gn': -0.16556, 'gc': 0.03721, 'Gn': -0.0, 'Gc': 0.0, 'crossingsN': '', 'crossingsC': ''}
REF: (287, 324) {'gn': -0.17565, 'gc': 0.08305, 'Gn': -0.0, 'Gc': 0.0, 'crossingsN': '', 'crossingsC': ''}
REF: (287, 328) {'gn': -0.15303, 'gc': 0.08049, 'Gn': -0.0, 'Gc': 0.0, 'crossingsN': '', 'crossingsC': ''}
REF: (288, 292) {'gn': 0.02235, 'gc': -0.0979, 'Gn': 0.0, 'Gc': -0.0, 'crossingsN': '', 'crossingsC': ''}
REF: (288, 293) {'gn': 0.01408, 'gc': -0.06723, 'Gn': 0.0, 'Gc': -0.0, 'crossingsN': '', 'crossingsC': ''}
REF: (288, 294) {'gn': 0.03746, 'gc': -0.0325, 'Gn': 0.0, 'Gc': -0.0, 'crossingsN': '', 'crossingsC': ''}
REF: (288, 321) {'gn': -0.08587, 'gc': 0.01168, 'Gn': -0.0, 'Gc': 0.0, 'crossingsN': '', 'crossingsC': ''}
REF: (288, 322) {'gn': -0.09963, 'gc': 0.04302, 'Gn': -0.0, 'Gc': 0.0, 'crossingsN': '', 'crossingsC': ''}
REF: (288, 323) {'gn': -0.17227, 'gc': 0.02619, 'Gn': -0.0, 'Gc': 0.0, 'crossingsN': '', 'crossingsC': ''}
REF: (288, 328) {'gn': -0.1679, 'gc': 0.06998, 'Gn': -0.0, 'Gc': 0.0, 'crossingsN': '', 'crossingsC': ''}
REF: (289, 293) {'gn': -0.0031, 'gc': -0.09289, 'Gn': -0.0, 'Gc': -0.0, 'crossingsN': '', 'crossingsC': ''}
REF: (289, 294) {'gn': 0.02421, 'gc': -0.06173, 'Gn': 0.0, 'Gc': -0.0, 'crossingsN': '', 'crossingsC': ''}
REF: (289, 315) {'gn': 0.0098, 'gc': 0.05081, 'Gn': 0.0, 'Gc': 0.0, 'crossingsN': '', 'crossingsC': ''}
REF: (289, 319) {'gn': 0.03444, 'gc': 0.00761, 'Gn': 0.0, 'Gc': 0.0, 'crossingsN': '', 'crossingsC': ''}
REF: (289, 320) {'gn': 0.02025, 'gc': 0.02288, 'Gn': 0.0, 'Gc': 0.0, 'crossingsN': '', 'crossingsC': ''}
REF: (289, 321) {'gn': -0.06514, 'gc': 0.0168, 'Gn': -0.0, 'Gc': 0.0, 'crossingsN': '', 'crossingsC': ''}
REF: (289, 322) {'gn': -0.08294, 'gc': 0.05046, 'Gn': -0.0, 'Gc': 0.0, 'crossingsN': '', 'crossingsC': ''}
REF: (290, 315) {'gn': -0.0801, 'gc': 0.08172, 'Gn': -0.0, 'Gc': 0.0, 'crossingsN': '', 'crossingsC': ''}
REF: (290, 319) {'gn': -0.05711, 'gc': 0.00812, 'Gn': -0.0, 'Gc': 0.0, 'crossingsN': '', 'crossingsC': ''}
REF: (290, 320) {'gn': -0.0704, 'gc': 0.01837, 'Gn': -0.0, 'Gc': 0.0, 'crossingsN': '', 'crossingsC': ''}
REF: (290, 321) {'gn': -0.15624, 'gc': 0.00382, 'Gn': -0.0, 'Gc': 0.0, 'crossingsN': '', 'crossingsC': ''}
REF: (291, 321) {'gn': -0.17477, 'gc': -0.00288, 'Gn': -0.0, 'Gc': -0.0, 'crossingsN': '', 'crossingsC': ''}
REF: (291, 322) {'gn': -0.19595, 'gc': 0.03052, 'Gn': -0.0, 'Gc': 0.0, 'crossingsN': '', 'crossingsC': ''}
REF: (291, 327) {'gn': -0.25844, 'gc': 0.09739, 'Gn': -0.0, 'Gc': 0.0, 'crossingsN': '', 'crossingsC': ''}
REF: (294, 307) {'gn': -0.11222, 'gc': 0.06364, 'Gn': -0.0, 'Gc': 0.0, 'crossingsN': '', 'crossingsC': ''}
REF: (294, 308) {'gn': -0.03361, 'gc': 0.02831, 'Gn': -0.0, 'Gc': 0.0, 'crossingsN': '', 'crossingsC': ''}
REF: (294, 309) {'gn': -0.09148, 'gc': 0.00409, 'Gn': -0.0, 'Gc': 0.0, 'crossingsN': '', 'crossingsC': ''}
REF: (295, 307) {'gn': -0.06263, 'gc': 0.02979, 'Gn': -0.0, 'Gc': 0.0, 'crossingsN': '', 'crossingsC': ''}
REF: (295, 308) {'gn': 0.01823, 'gc': -0.00248, 'Gn': 0.0, 'Gc': -0.0, 'crossingsN': '', 'crossingsC': ''}
REF: (296, 305) {'gn': -0.00334, 'gc': 0.06722, 'Gn': -0.0, 'Gc': 0.0, 'crossingsN': '', 'crossingsC': ''}
REF: (296, 306) {'gn': 0.08444, 'gc': 0.03095, 'Gn': 0.0, 'Gc': 0.0, 'crossingsN': '', 'crossingsC': ''}
REF: (296, 307) {'gn': 0.05065, 'gc': -0.01313, 'Gn': 0.0, 'Gc': -0.0, 'crossingsN': '', 'crossingsC': ''}
REF: (296, 308) {'gn': 0.12534, 'gc': -0.04235, 'Gn': 0.0, 'Gc': -0.0, 'crossingsN': '', 'crossingsC': ''}
REF: (297, 305) {'gn': -0.15597, 'gc': 0.06836, 'Gn': -0.0, 'Gc': 0.0, 'crossingsN': '', 'crossingsC': ''}
REF: (297, 306) {'gn': -0.07091, 'gc': 0.03375, 'Gn': -0.0, 'Gc': 0.0, 'crossingsN': '', 'crossingsC': ''}
REF: (297, 307) {'gn': -0.10514, 'gc': -0.00902, 'Gn': -0.0, 'Gc': -0.0, 'crossingsN': '', 'crossingsC': ''}
REF: (297, 308) {'gn': -0.03379, 'gc': -0.03554, 'Gn': -0.0, 'Gc': -0.0, 'crossingsN': '', 'crossingsC': ''}
REF: (298, 306) {'gn': -0.14759, 'gc': 0.02184, 'Gn': -0.0, 'Gc': 0.0, 'crossingsN': '', 'crossingsC': ''}
REF: (299, 305) {'gn': -0.15859, 'gc': 0.04129, 'Gn': -0.0, 'Gc': 0.0, 'crossingsN': '', 'crossingsC': ''}
REF: (300, 304) {'gn': 0.04302, 'gc': 0.03767, 'Gn': 0.0, 'Gc': 0.0, 'crossingsN': '', 'crossingsC': ''}
REF: (300, 305) {'gn': -0.05171, 'gc': 0.01104, 'Gn': -0.0, 'Gc': 0.0, 'crossingsN': '', 'crossingsC': ''}
REF: (300, 306) {'gn': 0.01782, 'gc': -0.02211, 'Gn': 0.0, 'Gc': -0.0, 'crossingsN': '', 'crossingsC': ''}
REF: (301, 305) {'gn': -0.12022, 'gc': -0.00164, 'Gn': -0.0, 'Gc': -0.0, 'crossingsN': '', 'crossingsC': ''}
REF: (309, 313) {'gn': -0.03846, 'gc': -0.01642, 'Gn': -0.0, 'Gc': -0.0, 'crossingsN': '', 'crossingsC': ''}
REF: (309, 315) {'gn': -0.02623, 'gc': -0.00421, 'Gn': -0.0, 'Gc': -0.0, 'crossingsN': '', 'crossingsC': ''}
REF: (315, 319) {'gn': 0.00415, 'gc': 0.01915, 'Gn': 0.0, 'Gc': 0.0, 'crossingsN': '', 'crossingsC': ''}
REF: (322, 326) {'gn': -0.04323, 'gc': 0.08509, 'Gn': -0.0, 'Gc': 0.0, 'crossingsN': '', 'crossingsC': ''}
REF: (322, 328) {'gn': -0.11373, 'gc': 0.05042, 'Gn': -0.0, 'Gc': 0.0, 'crossingsN': '', 'crossingsC': ''}
REF: (323, 328) {'gn': -0.06554, 'gc': 0.05896, 'Gn': -0.0, 'Gc': 0.0, 'crossingsN': '', 'crossingsC': ''}
REF: (324, 328) {'gn': -0.02535, 'gc': 0.01741, 'Gn': -0.0, 'Gc': 0.0, 'crossingsN': '', 'crossingsC': ''}
REF: (324, 329) {'gn': -0.05051, 'gc': 0.04975, 'Gn': -0.0, 'Gc': 0.0, 'crossingsN': '', 'crossingsC': ''}
REF: (324, 330) {'gn': -0.06611, 'gc': 0.03892, 'Gn': -0.0, 'Gc': 0.0, 'crossingsN': '', 'crossingsC': ''}
REF: (324, 333) {'gn': -0.03424, 'gc': -0.00904, 'Gn': -0.0, 'Gc': -0.0, 'crossingsN': '', 'crossingsC': ''}
REF: (325, 329) {'gn': -0.09883, 'gc': 0.01893, 'Gn': -0.0, 'Gc': 0.0, 'crossingsN': '', 'crossingsC': ''}
REF: (325, 330) {'gn': -0.11302, 'gc': 0.00522, 'Gn': -0.0, 'Gc': 0.0, 'crossingsN': '', 'crossingsC': ''}
REF: (328, 332) {'gn': -0.05264, 'gc': 0.00961, 'Gn': -0.0, 'Gc': 0.0, 'crossingsN': '', 'crossingsC': ''}
REF: (328, 333) {'gn': -0.01175, 'gc': -0.02779, 'Gn': -0.0, 'Gc': -0.0, 'crossingsN': '', 'crossingsC': ''}
REF: (329, 333) {'gn': 0.034, 'gc': -0.04575, 'Gn': 0.0, 'Gc': -0.0, 'crossingsN': '', 'crossingsC': ''}
REF: (330, 334) {'gn': -0.00567, 'gc': -0.04064, 'Gn': -0.0, 'Gc': -0.0, 'crossingsN': '', 'crossingsC': ''}
REF: (330, 341) {'gn': -0.00606, 'gc': -0.00675, 'Gn': -0.0, 'Gc': -0.0, 'crossingsN': '', 'crossingsC': ''}
REF: (330, 344) {'gn': 0.02277, 'gc': 0.00122, 'Gn': 0.0, 'Gc': 0.0, 'crossingsN': '', 'crossingsC': ''}
REF: (330, 345) {'gn': 0.03667, 'gc': 0.01031, 'Gn': 0.0, 'Gc': 0.0, 'crossingsN': '', 'crossingsC': ''}
REF: (331, 335) {'gn': 0.02606, 'gc': -0.05041, 'Gn': 0.0, 'Gc': -0.0, 'crossingsN': '', 'crossingsC': ''}
REF: (331, 341) {'gn': 0.04511, 'gc': -0.00647, 'Gn': 0.0, 'Gc': -0.0, 'crossingsN': '', 'crossingsC': ''}
REF: (332, 336) {'gn': 0.01988, 'gc': -0.03341, 'Gn': 0.0, 'Gc': -0.0, 'crossingsN': '', 'crossingsC': ''}
REF: (333, 337) {'gn': 0.00231, 'gc': -0.02235, 'Gn': 0.0, 'Gc': -0.0, 'crossingsN': '', 'crossingsC': ''}
REF: (333, 339) {'gn': -0.01915, 'gc': -0.02286, 'Gn': -0.0, 'Gc': -0.0, 'crossingsN': '', 'crossingsC': ''}
REF: (333, 341) {'gn': -0.02093, 'gc': 0.00883, 'Gn': -0.0, 'Gc': 0.0, 'crossingsN': '', 'crossingsC': ''}
REF: (334, 338) {'gn': -0.00352, 'gc': -0.01889, 'Gn': -0.0, 'Gc': -0.0, 'crossingsN': '', 'crossingsC': ''}
REF: (334, 339) {'gn': 0.01101, 'gc': -0.01641, 'Gn': 0.0, 'Gc': -0.0, 'crossingsN': '', 'crossingsC': ''}
REF: (334, 340) {'gn': 0.01154, 'gc': -0.01121, 'Gn': 0.0, 'Gc': -0.0, 'crossingsN': '', 'crossingsC': ''}
REF: (334, 341) {'gn': 0.01167, 'gc': 0.00525, 'Gn': 0.0, 'Gc': 0.0, 'crossingsN': '', 'crossingsC': ''}
REF: (334, 344) {'gn': 0.03654, 'gc': 0.00465, 'Gn': 0.0, 'Gc': 0.0, 'crossingsN': '', 'crossingsC': ''}
REF: (335, 339) {'gn': 0.04111, 'gc': -0.01191, 'Gn': 0.0, 'Gc': -0.0, 'crossingsN': '', 'crossingsC': ''}
REF: (339, 343) {'gn': 0.00538, 'gc': 0.01166, 'Gn': 0.0, 'Gc': 0.0, 'crossingsN': '', 'crossingsC': ''}
REF: (339, 344) {'gn': -0.00039, 'gc': 0.00538, 'Gn': -0.0, 'Gc': 0.0, 'crossingsN': '', 'crossingsC': ''}
REF: (340, 344) {'gn': -0.0083, 'gc': 0.00028, 'Gn': -0.0, 'Gc': 0.0, 'crossingsN': '', 'crossingsC': ''}
REF: (341, 345) {'gn': 0.01351, 'gc': 0.00432, 'Gn': 0.0, 'Gc': 0.0, 'crossingsN': '', 'crossingsC': ''}
REF: (342, 346) {'gn': -0.03605, 'gc': 0.00516, 'Gn': -0.0, 'Gc': 0.0, 'crossingsN': '', 'crossingsC': ''}
REF: (343, 347) {'gn': -0.04612, 'gc': 0, 'Gn': -0.0, 'Gc': 0.0, 'crossingsN': '', 'crossingsC': ''}
REF: (344, 348) {'gn': -0.0538, 'gc': 0, 'Gn': -0.0, 'Gc': 0.0, 'crossingsN': '', 'crossingsC': ''}
REF: (348, 352) {'gn': -0.00888, 'gc': 0, 'Gn': -0.0, 'Gc': 0.0, 'crossingsN': '', 'crossingsC': ''}
Step 2: loop through the frames and calculate the changes in entanglement
Number of available CPU cores: 40
/storage/group/epo2/default/ims86/miniconda3/envs/FtoF/lib/python3.11/multiprocessing/reduction.py:51: UserWarning: Reader has no dt information, set to 1.0 ps
  cls(buf, protocol).dump(obj)
Step 4: Save both the detailed entanglment info file .EntInfo and the stats summary file .G
SAVED: /storage/group/epo2/default/ims86/git_slugs/Failure-to-Form_Native_Entanglements_slug/Simulations_of_Native_Entanglement_Misfolding/Trajectory_Analysis_setID3Full/P0A6B4_4WR3_A/G/P0A6B4_4WR3_A_t30.EntInfo
SAVED: /storage/group/epo2/default/ims86/git_slugs/Failure-to-Form_Native_Entanglements_slug/Simulations_of_Native_Entanglement_Misfolding/Trajectory_Analysis_setID3Full/P0A6B4_4WR3_A/G/P0A6B4_4WR3_A_t30.G
NORMAL TERMINATION: 6538.049245834351
