,n_contacts,OddsDiff,OddsDiff_lb,OddsDiff_ub,sample_size
0,0,-0.08944665940523411,0.2527146069950278,0.3199847695369087,264
1,1,-0.09970364912246987,0.2527146069950278,0.3199847695369087,102
2,2,-0.1538016463403955,0.2527146069950278,0.3199847695369087,51
3,3,-0.18999384674160913,0.2527146069950278,0.3199847695369087,37
