,n_contacts,OddsDiff,OddsDiff_lb,OddsDiff_ub,sample_size
0,0,-0.05949413113213331,0.36669239434439416,0.5417504819482155,192
1,1,0.08633398743081244,0.36669239434439416,0.5417504819482155,72
2,2,-0.1491656075630814,0.36669239434439416,0.5417504819482155,37
3,3,-0.1062039217530466,0.36669239434439416,0.5417504819482155,25
