,n_contacts,OddsDiff,OddsDiff_lb,OddsDiff_ub,sample_size
0,0,-0.11439872785564797,0.4813533910874075,0.6624726358614412,141
1,1,-0.11060662865769721,0.4813533910874075,0.6624726358614412,50
2,2,0.006762936472523018,0.4813533910874075,0.6624726358614412,29
3,3,0.19863302718707443,0.4813533910874075,0.6624726358614412,21
