,n_contacts,OddsDiff,OddsDiff_lb,OddsDiff_ub,sample_size
0,0,-0.0,0.5424422476907464,0.8743922169336883,91
1,1,-0.31620577244065795,0.5424422476907464,0.8743922169336883,21
2,2,-0.7527016605212384,0.5424422476907464,0.8743922169336883,8
3,3,1.7983066721298675,0.5424422476907464,0.8743922169336883,7
