,n_contacts,OddsDiff,OddsDiff_lb,OddsDiff_ub,sample_size
0,0,-0.0,0.40810008393470454,0.896176384143523,120
1,1,0.3181129284973987,0.40810008393470454,0.896176384143523,35
2,2,-0.3664804050116517,0.40810008393470454,0.896176384143523,12
3,3,-0.01315557415629609,0.40810008393470454,0.896176384143523,9
