,n_contacts,OddsDiff,OddsDiff_lb,OddsDiff_ub,sample_size
0,0,-0.0,0.286850549801232,0.4257862206784088,162
1,1,-0.11261774184153661,0.286850549801232,0.4257862206784088,51
2,2,-0.04298416594339782,0.286850549801232,0.4257862206784088,14
3,3,0.8270057260491128,0.286850549801232,0.4257862206784088,15
