,setID,NativeBy,Label,Metric,median,avg,std,lb,ub,pvalue,xlabel,perm_stat
10,1,Ref,90-100%,Fract_misfolded,0.1699812382739212,0.3847167341324662,0.3857435031998445,0.3411658210819061,0.4280431700681092,0.0001,Low,-0.2539324215898602
10,2,Ref,90-100%,Fract_misfolded,1.0,0.6386491557223264,0.3845830759756416,0.5822647269184124,0.6959485037264312,0.0001,High,-0.2539324215898602
