,lower_bound,upper_bound,type,mean,lb,ub,n,pvalue,xlabel,color,markers
7,0,100.0,Paired,0.1328466363889245,0.0907098589751579,0.1715160666237588,126,,"Short
lived",red,o
8,0,100.0,Unpaired,0.8671533636110755,0.8142347810451591,0.908019837403562,126,,"Short
lived",black,s
21,100,200.025,Paired,0.6138591072354953,0.5717602872459727,0.6721037657795275,136,,"Long
lived",red,o
22,100,200.025,Unpaired,0.3861408927645047,0.3218169423381259,0.4354179914078305,136,,"Long
lived",black,s
