Hist,BinEdges
42.0,0.1
0.0,0.12000000000000001
0.0,0.14
0.0,0.16
0.0,0.18
65.0,0.2
0.0,0.22
0.0,0.24000000000000002
0.0,0.26
57.0,0.28
0.0,0.30000000000000004
0.0,0.32
0.0,0.33999999999999997
0.0,0.36
0.0,0.38
35.0,0.4
0.0,0.42000000000000004
0.0,0.44000000000000006
0.0,0.45999999999999996
0.0,0.48
13.0,0.5
0.0,0.52
0.0,0.54
0.0,0.56
0.0,0.58
3.0,0.6
0.0,0.62
0.0,0.64
0.0,0.66
2.0,0.6799999999999999
