,buff,spa,cov,OR,OR_lb,OR_ub,pvalues,n,xlabel
5,C,50,50,1.3832004766688617,1.2398618969660615,1.543418868116487,6.791526230287559e-09,264,cyto-serum
