,Essential,Mean,lb,ub,Eff-Size,pvalue
0,Essential,0.6250631131098348,0.6180430356620323,0.6323332563200795,-0.01079178192224639,0.0192
1,NonEssential,0.6358548950320811,0.6307945808953512,0.6408241014911401,-0.01079178192224639,0.0192
