,Essential,Mean,lb,ub,Eff-Size,pvalue
0,Essential,0.2564477648048817,0.25068483373613126,0.26236546923687865,-0.014488973703124408,0.0002
1,NonEssential,0.2709367385080061,0.26847681599713674,0.2734213855840787,-0.014488973703124408,0.0002
