,Essential,Mean,lb,ub,Eff-Size,pvalue
0,Essential,0.08993985756377484,0.0859390691360372,0.09410127241132829,-0.015551421547715036,0.0002
1,NonEssential,0.10549127911148988,0.10354260506168084,0.10744649189391123,-0.015551421547715036,0.0002
