,Essential,Mean,lb,ub,Eff-Size,pvalue
0,Essential,0.6332227868842013,0.627383319597129,0.6393509612203385,-0.011798251733296516,0.0014
1,NonEssential,0.6450210386174978,0.6421005687630209,0.6478776140602059,-0.011798251733296516,0.0014
