,Essential,Mean,lb,ub,Eff-Size,pvalue
0,Essential,0.3498493035717061,0.34203489630924694,0.35733460756516683,0.010921699546084462,0.016
1,NonEssential,0.33892760402562166,0.3340938054666802,0.34383727596624336,0.010921699546084462,0.016
