,Essential,Mean,lb,ub,Eff-Size,pvalue
0,Essential,0.3414659682924898,0.3351444831871253,0.34754826778421205,0.010905066080363512,0.0024
1,NonEssential,0.3305609022121263,0.32766979993862744,0.33348977501417904,0.010905066080363512,0.0024
