,Essential,Mean,lb,ub,Eff-Size,pvalue
0,Essential,0.25132186686536323,0.2442614093151952,0.25844967784499256,-0.011159787983821834,0.011
1,NonEssential,0.26248165484918506,0.25773364369394175,0.2672412523113587,-0.011159787983821834,0.011
