,Essential,Mean,lb,ub,Eff-Size,pvalue
0,Essential,0.08679900188191687,0.08171774116853016,0.0920742442488007,-0.01052315341588582,0.0016
1,NonEssential,0.09732215529780269,0.09347548782952657,0.10127278898559532,-0.01052315341588582,0.0016
