,Essential,Mean,lb,ub,Eff-Size,pvalue
0,Essential,0.3737412462444714,0.36622851814504004,0.3811371357228931,0.00036800606157544324,0.948
1,NonEssential,0.37337324018289597,0.3684869809012914,0.37810482714652016,0.00036800606157544324,0.948
