,Essential,Mean,lb,ub,Eff-Size,pvalue
0,Essential,0.08679900188191687,0.081674153794516,0.0920724227208503,-0.01052315341588582,0.0028
1,NonEssential,0.09732215529780269,0.09343313046862324,0.10129559525682222,-0.01052315341588582,0.0028
