,Essential,Mean,lb,ub,Eff-Size,pvalue
0,Essential,0.3414659682924898,0.33523420921895153,0.3476567970233604,0.010905066080363512,0.005
1,NonEssential,0.3305609022121263,0.32767612804731205,0.33333991432446713,0.010905066080363512,0.005
