,Essential,Mean,lb,ub,Eff-Size,pvalue
0,Essential,0.3737412462444714,0.366139119259024,0.38108777655304243,0.00036800606157544324,0.9332
1,NonEssential,0.37337324018289597,0.3686151464214789,0.37826297865493186,0.00036800606157544324,0.9332
