,Essential,Mean,lb,ub,Eff-Size,pvalue
0,Essential,0.25132186686536323,0.2442021762415159,0.2585015107855722,-0.011159787983821834,0.0118
1,NonEssential,0.26248165484918506,0.25773370832622655,0.2673637075040523,-0.011159787983821834,0.0118
