,Essential,Mean,lb,ub,Eff-Size,pvalue
0,Essential,0.6332227868842013,0.6273738090393056,0.639188355837865,-0.011798251733296516,0.0012
1,NonEssential,0.6450210386174978,0.6421856380519714,0.647948027450863,-0.011798251733296516,0.0012
