,Essential,Mean,lb,ub,Eff-Size,pvalue
0,Essential,0.3737412462444714,0.36615870997668487,0.38109662676235795,0.00036800606157544324,0.9432
1,NonEssential,0.37337324018289597,0.3684506154689095,0.3783338357772686,0.00036800606157544324,0.9432
