,Essential,Mean,lb,ub,Eff-Size,pvalue
0,Essential,0.37677502207931957,0.3711078103632451,0.3822769878744034,0.002690721969827836,0.4426
1,NonEssential,0.37408430010949173,0.3713688405775853,0.3768318501188302,0.002690721969827836,0.4426
