,Essential,Mean,lb,ub,Eff-Size,pvalue
0,Essential,0.4597698196834802,0.45329806097485453,0.46614275572646197,-0.010105773984179,0.0054
1,NonEssential,0.4698755936676592,0.4661371302591442,0.47361416990897764,-0.010105773984179,0.0054
