,Essential,Mean,lb,ub,Eff-Size,pvalue
0,Essential,0.47035141125136387,0.4648466247321355,0.4759099720349717,-0.007549956814562886,0.014
1,NonEssential,0.47790136806592676,0.47555867311367434,0.4803551863150065,-0.007549956814562886,0.014
