,Essential,Mean,lb,ub,Eff-Size,pvalue
0,Essential,0.6250631131098348,0.6177720514259304,0.632413596253132,-0.01079178192224639,0.022
1,NonEssential,0.6358548950320811,0.6308060164997821,0.6408703798428749,-0.01079178192224639,0.022
