,Essential,Mean,lb,ub,Eff-Size,pvalue
0,Essential,0.37677502207931957,0.37100177844519755,0.3823459526123309,0.002690721969827836,0.454
1,NonEssential,0.37408430010949173,0.37133163515969536,0.3767735897510609,0.002690721969827836,0.454
