,Essential,Mean,lb,ub,Eff-Size,pvalue
0,Essential,0.2564477648048817,0.25070841039785813,0.2623828318041595,-0.014488973703124408,0.0004
1,NonEssential,0.2709367385080061,0.26845439493491224,0.2735057062836607,-0.014488973703124408,0.0004
