,Essential,Mean,lb,ub,Eff-Size,pvalue
0,Essential,0.08993985756377484,0.08580064985035687,0.0941736372294034,-0.015551421547715036,0.0002
1,NonEssential,0.10549127911148988,0.10355996633996092,0.10749869654908674,-0.015551421547715036,0.0002
