,Essential,Mean,lb,ub,Eff-Size,pvalue
0,Essential,0.3498493035717061,0.34228934593630106,0.35734360657837416,0.010921699546084462,0.0162
1,NonEssential,0.33892760402562166,0.3341485557052979,0.3438097352909051,0.010921699546084462,0.0162
