Gene,PDB,chain,ENT-ID,Gn,N_term_thread,Gc,C_term_thread,unmapped-NC,unmapped-NC_wbuff,unmapped-crossings,unmapped-crossings_wbuff,mapped-NC,mapped-crossings,loopsize,num_zipper_nc,perc_bb_loop,num_loop_contacting_res,num_cross_nearest_neighbors,ent_coverage,min_N_prot_depth_left,min_N_thread_depth_left,min_N_thread_slippage_left,min_C_prot_depth_right,min_C_thread_depth_right,min_C_thread_slippage_right,prot_size,ACO,RCO
P00350,3FWN,A,1,0.61289,1,0.02617,0,"232,325","229,230,231,232,233,234,235,322,323,324,325,326,327,328",199,"196,197,198,199,200,201,202","232,325",199,93,25,0.1987179487179487,154,28,0.1474358974358974,0.4252136752136752,0.8577586206896551,199.0,,,,468,121.68,0.26
P00363,1KF6,A,1,0.06369,0,-0.94408,1,"50,114","47,48,49,50,51,52,53,111,112,113,114,115,116,117",124,"121,122,123,124,125,126,127","51,115",125,64,3,0.1063122923588039,121,35,0.101328903654485,,,,0.792358803986711,0.9794661190965092,477.0,602,65.0,0.1079734219269103
P00363,1KF6,A,2,-0.08126,0,-0.6971,1,"308,338","305,306,307,308,309,310,311,335,336,337,338,339,340,341",349,"346,347,348,349,350,351,352","309,339",350,30,2,0.0498338870431893,71,33,0.0847176079734219,,,,0.4186046511627907,0.9581749049429658,252.0,602,30.5,0.0506644518272425
P00363,1KF6,A,3,-0.78464,1,0.01939,0,"274,318","271,272,273,274,275,276,277,315,316,317,318,319,320,321",252,"249,250,251,252,253,254,255","275,319",253,44,24,0.0730897009966777,92,34,0.0930232558139534,0.420265780730897,0.92,253.0,,,,602,195.41666666666663,0.3246124031007751
P00363,1KF6,A,4,0.77689,1,-0.48139,0,"68,119","65,66,67,68,69,70,71,116,117,118,119,120,121,122",53,"50,51,52,53,54,55,56","69,120",54,51,7,0.0847176079734219,115,38,0.1262458471760797,0.0897009966777408,0.782608695652174,54.0,,,,602,56.142857142857146,0.0932605600379686
P00363,1KF6,A,5,-0.29647,0,0.72037,1,"238,308","235,236,237,238,239,240,241,305,306,307,308,309,310,311",350,"347,348,349,350,351,352,353","239,309",351,70,3,0.1162790697674418,110,37,0.0863787375415282,,,,0.4169435215946844,0.856655290102389,251.0,602,71.66666666666667,0.119047619047619
P00363,1KF6,A,6,0.90639,1,-0.3341,0,"18,399","15,16,17,18,19,20,21,396,397,398,399,400,401,402",10,"7,8,9,10,11,12,13","19,400",11,381,14,0.632890365448505,473,47,0.1445182724252491,0.0182724252491694,0.5789473684210527,11.0,,,,602,384.4285714285714,0.6385856668248695
P00363,1KF6,A,7,0.7098,1,-1.06228,1,"202,239","199,200,201,202,203,204,205,236,237,238,239,240,241,242","194,354","191,192,193,194,195,196,197,351,352,353,354,355,356,357","203,240","195,355",37,11,0.0614617940199335,122,71,0.1445182724252491,0.3239202657807309,0.9605911330049262,195.0,0.4102990033222591,0.6823204419889503,247.0,602,99.72727272727272,0.1656599214738749
P00363,1KF6,A,8,0.74722,1,-0.79516,1,"85,385","82,83,84,85,86,87,88,382,383,384,385,386,387,388","36,394","33,34,35,36,37,38,39,391,392,393,394,395,396,397","86,386","37,395",300,22,0.4983388704318937,441,70,0.1993355481727574,0.0614617940199335,0.4302325581395348,37.0,0.3438538205980066,0.9583333333333334,207.0,602,309.0,0.5132890365448505
P00363,1KF6,A,9,0.72978,1,-1.08565,3,"76,225","73,74,75,76,77,78,79,222,223,224,225,226,227,228","35,359,385,397","32,33,34,35,36,37,38,356,357,358,359,360,361,362,382,383,384,385,386,387,388,394,395,396,397,398,399,400","77,226","36,360,386,398",149,103,0.2475083056478405,326,131,0.2591362126245847,0.0598006644518272,0.4675324675324675,36.0,0.3388704318936877,0.5425531914893617,204.0,602,333.0970873786408,0.5533174208947521
P00363,1KF6,A,10,-0.61088,3,0.12868,0,"389,530","386,387,388,389,390,391,392,527,528,529,530,531,532,533","212,227,357","209,210,211,212,213,214,215,224,225,226,227,228,229,230,354,355,356,357,358,359,360","390,531","213,228,358",141,3,0.23421926910299,254,82,0.2009966777408638,0.3538205980066445,0.5461538461538461,213.0,,,,602,141.33333333333334,0.2347729789590255
P00370,4BHT,F,1,0.67704,1,0.19557,0,"243,346","240,241,242,243,244,245,246,343,344,345,346,347,348,349",236,"233,234,235,236,237,238,239","243,346",236,103,1,0.2304250559284116,147,41,0.1856823266219239,0.5279642058165548,0.97119341563786,236.0,,,,447,103.0,0.2304250559284116
P00370,4BHT,F,2,0.02553,0,0.74084,1,"80,101","77,78,79,80,81,82,83,98,99,100,101,102,103,104",128,"125,126,127,128,129,130,131","80,101",128,21,38,0.046979865771812,75,49,0.1700223713646532,,,,0.7136465324384788,0.9219653179190752,319.0,447,59.28947368421053,0.1326386435888378
P00370,4BHT,F,3,0.96904,1,-0.30087,0,"119,370","116,117,118,119,120,121,122,367,368,369,370,371,372,373",91,"88,89,90,91,92,93,94","119,370",91,251,34,0.5615212527964206,338,38,0.1968680089485458,0.203579418344519,0.7647058823529411,91.0,,,,447,284.02941176470586,0.6354125542834583
P00448,1D5N,B,1,-0.77685,1,0.0,0,"138,201","135,136,137,138,139,140,141,198,199,200,201,202,203,204",131,"128,129,130,131,132,133,134","139,202",132,63,1,0.3058252427184466,123,39,0.2766990291262136,0.6407766990291263,0.9496402877697842,132.0,,,,206,63.0,0.3058252427184466
P00448,1D5N,B,2,-0.06568,0,-0.70821,1,"84,165","81,82,83,84,85,86,87,162,163,164,165,166,167,168",192,"189,190,191,192,193,194,195","85,166",193,81,26,0.3932038834951456,121,29,0.3349514563106796,,,,0.0631067961165048,0.325,13.0,206,133.42307692307693,0.6476848394324123
P00452,5CNS,B,1,0.15908,0,0.63477,1,"72,642","69,70,71,72,73,74,75,639,640,641,642,643,644,645",654,"651,652,653,654,655,656,657","72,642",654,570,2,0.7490144546649146,646,33,0.0657030223390276,,,,0.140604467805519,0.8991596638655462,107.0,761,570.5,0.7496714848883048
P00452,5CNS,B,2,1.01811,1,-0.40417,0,"239,449","236,237,238,239,240,241,242,446,447,448,449,450,451,452",229,"226,227,228,229,230,231,232","239,449",229,210,14,0.2759526938239159,282,41,0.090670170827858,0.3009198423127464,0.9581589958158996,229.0,,,,761,235.7142857142857,0.3097428195982729
P00452,5CNS,B,3,-0.14906,0,-0.70733,1,"115,157","112,113,114,115,116,117,118,154,155,156,157,158,159,160",168,"165,166,167,168,169,170,171","115,157",168,42,4,0.0551905387647831,103,31,0.0840998685939553,,,,0.7792378449408672,0.9817880794701986,593.0,761,44.5,0.0584756898817345
P00452,5CNS,B,4,0.0789,0,-0.66765,1,"552,573","549,550,551,552,553,554,555,570,571,572,573,574,575,576",610,"607,608,609,610,611,612,613","552,573",610,21,29,0.0275952693823915,57,34,0.0880420499342969,,,,0.1984231274638633,0.8031914893617021,151.0,761,49.27586206896552,0.0647514613258416
P00490,1QM5,A,1,0.0452,0,0.99919,1,"46,205","43,44,45,46,47,48,49,202,203,204,205,206,207,208",214,"211,212,213,214,215,216,217","47,206",215,159,1,0.1994981179422835,263,35,0.0853199498117942,,,,0.7302383939774153,0.9847715736040608,582.0,797,159.0,0.1994981179422835
P00490,1QM5,A,2,0.6183,1,0.01807,0,"427,680","424,425,426,427,428,429,430,677,678,679,680,681,682,683",420,"417,418,419,420,421,422,423","428,681",421,253,3,0.3174404015056462,357,36,0.082810539523212,0.5282308657465495,0.983644859813084,421.0,,,,797,254.33333333333331,0.3191133416980343
P00490,1QM5,A,3,-0.12832,0,0.94111,1,"520,596","517,518,519,520,521,522,523,593,594,595,596,597,598,599",607,"604,605,606,607,608,609,610","521,597",608,76,1,0.0953575909661229,145,34,0.0652446675031367,,,,0.2371392722710163,0.945,189.0,797,76.0,0.0953575909661229
P00490,1QM5,A,4,1.1491,1,-0.22345,0,"547,747","544,545,546,547,548,549,550,744,745,746,747,748,749,750",532,"529,530,531,532,533,534,535","548,748",533,200,3,0.2509410288582183,297,39,0.0991217063989962,0.6687578419071518,0.9726277372262774,533.0,,,,797,201.33333333333331,0.2526139690506064
P00490,1QM5,A,5,-0.03609,0,1.19141,1,"42,74","39,40,41,42,43,44,45,71,72,73,74,75,76,77",132,"129,130,131,132,133,134,135","43,75",133,32,36,0.0401505646173149,96,34,0.1041405269761606,,,,0.8331242158092849,0.9196675900277008,664.0,797,64.08333333333333,0.0804056879966541
P00490,1QM5,A,6,1.57493,2,0.30556,0,"76,455","73,74,75,76,77,78,79,452,453,454,455,456,457,458","64,68","61,62,63,64,65,66,67,65,66,67,68,69,70,71","77,456","65,69",379,80,0.4755332496863237,476,51,0.1179422835633626,0.0815558343789209,0.8441558441558441,65.0,,,,797,307.175,0.3854140526976161
P00490,1QM5,A,7,0.73398,1,0.67762,1,"427,635","424,425,426,427,428,429,430,632,633,634,635,636,637,638","420,642","417,418,419,420,421,422,423,639,640,641,642,643,644,645","428,636","421,643",208,1,0.260978670012547,324,64,0.1141781681304893,0.5282308657465495,0.983644859813084,421.0,0.1932245922208281,0.9565217391304348,154.0,797,208.0,0.260978670012547
P00490,1QM5,A,8,1.30545,1,1.37623,1,"113,534","110,111,112,113,114,115,116,531,532,533,534,535,536,537","65,621","62,63,64,65,66,67,68,618,619,620,621,622,623,624","114,535","66,622",421,41,0.5282308657465495,548,70,0.1367628607277289,0.082810539523212,0.5789473684210527,66.0,0.219573400250941,0.6679389312977099,175.0,797,414.780487804878,0.5204272118003488
P00490,1QM5,A,9,0.64664,1,1.1933,1,"145,573","142,143,144,145,146,147,148,570,571,572,573,574,575,576","137,624","134,135,136,137,138,139,140,621,622,623,624,625,626,627","146,574","138,625",428,6,0.5370138017565872,586,75,0.1555834378920953,0.1731493099121706,0.9452054794520548,138.0,0.2158092848180677,0.7713004484304933,172.0,797,441.1666666666667,0.55353408615642
P00490,1QM5,A,10,-0.63853,1,0.2744,0,"191,273","188,189,190,191,192,193,194,270,271,272,273,274,275,276",180,"177,178,179,180,181,182,183","192,274",181,82,5,0.1028858218318695,160,30,0.0765370138017565,0.2271016311166875,0.9427083333333334,181.0,,,,797,147.0,0.1844416562107904
P00490,1QM5,A,11,0.9786,3,0.17632,0,"209,454","206,207,208,209,210,211,212,451,452,453,454,455,456,457","63,124,136","60,61,62,63,64,65,66,121,122,123,124,125,126,127,133,134,135,136,137,138,139","210,455","64,125,137",245,5,0.3074027603513174,356,79,0.1493099121706399,0.0803011292346298,0.3047619047619048,64.0,,,,797,259.4,0.3254705144291091
P00490,1QM5,A,12,0.96564,1,-0.86104,1,"550,702","547,548,549,550,551,552,553,699,700,701,702,703,704,705","529,743","526,527,528,529,530,531,532,740,741,742,743,744,745,746","551,703","530,744",152,62,0.1907151819322459,273,65,0.1141781681304893,0.6649937264742786,0.9618874773139746,530.0,0.0664993726474278,0.5638297872340425,53.0,797,159.9193548387097,0.2006516371878415
P00490,1QM5,A,13,0.94787,3,-0.89372,1,"591,710","588,589,590,591,592,593,594,707,708,709,710,711,712,713","530,545,569,741","527,528,529,530,531,532,533,542,543,544,545,546,547,548,566,567,568,569,570,571,572,738,739,740,741,742,743,744","592,711","531,546,570,742",119,20,0.1493099121706399,237,92,0.1580928481806775,0.6662484316185696,0.8969594594594594,531.0,0.06900878293601,0.6395348837209303,55.0,797,136.5,0.171267252195734
P00509,5T4L,A,1,-0.00933,0,-0.64305,1,"31,367","28,29,30,31,32,33,34,364,365,366,367,368,369,370",374,"371,372,373,374,375,376,377","31,367",374,336,2,0.8484848484848485,372,32,0.1414141414141414,,,,0.0555555555555555,0.7586206896551724,22.0,396,336.5,0.8497474747474747
P00509,5T4L,A,2,-1.09085,1,0.06454,0,"254,287","251,252,253,254,255,256,257,284,285,286,287,288,289,290",99,"96,97,98,99,100,101,102","254,287",99,33,45,0.0833333333333333,83,44,0.1666666666666666,0.25,0.389763779527559,99.0,,,,396,94.91111111111113,0.2396745230078563
P00509,5T4L,A,3,-0.05405,0,-1.62443,2,"49,248","46,47,48,49,50,51,52,245,246,247,248,249,250,251","257,292","254,255,256,257,258,259,260,289,290,291,292,293,294,295","49,248","257,292",199,15,0.5025252525252525,262,64,0.2272727272727272,,,,0.2626262626262626,0.7027027027027027,104.0,396,188.4,0.4757575757575757
P00509,5T4L,A,4,0.60217,1,0.30963,0,"137,176","134,135,136,137,138,139,140,173,174,175,176,177,178,179",123,"120,121,122,123,124,125,126","137,176",123,39,4,0.0984848484848484,75,33,0.1717171717171717,0.3106060606060606,0.8978102189781022,123.0,,,,396,51.25,0.1294191919191919
P00561,6MX1,A,1,0.0,0,-0.85055,1,"315,347","312,313,314,315,316,317,318,344,345,346,347,348,349,350",361,"358,359,360,361,362,363,364","315,347",361,32,2,0.0390243902439024,71,32,0.0682926829268292,,,,0.5597560975609757,0.970401691331924,459.0,820,33.5,0.0408536585365853
P00561,6MX1,A,2,-0.95836,1,0.1033,0,"348,440","345,346,347,348,349,350,351,437,438,439,440,441,442,443",318,"315,316,317,318,319,320,321","348,440",318,92,1,0.1121951219512195,139,36,0.1012195121951219,0.3878048780487805,0.913793103448276,318.0,,,,820,92.0,0.1121951219512195
P00561,6MX1,A,3,-0.97925,1,-0.75199,1,"350,429","347,348,349,350,351,352,353,426,427,428,429,430,431,432","316,440","313,314,315,316,317,318,319,437,438,439,440,441,442,443","350,429","316,440",79,13,0.0963414634146341,136,62,0.0939024390243902,0.3853658536585366,0.9028571428571428,316.0,0.4634146341463415,0.9718670076726342,380.0,820,74.84615384615384,0.0912757973733583
P00582,1D9D,A,1,0.0,0,-0.86052,1,"325,471","322,323,324,325,326,327,328,468,469,470,471,472,473,474",499,"496,497,498,499,500,501,502","325,471",499,146,1,0.1573275862068965,205,39,0.0635775862068965,,,,0.4622844827586206,0.9387308533916848,429.0,928,146.0,0.1573275862068965
P00582,1D9D,A,2,-0.07278,0,-0.74238,1,"699,873","696,697,698,699,700,701,702,870,871,872,873,874,875,876",887,"884,885,886,887,888,889,890","699,873",887,174,1,0.1875,241,32,0.0581896551724137,,,,0.0441810344827586,0.7454545454545455,41.0,928,174.0,0.1875
P00582,1D9D,A,3,-0.65966,1,0.01845,0,"654,696","651,652,653,654,655,656,657,693,694,695,696,697,698,699",546,"543,544,545,546,547,548,549","654,696",546,42,4,0.0452586206896551,95,31,0.0657327586206896,0.5883620689655172,0.8348623853211009,546.0,,,,928,179.75,0.1936961206896551
P00582,1D9D,A,4,0.01697,0,-1.10082,1,"667,821","664,665,666,667,668,669,670,818,819,820,821,822,823,824",849,"846,847,848,849,850,851,852","667,821",849,154,3,0.1659482758620689,245,31,0.0646551724137931,,,,0.0851293103448275,0.7383177570093458,79.0,928,155.66666666666666,0.1677442528735632
P00582,1D9D,A,5,-0.86958,1,0.0,0,"885,924","882,883,884,885,886,887,888,921,922,923,924,925,926,927",701,"698,699,700,701,702,703,704","885,924",701,39,6,0.0420258620689655,81,36,0.0657327586206896,0.7553879310344828,0.792090395480226,701.0,,,,928,67.33333333333333,0.0725574712643678
P00582,1D9D,A,6,0.6601,1,-0.27023,0,"369,487","366,367,368,369,370,371,372,484,485,486,487,488,489,490",355,"352,353,354,355,356,357,358","369,487",355,118,13,0.1271551724137931,200,41,0.0775862068965517,0.3825431034482758,0.962059620596206,355.0,,,,928,127.84615384615384,0.1377652519893899
P00634,1Y6V,B,1,0.0,0,0.86534,3,"6,353","3,4,5,6,7,8,9,350,351,352,353,354,355,356","364,367,418","361,362,363,364,365,366,367,364,365,366,367,368,369,370,415,416,417,418,419,420,421","28,375","386,389,440",347,13,0.7367303609341825,432,69,0.2144373673036093,,,,0.0658174097664543,0.3229166666666667,31.0,471,81.6923076923077,0.1734443900048995
P00634,1Y6V,B,2,0.06259,0,0.76916,3,"46,307","43,44,45,46,47,48,49,304,305,306,307,308,309,310","322,367,418","319,320,321,322,323,324,325,364,365,366,367,368,369,370,415,416,417,418,419,420,421","68,329","344,389,440",261,1,0.554140127388535,383,90,0.2547770700636942,,,,0.0658174097664543,0.2183098591549295,31.0,471,261.0,0.554140127388535
P00634,1Y6V,B,3,1.82827,2,0.12027,0,"155,369","152,153,154,155,156,157,158,366,367,368,369,370,371,372","49,148","46,47,48,49,50,51,52,145,146,147,148,149,150,151","177,391","71,170",214,22,0.4543524416135881,318,71,0.2292993630573248,0.1507430997876857,0.4011299435028249,71.0,,,,471,228.72727272727272,0.4856205365759505
P00634,1Y6V,B,4,-0.00392,0,1.48686,2,"24,62","21,22,23,24,25,26,27,59,60,61,62,63,64,65","78,364","75,76,77,78,79,80,81,361,362,363,364,365,366,367","46,84","100,386",38,13,0.0806794055201698,113,66,0.2420382165605095,,,,0.1804670912951167,0.2196382428940568,85.0,471,55.15384615384615,0.1170994610485056
P00634,1Y6V,B,5,-0.75138,1,-0.05523,0,"416,432","413,414,415,416,417,418,419,429,430,431,432,433,434,435",83,"80,81,82,83,84,85,86","438,454",105,16,1,0.0339702760084925,57,36,0.1188959660297239,0.2229299363057325,0.2397260273972602,105.0,,,,471,16.0,0.0339702760084925
P00634,1Y6V,B,6,1.59662,2,-1.65735,2,"64,390","61,62,63,64,65,66,67,387,388,389,390,391,392,393","49,52,399,419","46,47,48,49,50,51,52,49,50,51,52,53,54,55,396,397,398,399,400,401,402,416,417,418,419,420,421,422","86,412","71,74,421,441",326,235,0.692144373673036,417,110,0.2823779193205945,0.1507430997876857,0.8255813953488372,71.0,0.0636942675159235,0.5084745762711864,30.0,471,251.6212765957447,0.5342277634729187
P00722,6DRV,B,1,-0.76717,1,0.78753,1,"93,364","90,91,92,93,94,95,96,361,362,363,364,365,366,367","31,410","28,29,30,31,32,33,34,407,408,409,410,411,412,413","93,364","31,410",271,2,0.2646484375,411,65,0.099609375,0.0302734375,0.3333333333333333,31.0,0.599609375,0.9303030303030304,614.0,1024,273.5,0.26708984375
P00722,6DRV,B,2,-0.75136,1,0.65652,1,"44,311","41,42,43,44,45,46,47,308,309,310,311,312,313,314","33,328","30,31,32,33,34,35,36,325,326,327,328,329,330,331","44,311","33,328",267,13,0.2607421875,371,61,0.080078125,0.0322265625,0.75,33.0,0.6796875,0.976157082748948,696.0,1024,261.38461538461536,0.2552584134615384
P00722,6DRV,B,3,0.02988,0,0.62461,1,"304,381","301,302,303,304,305,306,307,378,379,380,381,382,383,384",387,"384,385,386,387,388,389,390","304,381",387,77,1,0.0751953125,184,38,0.0693359375,,,,0.6220703125,0.9906687402799378,637.0,1024,77.0,0.0751953125
P00722,6DRV,B,4,-0.08005,0,0.83378,1,"353,554","350,351,352,353,354,355,356,551,552,553,554,555,556,557",566,"563,564,565,566,567,568,569","353,554",566,201,5,0.1962890625,319,42,0.064453125,,,,0.447265625,0.9744680851063828,458.0,1024,203.4,0.1986328125
P00722,6DRV,B,5,0.71313,1,-0.16603,0,"385,568","382,383,384,385,386,387,388,565,566,567,568,569,570,571",354,"351,352,353,354,355,356,357","385,568",354,183,32,0.1787109375,288,32,0.0654296875,0.345703125,0.9194805194805196,354.0,,,,1024,257.0625,0.25103759765625
P00722,6DRV,B,6,-0.04108,0,-1.75431,2,"26,159","23,24,25,26,27,28,29,156,157,158,159,160,161,162","171,214","168,169,170,171,172,173,174,211,212,213,214,215,216,217","26,159","171,214",133,50,0.1298828125,249,63,0.0927734375,,,,0.791015625,0.9364161849710982,810.0,1024,147.3,0.14384765625
P00722,6DRV,B,7,-0.93131,1,-0.81131,1,"75,154","72,73,74,75,76,77,78,151,152,153,154,155,156,157","60,186","57,58,59,60,61,62,63,183,184,185,186,187,188,189","75,154","60,186",79,20,0.0771484375,184,62,0.0810546875,0.05859375,0.8,60.0,0.818359375,0.9632183908045976,838.0,1024,84.95,0.082958984375
P00722,6DRV,B,8,-1.94748,2,0.34388,0,"167,415","164,165,166,167,168,169,170,412,413,414,415,416,417,418","32,144","29,30,31,32,33,34,35,141,142,143,144,145,146,147","167,415","32,144",248,93,0.2421875,412,64,0.109375,0.03125,0.1916167664670658,32.0,,,,1024,297.59139784946234,0.2906165994623655
P00722,6DRV,B,9,-0.76738,1,-0.88657,1,"817,969","814,815,816,817,818,819,820,966,967,968,969,970,971,972","782,986","779,780,781,782,783,784,785,983,984,985,986,987,988,989","817,969","782,986",152,9,0.1484375,254,55,0.08984375,0.763671875,0.9571603427172584,782.0,0.037109375,0.6909090909090909,38.0,1024,163.0,0.1591796875
P00722,6DRV,B,10,0.07502,0,-1.27848,3,"17,67","14,15,16,17,18,19,20,64,65,66,67,68,69,70","122,188,213","119,120,121,122,123,124,125,185,186,187,188,189,190,191,210,211,212,213,214,215,216","17,67","122,188,213",50,13,0.048828125,130,85,0.1083984375,,,,0.7919921875,0.8474399164054337,811.0,1024,62.76923076923077,0.0612980769230769
P00722,6DRV,B,11,-1.86758,2,0.81792,1,"167,359","164,165,166,167,168,169,170,356,357,358,359,360,361,362","31,149,409","28,29,30,31,32,33,34,146,147,148,149,150,151,152,406,407,408,409,410,411,412","167,359","31,149,409",192,33,0.1875,355,101,0.134765625,0.0302734375,0.18562874251497,31.0,0.6005859375,0.924812030075188,615.0,1024,201.42424242424244,0.1967033617424242
P00722,6DRV,B,12,0.01228,0,-1.06253,3,"619,904","616,617,618,619,620,621,622,901,902,903,904,905,906,907","912,941,953","909,910,911,912,913,914,915,938,939,940,941,942,943,944,950,951,952,953,954,955,956","619,904","912,941,953",285,3,0.2783203125,380,72,0.0888671875,,,,0.0693359375,0.5916666666666667,71.0,1024,311.6666666666667,0.3043619791666667
P00722,6DRV,B,13,-0.61359,1,0.0364,0,"916,941","913,914,915,916,917,918,919,938,939,940,941,942,943,944",900,"897,898,899,900,901,902,903","916,941",900,25,10,0.0244140625,77,32,0.0556640625,0.87890625,0.982532751091703,900.0,,,,1024,44.9,0.04384765625
P00803,1B12,A,1,-0.71049,1,-0.00258,0,"142,293","139,140,141,142,143,144,145,290,291,292,293,294,295,296",132,"129,130,131,132,133,134,135","143,294",133,151,1,0.4660493827160494,179,32,0.1512345679012345,0.4104938271604938,0.93006993006993,133.0,,,,324,151.0,0.4660493827160494
P00803,1B12,A,2,-0.64917,1,-0.03707,0,"208,223","205,206,207,208,209,210,211,220,221,222,223,224,225,226",192,"189,190,191,192,193,194,195","209,224",193,15,3,0.0462962962962962,36,30,0.1450617283950617,0.595679012345679,0.9234449760765552,193.0,,,,324,50.0,0.1543209876543209
P00803,1B12,A,3,-0.22624,0,-1.088,3,"96,192","93,94,95,96,97,98,99,189,190,191,192,193,194,195","225,236,294","222,223,224,225,226,227,228,233,234,235,236,237,238,239,291,292,293,294,295,296,297","97,193","226,237,295",96,37,0.2962962962962963,175,77,0.3395061728395062,,,,0.0895061728395061,0.2213740458015267,29.0,324,119.08108108108108,0.3675342008675342
P00805,6PAC,A,1,0.80023,1,0.04538,0,"35,86","32,33,34,35,36,37,38,83,84,85,86,87,88,89",6,"3,4,5,6,7,8,9","57,108",28,51,18,0.146551724137931,110,37,0.2068965517241379,0.0804597701149425,0.4912280701754385,28.0,,,,348,88.27777777777777,0.2536717752234993
P00811,2HDS,A,1,1e-05,0,-0.74701,1,"59,186","56,57,58,59,60,61,62,183,184,185,186,187,188,189",224,"221,222,223,224,225,226,227","75,202",240,127,22,0.3368700265251989,193,42,0.1803713527851458,,,,0.363395225464191,0.7828571428571428,137.0,377,145.22727272727272,0.3852182300458162
P00811,2HDS,A,2,-0.90213,1,0.16892,0,"221,319","218,219,220,221,222,223,224,316,317,318,319,320,321,322",65,"62,63,64,65,66,67,68","237,335",81,98,60,0.259946949602122,186,37,0.1883289124668435,0.2148541114058355,0.3417721518987341,81.0,,,,377,141.41666666666666,0.3751105216622458
P00811,2HDS,A,3,-0.77913,1,0.02713,0,"135,153","132,133,134,135,136,137,138,150,151,152,153,154,155,156",115,"112,113,114,115,116,117,118","151,169",131,18,8,0.0477453580901856,56,34,0.1777188328912466,0.3474801061007957,0.8675496688741722,131.0,,,,377,61.625,0.1634615384615384
P00811,2HDS,A,4,-0.83333,1,-0.08413,0,"290,316","287,288,289,290,291,292,293,313,314,315,316,317,318,319",272,"269,270,271,272,273,274,275","306,332",288,26,13,0.0689655172413793,73,38,0.2095490716180371,0.7639257294429708,0.9411764705882352,288.0,,,,377,54.84615384615385,0.1454805141807794
P00861,1KNW,A,1,0.93642,1,0.11733,0,"157,191","154,155,156,157,158,159,160,188,189,190,191,192,193,194",142,"139,140,141,142,143,144,145","157,191",142,34,9,0.0809523809523809,83,37,0.1666666666666666,0.3380952380952381,0.9044585987261148,142.0,,,,420,42.22222222222222,0.1005291005291005
P00861,1KNW,A,2,0.01677,0,0.67782,1,"43,228","40,41,42,43,44,45,46,225,226,227,228,229,230,231",266,"263,264,265,266,267,268,269","43,228",266,185,15,0.4404761904761904,231,37,0.1761904761904762,,,,0.3666666666666666,0.8020833333333334,154.0,420,204.33333333333331,0.4865079365079365
P00861,1KNW,A,3,0.62731,1,0.05518,0,"70,273","67,68,69,70,71,72,73,270,271,272,273,274,275,276",49,"46,47,48,49,50,51,52","70,273",49,203,6,0.4833333333333333,243,30,0.1619047619047619,0.1166666666666666,0.7,49.0,,,,420,275.3333333333333,0.6555555555555556
P00861,1KNW,A,4,0.14694,0,-0.69259,1,"317,337","314,315,316,317,318,319,320,334,335,336,337,338,339,340",361,"358,359,360,361,362,363,364","317,337",361,20,62,0.0476190476190476,54,30,0.169047619047619,,,,0.1404761904761904,0.7108433734939759,59.0,420,83.87096774193549,0.1996927803379416
P00861,1KNW,A,5,-1.41937,1,0.09732,0,"343,386","340,341,342,343,344,345,346,383,384,385,386,387,388,389",304,"301,302,303,304,305,306,307","343,386",304,43,6,0.1023809523809523,112,36,0.1119047619047619,0.7238095238095238,0.8862973760932945,304.0,,,,420,46.0,0.1095238095238095
P00864,1JQN,A,1,-0.01924,0,-0.67625,1,"87,619","84,85,86,87,88,89,90,616,617,618,619,620,621,622",628,"625,626,627,628,629,630,631","87,619",628,532,4,0.6024915062287656,614,29,0.0747451868629671,,,,0.2887882219705549,0.9659090909090908,255.0,883,534.75,0.6056058890147226
P00864,1JQN,A,2,0.62645,1,-0.59331,0,"258,698","255,256,257,258,259,260,261,695,696,697,698,699,700,701",250,"247,248,249,250,251,252,253","258,698",250,440,1,0.4983012457531144,561,35,0.07361268403171,0.2831257078142695,0.9689922480620154,250.0,,,,883,440.0,0.4983012457531144
P00864,1JQN,A,3,0.60335,1,0.10568,0,"786,844","783,784,785,786,787,788,789,841,842,843,844,845,846,847",774,"771,772,773,774,775,776,777","786,844",774,58,9,0.0656851642129105,116,30,0.0804077010192525,0.8765571913929785,0.9847328244274808,774.0,,,,883,65.22222222222223,0.0738643513275449
P00864,1JQN,A,4,0.78849,1,-0.13809,0,"213,621","210,211,212,213,214,215,216,618,619,620,621,622,623,624",132,"129,130,131,132,133,134,135","213,621",132,408,22,0.4620611551528878,497,36,0.0826727066817667,0.1494903737259343,0.6197183098591549,132.0,,,,883,411.04545454545456,0.4655101410480799
P00864,1JQN,A,5,0.09658,0,0.69193,1,"239,353","236,237,238,239,240,241,242,350,351,352,353,354,355,356",391,"388,389,390,391,392,393,394","239,353",391,114,8,0.1291053227633069,182,37,0.0838052095130237,,,,0.5571913929784824,0.9283018867924528,492.0,883,127.5,0.1443941109852774
P00888,6AGM,A,1,-0.01024,0,0.82665,1,"55,290","52,53,54,55,56,57,58,287,288,289,290,291,292,293",299,"296,297,298,299,300,301,302","55,290",299,235,1,0.6601123595505618,291,33,0.1882022471910112,,,,0.1601123595505618,0.8636363636363636,57.0,356,235.0,0.6601123595505618
P00888,6AGM,A,2,-0.07081,0,0.80042,1,"27,125","24,25,26,27,28,29,30,122,123,124,125,126,127,128",141,"138,139,140,141,142,143,144","27,125",141,98,18,0.2752808988764045,155,32,0.1938202247191011,,,,0.6039325842696629,0.9307359307359307,215.0,356,103.27777777777776,0.2901061173533083
P00888,6AGM,A,3,1.10853,1,-0.0378,0,"76,306","73,74,75,76,77,78,79,303,304,305,306,307,308,309",58,"55,56,57,58,59,60,61","76,306",58,230,5,0.6460674157303371,294,35,0.1882022471910112,0.1629213483146067,0.7631578947368421,58.0,,,,356,232.0,0.651685393258427
P00894,2F1F,A,1,0.00635,0,-0.72918,1,"88,113","85,86,87,88,89,90,91,110,111,112,113,114,115,116",121,"118,119,120,121,122,123,124","88,113",121,25,2,0.1533742331288343,51,30,0.3006134969325153,,,,0.2576687116564417,0.84,42.0,163,25.5,0.156441717791411
P00894,2F1F,A,2,-0.68625,1,0.03072,0,"43,71","40,41,42,43,44,45,46,68,69,70,71,72,73,74",8,"5,6,7,8,9,10,11","43,71",8,28,1,0.1717791411042944,65,33,0.294478527607362,0.0490797546012269,0.1860465116279069,8.0,,,,163,28.0,0.1717791411042944
P00909,1PII,A,1,0.02457,0,1.05958,1,"32,124","29,30,31,32,33,34,35,121,122,123,124,125,126,127",132,"129,130,131,132,133,134,135","33,125",133,92,5,0.2030905077262693,149,40,0.1368653421633554,,,,0.7064017660044151,0.975609756097561,320.0,453,95.6,0.2110375275938189
P00909,1PII,A,2,-0.03333,0,0.76142,1,"50,223","47,48,49,50,51,52,53,220,221,222,223,224,225,226",232,"229,230,231,232,233,234,235","51,224",233,173,1,0.3818984547461369,229,35,0.1479028697571744,,,,0.4856512141280353,0.960698689956332,220.0,453,173.0,0.3818984547461369
P00909,1PII,A,3,0.92396,1,0.21157,0,"289,384","286,287,288,289,290,291,292,381,382,383,384,385,386,387",281,"278,279,280,281,282,283,284","290,385",282,95,9,0.2097130242825607,135,35,0.1324503311258278,0.6225165562913907,0.9724137931034482,282.0,,,,453,132.77777777777777,0.2931076772136374
P00909,1PII,A,4,0.0,0,0.92683,1,"8,59","5,6,7,8,9,10,11,56,57,58,59,60,61,62",111,"108,109,110,111,112,113,114","9,60",112,51,15,0.1125827814569536,115,36,0.1633554083885209,,,,0.7527593818984547,0.8676844783715013,341.0,453,84.46666666666667,0.1864606328182487
P00909,1PII,A,5,0.83021,1,0.05236,0,"61,186","58,59,60,61,62,63,64,183,184,185,186,187,188,189",54,"51,52,53,54,55,56,57","62,187",55,125,26,0.2759381898454746,188,40,0.1655629139072847,0.1214128035320088,0.8870967741935484,55.0,,,,453,170.1153846153846,0.3755306503650874
P00909,1PII,A,6,0.91556,1,0.0,0,"274,442","271,272,273,274,275,276,277,439,440,441,442,443,444,445",258,"255,256,257,258,259,260,261","275,443",259,168,12,0.3708609271523179,203,35,0.1456953642384106,0.5717439293598234,0.9418181818181818,259.0,,,,453,170.33333333333334,0.3760117733627667
P00914,1DNP,A,1,0.62641,1,0.3312,0,"57,243","54,55,56,57,58,59,60,240,241,242,243,244,245,246",35,"32,33,34,35,36,37,38","58,244",36,186,2,0.3940677966101695,282,33,0.1716101694915254,0.0762711864406779,0.6206896551724138,36.0,,,,472,187.0,0.3961864406779661
P00926,3SS7,X,1,0.65493,1,0.02767,0,"175,236","172,173,174,175,176,177,178,233,234,235,236,237,238,239",164,"161,162,163,164,165,166,167","175,236",164,61,1,0.1380090497737556,95,32,0.1515837104072398,0.3710407239819004,0.9371428571428572,164.0,,,,442,61.0,0.1380090497737556
P00926,3SS7,X,2,0.87911,1,0.65542,0,"198,338","195,196,197,198,199,200,201,335,336,337,338,339,340,341",189,"186,187,188,189,190,191,192","198,338",189,140,5,0.3167420814479638,245,32,0.1583710407239819,0.4276018099547511,0.9545454545454546,189.0,,,,442,214.4,0.4850678733031674
P00926,3SS7,X,3,0.73178,1,-0.08344,0,"291,422","288,289,290,291,292,293,294,419,420,421,422,423,424,425",274,"271,272,273,274,275,276,277","291,422",274,131,2,0.2963800904977375,221,43,0.2036199095022624,0.6199095022624435,0.9415807560137456,274.0,,,,442,133.0,0.3009049773755656
P00926,3SS7,X,4,0.07191,0,0.86596,1,"24,307","21,22,23,24,25,26,27,304,305,306,307,308,309,310",362,"359,360,361,362,363,364,365","24,307",362,283,30,0.6402714932126696,362,38,0.1425339366515837,,,,0.1809954751131221,0.5925925925925926,80.0,442,302.26666666666665,0.6838612368024133
P00926,3SS7,X,5,-0.04265,0,0.67503,1,"103,394","100,101,102,103,104,105,106,391,392,393,394,395,396,397",422,"419,420,421,422,423,424,425","103,394",422,291,14,0.6583710407239819,380,41,0.1628959276018099,,,,0.0452488687782805,0.4166666666666667,20.0,442,299.35714285714283,0.6772786037491919
P00926,3SS7,X,6,0.92774,1,-0.04714,0,"337,365","334,335,336,337,338,339,340,362,363,364,365,366,367,368",305,"302,303,304,305,306,307,308","337,365",305,28,14,0.0633484162895927,97,47,0.1561085972850678,0.6900452488687783,0.9050445103857568,305.0,,,,442,44.07142857142857,0.0997091144149967
P00934,1VB3,A,1,0.15036,0,0.77319,1,"93,358","90,91,92,93,94,95,96,355,356,357,358,359,360,361",374,"371,372,373,374,375,376,377","93,358",374,265,6,0.6191588785046729,354,37,0.1565420560747663,,,,0.1261682242990654,0.7714285714285715,54.0,428,268.6666666666667,0.6277258566978193
P00934,1VB3,A,2,0.70638,1,0.23619,0,"145,211","142,143,144,145,146,147,148,208,209,210,211,212,213,214",130,"127,128,129,130,131,132,133","145,211",130,66,2,0.1542056074766355,132,35,0.1799065420560747,0.3037383177570093,0.896551724137931,130.0,,,,428,68.0,0.1588785046728972
P00934,1VB3,A,3,0.35565,0,0.86045,1,"187,293","184,185,186,187,188,189,190,290,291,292,293,294,295,296",303,"300,301,302,303,304,305,306","187,293",303,106,2,0.2476635514018691,211,37,0.1448598130841121,,,,0.2920560747663551,0.925925925925926,125.0,428,107.0,0.25
P00934,1VB3,A,4,1.04411,1,0.00982,0,"252,374","249,250,251,252,253,254,255,371,372,373,374,375,376,377",244,"241,242,243,244,245,246,247","252,374",244,122,2,0.2850467289719626,186,42,0.1845794392523364,0.5700934579439252,0.9682539682539684,244.0,,,,428,123.0,0.2873831775700934
P00934,1VB3,A,5,0.45775,0,0.94158,1,"27,194","24,25,26,27,28,29,30,191,192,193,194,195,196,197",218,"215,216,217,218,219,220,221","27,194",218,167,7,0.3901869158878505,259,34,0.1728971962616822,,,,0.4906542056074766,0.8974358974358975,210.0,428,171.28571428571428,0.4002002670226969
P00934,1VB3,A,6,0.97809,1,0.57785,0,"166,299","163,164,165,166,167,168,169,296,297,298,299,300,301,302",157,"154,155,156,157,158,159,160","166,299",157,133,31,0.3107476635514019,269,36,0.1939252336448598,0.366822429906542,0.9457831325301204,157.0,,,,428,227.96774193548387,0.5326349110642147
P00934,1VB3,A,7,0.90977,1,-0.07913,0,"297,333","294,295,296,297,298,299,300,330,331,332,333,334,335,336",273,"270,271,272,273,274,275,276","297,333",273,36,16,0.0841121495327102,91,42,0.1542056074766355,0.6378504672897196,0.9191919191919192,273.0,,,,428,56.6875,0.132447429906542
P00934,1VB3,A,8,1.02203,3,0.0,0,"202,417","199,200,201,202,203,204,205,414,415,416,417,418,419,420","156,167,180","153,154,155,156,157,158,159,164,165,166,167,168,169,170,177,178,179,180,181,182,183","202,417","156,167,180",215,16,0.5023364485981309,317,72,0.2289719626168224,0.3644859813084112,0.7722772277227723,156.0,,,,428,221.1875,0.5167932242990654
P00935,1CS1,A,1,-0.60693,1,-0.73324,1,"146,278","143,144,145,146,147,148,149,275,276,277,278,279,280,281","72,297","69,70,71,72,73,74,75,294,295,296,297,298,299,300","146,278","72,297",132,62,0.3419689119170984,227,79,0.3056994818652849,0.1865284974093264,0.4931506849315068,72.0,0.2305699481865284,0.8240740740740741,89.0,386,94.03225806451611,0.2436068861775029
P00935,1CS1,A,2,-1.30168,1,-0.61619,1,"204,329","201,202,203,204,205,206,207,326,327,328,329,330,331,332","72,361","69,70,71,72,73,74,75,358,359,360,361,362,363,364","204,329","72,361",125,10,0.3238341968911917,225,81,0.2772020725388601,0.1865284974093264,0.3529411764705882,72.0,0.0647668393782383,0.4385964912280701,25.0,386,155.7,0.4033678756476683
P00935,1CS1,A,3,-0.07415,0,-0.83524,1,"72,196","69,70,71,72,73,74,75,193,194,195,196,197,198,199",210,"207,208,209,210,211,212,213","72,196",210,124,5,0.3212435233160621,188,43,0.194300518134715,,,,0.4559585492227979,0.9263157894736842,176.0,386,130.8,0.338860103626943
P00957,3HXU,A,1,0.60317,1,-0.0391,0,"142,182","139,140,141,142,143,144,145,179,180,181,182,183,184,185",130,"127,128,129,130,131,132,133","143,183",131,40,1,0.045662100456621,84,34,0.0730593607305936,0.1495433789954338,0.916083916083916,131.0,,,,876,40.0,0.045662100456621
P00957,3HXU,A,2,-0.17614,0,-0.89011,1,"85,208","82,83,84,85,86,87,88,205,206,207,208,209,210,211",237,"234,235,236,237,238,239,240","86,209",238,123,4,0.1404109589041096,199,40,0.1015981735159817,,,,0.728310502283105,0.9565217391304348,638.0,876,157.5,0.1797945205479452
P00957,3HXU,A,3,-0.35079,0,-1.02381,3,"74,170","71,72,73,74,75,76,77,167,168,169,170,171,172,173","182,211,237","179,180,181,182,183,184,185,208,209,210,211,212,213,214,234,235,236,237,238,239,240","75,171","183,212,238",96,18,0.1095890410958904,169,73,0.1244292237442922,,,,0.728310502283105,0.9049645390070922,638.0,876,116.88888888888889,0.1334348046676813
P00959,1PFV,A,1,0.63031,1,-0.03381,0,"21,333","18,19,20,21,22,23,24,330,331,332,333,334,335,336",13,"10,11,12,13,14,15,16","22,334",14,312,6,0.4608567208271787,364,35,0.1019202363367799,0.0206794682422452,0.6363636363636364,14.0,,,,677,319.6666666666667,0.4721811915312654
P00959,1PFV,A,2,0.03349,0,0.64255,1,"389,445","386,387,388,389,390,391,392,442,443,444,445,446,447,448",480,"477,478,479,480,481,482,483","390,446",481,56,44,0.0827178729689808,106,33,0.1019202363367799,,,,0.2895125553914328,0.8484848484848485,196.0,677,163.27272727272728,0.2411709413186518
P00959,1PFV,A,3,0.30833,0,-1.15691,3,"63,132","60,61,62,63,64,65,66,129,130,131,132,133,134,135","189,233,250","186,187,188,189,190,191,192,230,231,232,233,234,235,236,247,248,249,250,251,252,253","64,133","190,234,251",69,10,0.1019202363367799,145,52,0.1240768094534712,,,,0.6292466765140325,0.7830882352941176,426.0,677,82.3,0.1215657311669128
P00959,1PFV,A,4,0.04833,0,-0.64023,1,"190,242","187,188,189,190,191,192,193,239,240,241,242,243,244,245",250,"247,248,249,250,251,252,253","191,243",251,52,25,0.0768094534711964,97,27,0.0856720827178729,,,,0.6292466765140325,0.9815668202764976,426.0,677,157.32,0.2323781388478581
P00959,1PFV,A,5,-0.68754,1,-0.00202,0,"154,176","151,152,153,154,155,156,157,173,174,175,176,177,178,179",141,"138,139,140,141,142,143,144","155,177",142,22,6,0.0324963072378138,47,28,0.0664697193500738,0.2097488921713441,0.9161290322580644,142.0,,,,677,71.5,0.1056129985228951
P00962,4JYZ,A,1,0.07917,0,0.89267,1,"343,412","340,341,342,343,344,345,346,409,410,411,412,413,414,415",457,"454,455,456,457,458,459,460","344,413",458,69,1,0.1245487364620938,114,37,0.1389891696750902,,,,0.1732851985559566,0.6808510638297872,96.0,554,69.0,0.1245487364620938
P00962,4JYZ,A,2,0.69377,1,0.09546,0,"53,228","50,51,52,53,54,55,56,225,226,227,228,229,230,231",30,"27,28,29,30,31,32,33","54,229",31,175,28,0.315884476534296,227,35,0.1101083032490974,0.055956678700361,0.5740740740740741,31.0,,,,554,229.9642857142857,0.4150979886539453
P00962,4JYZ,A,3,0.95068,1,-0.06436,0,"77,274","74,75,76,77,78,79,80,271,272,273,274,275,276,277",64,"61,62,63,64,65,66,67","78,275",65,197,17,0.3555956678700361,266,35,0.1281588447653429,0.1173285198555956,0.8333333333333334,65.0,,,,554,212.05882352941177,0.3827776598003822
P00962,4JYZ,A,4,0.83872,1,0.17947,0,"457,519","454,455,456,457,458,459,460,516,517,518,519,520,521,522",343,"340,341,342,343,344,345,346","458,520",344,62,13,0.111913357400722,116,34,0.1281588447653429,0.6209386281588448,0.7510917030567685,344.0,,,,554,104.3076923076923,0.188281033046376
P00962,4JYZ,A,5,0.05584,0,-0.65784,1,"346,469","343,344,345,346,347,348,349,466,467,468,469,470,471,472",502,"499,500,501,502,503,504,505","347,470",503,123,2,0.2220216606498194,151,32,0.1137184115523465,,,,0.0920577617328519,0.6071428571428571,51.0,554,124.0,0.223826714801444
P00962,4JYZ,A,6,-0.16572,0,-0.74211,1,"354,421","351,352,353,354,355,356,357,418,419,420,421,422,423,424",435,"432,433,434,435,436,437,438","355,422",436,67,1,0.1209386281588447,109,32,0.095667870036101,,,,0.2129963898916967,0.8939393939393939,118.0,554,67.0,0.1209386281588447
P00962,4JYZ,A,7,-0.79639,1,0.00716,0,"500,535","497,498,499,500,501,502,503,532,533,534,535,536,537,538",466,"463,464,465,466,467,468,469","501,536",467,35,1,0.0631768953068592,76,31,0.0938628158844765,0.8429602888086642,0.9321357285429142,467.0,,,,554,35.0,0.0631768953068592
P00962,4JYZ,A,8,-0.04683,0,-0.60779,1,"103,198","100,101,102,103,104,105,106,195,196,197,198,199,200,201",207,"204,205,206,207,208,209,210","104,199",208,95,20,0.1714801444043321,123,31,0.1010830324909747,,,,0.6245487364620939,0.9746478873239436,346.0,554,122.75,0.2215703971119133
P00962,4JYZ,A,9,-0.86001,1,-0.10178,0,"146,175","143,144,145,146,147,148,149,172,173,174,175,176,177,178",120,"117,118,119,120,121,122,123","147,176",121,29,23,0.0523465703971119,63,32,0.095667870036101,0.2184115523465704,0.8231292517006803,121.0,,,,554,42.95652173913044,0.0775388479045675
P00963,12AS,B,1,0.00612,0,-0.79824,1,"37,57","34,35,36,37,38,39,40,54,55,56,57,58,59,60",68,"65,66,67,68,69,70,71","37,57",68,20,2,0.0606060606060606,50,31,0.1454545454545454,,,,0.793939393939394,0.9597069597069596,262.0,330,21.0,0.0636363636363636
P00963,12AS,B,2,-0.23473,0,-0.73415,1,"109,247","106,107,108,109,110,111,112,244,245,246,247,248,249,250",294,"291,292,293,294,295,296,297","109,247",294,138,16,0.4181818181818181,220,33,0.2242424242424242,,,,0.109090909090909,0.4337349397590361,36.0,330,214.8125,0.6509469696969697
P00963,12AS,B,3,0.04137,0,-0.74619,3,"75,217","72,73,74,75,76,77,78,214,215,216,217,218,219,220","234,251,294","231,232,233,234,235,236,237,248,249,250,251,252,253,254,291,292,293,294,295,296,297","75,217","234,251,294",142,11,0.4303030303030303,232,68,0.3272727272727272,,,,0.109090909090909,0.3185840707964602,36.0,330,147.72727272727272,0.4476584022038567
P00968,1BXR,C,1,0.0,0,0.67254,1,"2,224","-1,0,1,2,3,4,5,221,222,223,224,225,226,227",300,"297,298,299,300,301,302,303","2,224",300,222,2,0.2068965517241379,343,35,0.0661696178937558,,,,0.7204100652376515,0.9104829210836278,773.0,1073,222.5,0.2073625349487418
P00968,1BXR,C,2,0.63666,1,-0.01989,0,"779,849","776,777,778,779,780,781,782,846,847,848,849,850,851,852",763,"760,761,762,763,764,765,766","779,849",763,70,9,0.0652376514445479,149,39,0.0782851817334576,0.7110904007455732,0.9794608472400512,763.0,,,,1073,83.44444444444444,0.0777674225950088
P00968,1BXR,C,3,0.81684,1,-0.24256,0,"57,855","54,55,56,57,58,59,60,852,853,854,855,856,857,858",48,"45,46,47,48,49,50,51","57,855",48,798,8,0.7437092264678472,915,43,0.0736253494874184,0.0447343895619757,0.8421052631578947,48.0,,,,1073,938.625,0.874767008387698
P00968,1BXR,C,4,0.67263,1,0.00617,0,"234,307","231,232,233,234,235,236,237,304,305,306,307,308,309,310",216,"213,214,215,216,217,218,219","234,307",216,73,17,0.0680335507921714,156,40,0.0764212488350419,0.2013047530288909,0.9230769230769232,216.0,,,,1073,98.47058823529412,0.0917712844690532
P00968,1BXR,C,5,0.73659,1,-0.01725,0,"594,636","591,592,593,594,595,596,597,633,634,635,636,637,638,639",561,"558,559,560,561,562,563,564","594,636",561,42,20,0.0391425908667288,112,28,0.0493942218080149,0.5228331780055918,0.9444444444444444,561.0,,,,1073,260.1,0.2424044734389562
P00968,1BXR,C,6,0.67397,1,-0.04224,0,"964,1012","961,962,963,964,965,966,967,1009,1010,1011,1012,1013,1014,1015",944,"941,942,943,944,945,946,947","964,1012",944,48,19,0.0447343895619757,81,29,0.0568499534016775,0.8797763280521901,0.979253112033195,944.0,,,,1073,82.84210526315789,0.0772060626870064
P00968,1BXR,C,7,-0.35458,0,-1.09159,1,"366,721","363,364,365,366,367,368,369,718,719,720,721,722,723,724",749,"746,747,748,749,750,751,752","366,721",749,355,3,0.3308480894687791,490,32,0.0671015843429636,,,,0.3019571295433364,0.9204545454545454,324.0,1073,356.6666666666667,0.3324013668841255
P00968,1BXR,C,8,-0.87806,1,0.5188,0,"373,426","370,371,372,373,374,375,376,423,424,425,426,427,428,429",360,"357,358,359,360,361,362,363","373,426",360,53,10,0.0493942218080149,132,40,0.0792171481826654,0.3355079217148182,0.96514745308311,360.0,,,,1073,57.6,0.0536812674743709
P00968,1BXR,C,9,-0.84741,1,-0.01705,0,"727,755","724,725,726,727,728,729,730,752,753,754,755,756,757,758",712,"709,710,711,712,713,714,715","727,755",712,28,2,0.0260950605778192,64,32,0.054054054054054,0.6635601118359739,0.9793672627235214,712.0,,,,1073,105.5,0.0983224603914259
P00968,1BXR,C,10,-0.09022,0,-0.85359,1,"378,899","375,376,377,378,379,380,381,896,897,898,899,900,901,902",913,"910,911,912,913,914,915,916","378,899",913,521,20,0.4855545200372786,622,42,0.081081081081081,,,,0.1491146318732525,0.9195402298850576,160.0,1073,652.5,0.6081081081081081
P00968,1BXR,C,11,-0.76824,1,-0.01692,0,"183,211","180,181,182,183,184,185,186,208,209,210,211,212,213,214",166,"163,164,165,166,167,168,169","183,211",166,28,17,0.0260950605778192,67,30,0.0577819198508853,0.1547064305684995,0.907103825136612,166.0,,,,1073,155.0,0.1444547996272134
P00968,1BXR,C,12,0.03788,0,-0.80227,1,"389,527","386,387,388,389,390,391,392,524,525,526,527,528,529,530",546,"543,544,545,546,547,548,549","389,527",546,138,32,0.1286113699906803,187,31,0.0689655172413793,,,,0.4911463187325256,0.9652014652014652,527.0,1073,191.0,0.1780055917986952
P00968,1BXR,C,13,-0.99884,1,0.63543,1,"542,610","539,540,541,542,543,544,545,607,608,609,610,611,612,613","525,616","522,523,524,525,526,527,528,613,614,615,616,617,618,619","542,610","525,616",68,16,0.0633737185461323,157,59,0.0717614165890028,0.48928238583411,0.9686346863468634,525.0,0.4259086672879776,0.9870410367170628,457.0,1073,69.8125,0.0650629077353215
P00968,1BXR,C,14,-0.66265,1,0.95491,1,"729,1019","726,727,728,729,730,731,732,1016,1017,1018,1019,1020,1021,1022","716,1042","713,714,715,716,717,718,719,1039,1040,1041,1042,1043,1044,1045","729,1019","716,1042",290,16,0.2702702702702703,424,72,0.0904007455731593,0.6672879776328052,0.9821673525377228,716.0,0.0288909599254426,0.5740740740740741,31.0,1073,195.25,0.1819664492078285
P00968,1BXR,C,15,-0.98024,1,0.87492,1,"906,1023","903,904,905,906,907,908,909,1020,1021,1022,1023,1024,1025,1026","893,1040","890,891,892,893,894,895,896,1037,1038,1039,1040,1041,1042,1043","906,1023","893,1040",117,16,0.1090400745573159,197,71,0.0969245107176141,0.8322460391425909,0.9856512141280354,893.0,0.0307548928238583,0.66,33.0,1073,126.3125,0.1177190121155638
P00968,1BXR,C,16,0.80051,1,-0.87757,1,"26,174","23,24,25,26,27,28,29,171,172,173,174,175,176,177","13,203","10,11,12,13,14,15,16,200,201,202,203,204,205,206","26,174","13,203",148,49,0.1379310344827586,255,80,0.1146318732525629,0.0121155638397017,0.5,13.0,0.8108108108108109,0.967741935483871,870.0,1073,147.53061224489795,0.1374935808433345
P00968,1BXR,C,17,1.00151,1,-0.97745,1,"574,720","571,572,573,574,575,576,577,717,718,719,720,721,722,723","566,750","563,564,565,566,567,568,569,747,748,749,750,751,752,753","574,720","566,750",146,43,0.1360671015843429,265,78,0.1071761416589002,0.527493010251631,0.9860627177700348,566.0,0.3010251630941286,0.9150141643059492,323.0,1073,129.74418604651163,0.1209172283751273
P00968,1BXR,C,18,1.01981,1,0.94932,1,"24,570","21,22,23,24,25,26,27,567,568,569,570,571,572,573","13,618","10,11,12,13,14,15,16,615,616,617,618,619,620,621","24,570","13,618",546,76,0.5088536812674743,653,86,0.1323392357875116,0.0121155638397017,0.5416666666666666,13.0,0.424044734389562,0.904572564612326,455.0,1073,327.8421052631579,0.3055378427429244
P00968,1BXR,C,19,0.80957,3,0.97584,1,"57,580","54,55,56,57,58,59,60,577,578,579,580,581,582,583","13,27,47,618","10,11,12,13,14,15,16,24,25,26,27,28,29,30,44,45,46,47,48,49,50,615,616,617,618,619,620,621","57,580","13,27,47,618",523,6,0.4874184529356943,658,126,0.1500465983224604,0.0121155638397017,0.2280701754385964,13.0,0.424044734389562,0.922920892494929,455.0,1073,526.6666666666666,0.4908356632494563
P02916,3RLF,F,1,-0.83105,3,0.17918,0,"161,191","158,159,160,161,162,163,164,188,189,190,191,192,193,194","123,133,144","120,121,122,123,124,125,126,130,131,132,133,134,135,136,141,142,143,144,145,146,147","161,191","123,133,144",30,21,0.0583657587548638,60,53,0.1342412451361867,0.2392996108949416,0.7639751552795031,123.0,,,,514,31.0,0.0603112840466926
P02916,3RLF,F,2,-0.90543,1,0.04578,0,"133,188","130,131,132,133,134,135,136,185,186,187,188,189,190,191",124,"121,122,123,124,125,126,127","133,188",124,55,4,0.1070038910505836,79,30,0.1322957198443579,0.2412451361867704,0.9323308270676692,124.0,,,,514,64.0,0.1245136186770428
P02919,5HLB,A,1,-1.0399,2,-0.0415,0,"162,439","159,160,161,162,163,164,165,436,437,438,439,440,441,442","104,155","101,102,103,104,105,106,107,152,153,154,155,156,157,158","162,439","104,155",277,4,0.3281990521327014,346,65,0.1066350710900474,0.1232227488151658,0.6419753086419753,104.0,,,,844,319.75,0.3788507109004739
P02919,5HLB,A,2,-0.91883,1,-0.86726,1,"564,772","561,562,563,564,565,566,567,769,770,771,772,773,774,775","513,783","510,511,512,513,514,515,516,780,781,782,783,784,785,786","564,772","513,783",208,38,0.2464454976303317,314,62,0.1137440758293838,0.6078199052132701,0.9095744680851064,513.0,0.0722748815165876,0.8472222222222222,61.0,844,177.6315789473684,0.2104639560987777
P02919,5HLB,A,3,0.0168,0,-0.7303,1,"505,602","502,503,504,505,506,507,508,599,600,601,602,603,604,605",615,"612,613,614,615,616,617,618","505,602",615,97,1,0.1149289099526066,156,38,0.0675355450236966,,,,0.2713270142180095,0.9462809917355371,229.0,844,97.0,0.1149289099526066
P02919,5HLB,A,4,-0.07028,0,-0.81914,1,"100,276","97,98,99,100,101,102,103,273,274,275,276,277,278,279",312,"309,310,311,312,313,314,315","100,276",312,176,18,0.2085308056872037,241,29,0.0758293838862559,,,,0.6303317535545023,0.9366197183098592,532.0,844,200.0,0.2369668246445497
P02919,5HLB,A,5,0.04557,0,-0.76394,1,"110,161","107,108,109,110,111,112,113,158,159,160,161,162,163,164",197,"194,195,196,197,198,199,200","110,161",197,51,3,0.0604265402843601,92,29,0.0627962085308056,,,,0.7665876777251185,0.9472913616398244,647.0,844,51.66666666666666,0.061216429699842
P02919,5HLB,A,6,-0.80908,1,0.01779,0,"774,785","771,772,773,774,775,776,777,782,783,784,785,786,787,788",767,"764,765,766,767,768,769,770","774,785",767,11,9,0.0130331753554502,34,29,0.0521327014218009,0.9087677725118484,0.9909560723514212,767.0,,,,844,19.0,0.0225118483412322
P02920,2CFQ,A,1,0.78171,1,0.1973,0,"60,355","57,58,59,60,61,62,63,352,353,354,355,356,357,358",24,"21,22,23,24,25,26,27","60,355",24,295,3,0.7074340527577938,372,28,0.1654676258992805,0.0575539568345323,0.4,24.0,,,,417,300.0,0.7194244604316546
P02920,2CFQ,A,2,-0.12018,0,0.80047,1,"48,99","45,46,47,48,49,50,51,96,97,98,99,100,101,102",114,"111,112,113,114,115,116,117","48,99",114,51,19,0.1223021582733813,107,29,0.1726618705035971,,,,0.7266187050359713,0.9528301886792452,303.0,417,61.10526315789474,0.1465354032563423
P02920,2CFQ,A,3,-0.01931,0,0.68495,1,"243,302","240,241,242,243,244,245,246,299,300,301,302,303,304,305",321,"318,319,320,321,322,323,324","243,302",321,59,20,0.1414868105515587,122,26,0.1630695443645084,,,,0.2302158273381295,0.8347826086956521,96.0,417,64.9,0.1556354916067146
P02920,2CFQ,A,4,0.83173,1,-0.00935,0,"340,401","337,338,339,340,341,342,343,398,399,400,401,402,403,404",231,"228,229,230,231,232,233,234","340,401",231,61,46,0.1462829736211031,129,33,0.1678657074340527,0.5539568345323741,0.6794117647058824,231.0,,,,417,90.78260869565216,0.217704097591492
P02920,2CFQ,A,5,0.80057,1,0.98416,1,"49,241","46,47,48,49,50,51,52,238,239,240,241,242,243,244","19,351","16,17,18,19,20,21,22,348,349,350,351,352,353,354","49,241","19,351",192,90,0.460431654676259,278,58,0.2661870503597122,0.0455635491606714,0.3877551020408163,19.0,0.158273381294964,0.375,66.0,417,182.12222222222223,0.4367439381827871
P02924,1ABE,A,1,0.64498,1,0.25141,0,"159,202","156,157,158,159,160,161,162,199,200,201,202,203,204,205",137,"134,135,136,137,138,139,140","182,225",160,43,10,0.1306990881458966,86,39,0.2310030395136778,0.486322188449848,0.8791208791208791,160.0,,,,329,56.7,0.1723404255319149
P02925,2DRI,A,1,0.63487,1,0.22266,0,"141,164","138,139,140,141,142,143,144,161,162,163,164,165,166,167",130,"127,128,129,130,131,132,133","166,189",155,23,11,0.0777027027027027,63,35,0.2162162162162162,0.5236486486486487,0.933734939759036,155.0,,,,296,50.09090909090909,0.1692260442260442
P02930,1TQQ,A,1,-0.17528,0,-1.03316,1,"103,221","100,101,102,103,104,105,106,218,219,220,221,222,223,224",393,"390,391,392,393,394,395,396","125,243",415,118,90,0.2393509127789046,182,26,0.1460446247464503,,,,0.1582150101419878,0.312,78.0,493,179.8111111111111,0.3647284201036736
P02930,1TQQ,A,2,0.66412,1,-0.73074,1,"160,373","157,158,159,160,161,162,163,370,371,372,373,374,375,376","113,400","110,111,112,113,114,115,116,397,398,399,400,401,402,403","182,395","135,422",213,12,0.4320486815415821,312,49,0.1886409736308316,0.2738336713995943,0.7417582417582418,135.0,0.1440162271805274,0.7244897959183674,71.0,493,215.83333333333331,0.4377958079783637
P02931,3POQ,A,1,-0.14464,0,-0.73372,1,"205,242","202,203,204,205,206,207,208,239,240,241,242,243,244,245",250,"247,248,249,250,251,252,253","227,264",272,37,1,0.1022099447513812,96,36,0.1381215469613259,,,,0.2486187845303867,0.9183673469387756,90.0,362,37.0,0.1022099447513812
P02943,1AF6,A,1,-0.65403,1,0.05956,0,"163,203","160,161,162,163,164,165,166,200,201,202,203,204,205,206",151,"148,149,150,151,152,153,154","188,228",176,40,15,0.0896860986547085,93,32,0.1031390134529148,0.3946188340807174,0.9361702127659576,176.0,,,,446,98.46666666666668,0.2207772795216741
P03018,2IS6,A,1,0.64963,1,-0.00554,0,"35,279","32,33,34,35,36,37,38,276,277,278,279,280,281,282",27,"24,25,26,27,28,29,30","35,279",27,244,2,0.3388888888888889,303,37,0.0819444444444444,0.0375,0.7714285714285715,27.0,,,,720,244.5,0.3395833333333333
P03018,2IS6,A,2,0.62912,1,0.27732,0,"70,220","67,68,69,70,71,72,73,217,218,219,220,221,222,223",60,"57,58,59,60,61,62,63","70,220",60,150,1,0.2083333333333333,212,36,0.0958333333333333,0.0833333333333333,0.8571428571428571,60.0,,,,720,150.0,0.2083333333333333
P03018,2IS6,A,3,0.9169,1,0.006,0,"336,644","333,334,335,336,337,338,339,641,642,643,644,645,646,647",319,"316,317,318,319,320,321,322","336,644",319,308,2,0.4277777777777777,374,31,0.0805555555555555,0.4430555555555555,0.949404761904762,319.0,,,,720,310.0,0.4305555555555556
P03018,2IS6,A,4,0.78122,1,0.25251,0,"363,573","360,361,362,363,364,365,366,570,571,572,573,574,575,576",352,"349,350,351,352,353,354,355","363,573",352,210,4,0.2916666666666667,275,36,0.1055555555555555,0.4888888888888889,0.9696969696969696,352.0,,,,720,214.75,0.2982638888888889
P03018,2IS6,A,5,0.68806,0,1.0255,3,"65,377","62,63,64,65,66,67,68,374,375,376,377,378,379,380","573,602,612","570,571,572,573,574,575,576,599,600,601,602,603,604,605,609,610,611,612,613,614,615","65,377","573,602,612",312,36,0.4333333333333333,434,83,0.1888888888888888,,,,0.15,0.314868804664723,108.0,720,357.6111111111111,0.496682098765432
P03018,2IS6,A,6,0.65919,1,1.17346,3,"186,396","183,184,185,186,187,188,189,393,394,395,396,397,398,399","113,572,601,613","110,111,112,113,114,115,116,569,570,571,572,573,574,575,598,599,600,601,602,603,604,610,611,612,613,614,615,616","186,396","113,572,601,613",210,21,0.2916666666666667,358,111,0.2083333333333333,0.1569444444444444,0.6075268817204301,113.0,0.1486111111111111,0.3302469135802469,107.0,720,244.52380952380952,0.3396164021164021
P03018,2IS6,A,7,0.61509,1,0.82848,1,"300,597","297,298,299,300,301,302,303,594,595,596,597,598,599,600","286,611","283,284,285,286,287,288,289,608,609,610,611,612,613,614","300,597","286,611",297,11,0.4125,379,59,0.1333333333333333,0.3972222222222222,0.9533333333333334,286.0,0.1513888888888888,0.8861788617886179,109.0,720,349.8181818181818,0.4858585858585859
P03023,4RZS,B,1,0.83986,1,0.08119,0,"83,123","80,81,82,83,84,85,86,120,121,122,123,124,125,126",65,"62,63,64,65,66,67,68","83,123",65,40,24,0.1111111111111111,77,35,0.1861111111111111,0.1805555555555555,0.7831325301204819,65.0,,,,360,180.58333333333331,0.5016203703703704
P03023,4RZS,B,2,0.61205,1,0.1157,0,"197,220","194,195,196,197,198,199,200,217,218,219,220,221,222,223",186,"183,184,185,186,187,188,189","197,220",186,23,9,0.0638888888888888,56,34,0.1638888888888889,0.5166666666666667,0.9441624365482234,186.0,,,,360,52.55555555555556,0.1459876543209876
P03959,5MRW,A,1,0.08459,0,-0.80721,1,"352,447","349,350,351,352,353,354,355,444,445,446,447,448,449,450",455,"452,453,454,455,456,457,458","352,447",455,95,1,0.170556552962298,199,32,0.118491921005386,,,,0.1831238779174147,0.9272727272727272,102.0,557,95.0,0.170556552962298
P03959,5MRW,A,2,0.06749,0,-0.77833,1,"31,149","28,29,30,31,32,33,34,146,147,148,149,150,151,152",170,"167,168,169,170,171,172,173","31,149",170,118,8,0.2118491921005386,193,24,0.111310592459605,,,,0.6947935368043088,0.9485294117647058,387.0,557,121.125,0.21745960502693
P03959,5MRW,A,3,-0.67507,1,-0.0503,0,"162,508","159,160,161,162,163,164,165,505,506,507,508,509,510,511",140,"137,138,139,140,141,142,143","162,508",140,346,7,0.6211849192100538,464,32,0.1364452423698384,0.2513464991023339,0.8641975308641975,140.0,,,,557,348.7142857142857,0.6260579635804052
P03959,5MRW,A,4,-0.63867,1,0.0,0,"457,546","454,455,456,457,458,459,460,543,544,545,546,547,548,549",384,"381,382,383,384,385,386,387","457,546",384,89,12,0.1597845601436265,194,29,0.1382405745062836,0.6894075403949731,0.8402625820568927,384.0,,,,557,97.25,0.1745960502692998
P03960,5MRW,B,1,-0.01518,0,0.88707,2,"202,539","199,200,201,202,203,204,205,536,537,538,539,540,541,542","548,549","545,546,547,548,549,550,551,546,547,548,549,550,551,552","202,539","548,549",337,1,0.4941348973607038,436,34,0.0894428152492668,,,,0.1950146627565982,0.93006993006993,133.0,682,337.0,0.4941348973607038
P03960,5MRW,B,2,0.09138,0,-0.79787,1,"131,147","128,129,130,131,132,133,134,144,145,146,147,148,149,150",189,"186,187,188,189,190,191,192","131,147",189,16,5,0.0234604105571847,60,36,0.0850439882697947,,,,0.7228739002932552,0.9214953271028036,493.0,682,35.6,0.052199413489736
P03960,5MRW,B,3,-0.69704,1,-0.05692,0,"114,133","111,112,113,114,115,116,117,130,131,132,133,134,135,136",107,"104,105,106,107,108,109,110","114,133",107,19,3,0.0278592375366568,46,30,0.0747800586510264,0.156891495601173,0.9385964912280702,107.0,,,,682,55.0,0.0806451612903225
P03960,5MRW,B,4,-1.30354,1,1.07888,1,"163,353","160,161,162,163,164,165,166,350,351,352,353,354,355,356","143,554","140,141,142,143,144,145,146,551,552,553,554,555,556,557","163,353","143,554",190,34,0.2785923753665689,370,73,0.1730205278592375,0.2096774193548387,0.8773006134969326,143.0,0.187683284457478,0.3890577507598784,128.0,682,186.11764705882356,0.2728997757460755
P03960,5MRW,B,5,-0.93099,1,1.34359,2,"173,342","170,171,172,173,174,175,176,339,340,341,342,343,344,345","142,352,555","139,140,141,142,143,144,145,349,350,351,352,353,354,355,552,553,554,555,556,557,558","173,342","142,352,555",169,18,0.2478005865102639,361,92,0.1686217008797653,0.2082111436950146,0.8208092485549133,142.0,0.1862170087976539,0.3735294117647059,127.0,682,187.44444444444449,0.2748452264581297
P03960,5MRW,B,6,0.88738,1,-0.07927,0,"457,559","454,455,456,457,458,459,460,556,557,558,559,560,561,562",305,"302,303,304,305,306,307,308","457,559",305,102,13,0.1495601173020528,144,34,0.1070381231671554,0.4472140762463343,0.6673960612691466,305.0,,,,682,162.0,0.2375366568914956
P04036,1DRW,A,1,0.0,0,0.74764,1,"2,25","-1,0,1,2,3,4,5,22,23,24,25,26,27,28",31,"28,29,30,31,32,33,34","2,25",31,23,1,0.0842490842490842,62,31,0.1684981684981685,,,,0.8864468864468864,0.9758064516129032,242.0,273,23.0,0.0842490842490842
P04036,1DRW,A,2,0.0674,0,0.67194,1,"154,194","151,152,153,154,155,156,157,191,192,193,194,195,196,197",207,"204,205,206,207,208,209,210","154,194",207,40,1,0.1465201465201465,77,31,0.1941391941391941,,,,0.2417582417582417,0.8354430379746836,66.0,273,40.0,0.1465201465201465
P04036,1DRW,A,3,0.63669,1,0.07706,0,"174,220","171,172,173,174,175,176,177,217,218,219,220,221,222,223",158,"155,156,157,158,159,160,161","174,220",158,46,5,0.1684981684981685,83,34,0.2344322344322344,0.5787545787545788,0.9080459770114944,158.0,,,,273,49.0,0.1794871794871795
P04036,1DRW,A,4,0.6634,1,0.04688,0,"21,77","18,19,20,21,22,23,24,74,75,76,77,78,79,80",8,"5,6,7,8,9,10,11","21,77",8,56,24,0.2051282051282051,96,36,0.2600732600732601,0.0293040293040293,0.3809523809523809,8.0,,,,273,201.79166666666663,0.7391636141636141
P04079,1GPM,C,1,0.77159,1,0.14407,0,"247,333","244,245,246,247,248,249,250,330,331,332,333,334,335,336",231,"228,229,230,231,232,233,234","247,333",231,86,6,0.1638095238095238,130,32,0.1295238095238095,0.44,0.9352226720647774,231.0,,,,525,92.16666666666669,0.1755555555555555
P04079,1GPM,C,2,0.61314,1,0.72588,1,"35,338","32,33,34,35,36,37,38,335,336,337,338,339,340,341","13,379","10,11,12,13,14,15,16,376,377,378,379,380,381,382","35,338","13,379",303,39,0.5771428571428572,374,59,0.1561904761904761,0.0247619047619047,0.3714285714285714,13.0,0.2780952380952381,0.7807486631016043,146.0,525,184.48717948717947,0.3514041514041514
P04079,1GPM,C,3,-0.39206,0,-0.72603,1,"122,157","119,120,121,122,123,124,125,154,155,156,157,158,159,160",166,"163,164,165,166,167,168,169","122,157",166,35,11,0.0666666666666666,89,30,0.1066666666666666,,,,0.6838095238095238,0.9755434782608696,359.0,525,41.45454545454545,0.0789610389610389
P04391,1DUV,G,1,0.06477,0,-0.61002,1,"23,142","20,21,22,23,24,25,26,139,140,141,142,143,144,145",324,"321,322,323,324,325,326,327","24,143",325,119,1,0.3562874251497006,161,30,0.1736526946107784,,,,0.0269461077844311,0.0471204188481675,9.0,334,119.0,0.3562874251497006
P04391,1DUV,G,2,0.80669,1,0.13811,0,"62,104","59,60,61,62,63,64,65,101,102,103,104,105,106,107",48,"45,46,47,48,49,50,51","63,105",49,42,25,0.1257485029940119,84,35,0.2005988023952095,0.1467065868263473,0.7777777777777778,49.0,,,,334,205.36,0.6148502994011976
P04391,1DUV,G,3,0.68352,1,0.21348,0,"172,229","169,170,171,172,173,174,175,226,227,228,229,230,231,232",158,"155,156,157,158,159,160,161","173,230",159,57,8,0.1706586826347305,100,36,0.248502994011976,0.4760479041916167,0.9190751445086706,159.0,,,,334,68.75,0.2058383233532934
P04395,1MPG,A,1,-0.38797,0,-0.73354,1,"45,144","42,43,44,45,46,47,48,141,142,143,144,145,146,147",154,"151,152,153,154,155,156,157","45,144",154,99,5,0.351063829787234,182,29,0.1914893617021276,,,,0.4539007092198581,0.927536231884058,128.0,282,101.4,0.3595744680851064
P04425,1GSA,A,1,0.00393,0,-0.79342,1,"140,162","137,138,139,140,141,142,143,159,160,161,162,163,164,165",195,"192,193,194,195,196,197,198","140,162",195,22,11,0.0696202531645569,54,29,0.1677215189873417,,,,0.3829113924050633,0.7857142857142857,121.0,316,49.54545454545455,0.156789413118527
P04425,1GSA,A,2,-0.83361,1,-0.02788,0,"172,200","169,170,171,172,173,174,175,197,198,199,200,201,202,203",157,"154,155,156,157,158,159,160","172,200",157,28,8,0.0886075949367088,56,28,0.1613924050632911,0.4968354430379746,0.9127906976744186,157.0,,,,316,62.125,0.1965981012658227
P04425,1GSA,A,3,0.74217,1,0.04337,0,"225,289","222,223,224,225,226,227,228,286,287,288,289,290,291,292",210,"207,208,209,210,211,212,213","225,289",210,64,7,0.2025316455696202,123,39,0.2594936708860759,0.6645569620253164,0.9333333333333332,210.0,,,,316,73.14285714285714,0.2314647377938517
P04693,3FSL,A,1,-1.09926,1,0.0696,0,"266,299","263,264,265,266,267,268,269,296,297,298,299,300,301,302",104,"101,102,103,104,105,106,107","255,288",100,33,53,0.0831234256926952,83,44,0.1738035264483627,0.2518891687657431,0.392156862745098,100.0,,,,397,102.9622641509434,0.2593507913122
P04816,1USG,A,1,0.20592,0,-1.09149,1,"32,261","29,30,31,32,33,34,35,258,259,260,261,262,263,264",281,"278,279,280,281,282,283,284","55,284",304,229,7,0.6205962059620597,295,34,0.1734417344173441,,,,0.1761517615176151,0.7647058823529411,65.0,369,238.28571428571428,0.645760743321719
P04816,1USG,A,2,0.71497,1,0.15457,0,"158,198","155,156,157,158,159,160,161,195,196,197,198,199,200,201",142,"139,140,141,142,143,144,145","181,221",165,40,12,0.1084010840108401,77,35,0.1761517615176151,0.4471544715447154,0.9116022099447514,165.0,,,,369,56.333333333333336,0.1526648599819331
P04825,4XO4,A,1,0.95382,1,0.29634,0,"373,821","370,371,372,373,374,375,376,818,819,820,821,822,823,824",347,"344,345,346,347,348,349,350","373,821",347,448,17,0.5149425287356322,544,27,0.0827586206896551,0.3988505747126437,0.9302949061662198,347.0,,,,870,485.52941176470586,0.5580797836375929
P04825,4XO4,A,2,-0.01095,0,0.8597,1,"317,364","314,315,316,317,318,319,320,361,362,363,364,365,366,367",382,"379,380,381,382,383,384,385","317,364",382,47,29,0.0540229885057471,115,33,0.0793103448275862,,,,0.5609195402298851,0.9644268774703556,488.0,870,247.44827586206893,0.284423305588585
P04825,4XO4,A,3,-0.10306,0,0.63261,1,"288,668","285,286,287,288,289,290,291,665,666,667,668,669,670,671",677,"674,675,676,677,678,679,680","288,668",677,380,4,0.4367816091954023,463,27,0.0597701149425287,,,,0.2218390804597701,0.9554455445544554,193.0,870,383.25,0.4405172413793103
P04825,4XO4,A,4,-0.6831,1,0.19492,0,"496,559","493,494,495,496,497,498,499,556,557,558,559,560,561,562",489,"486,487,488,489,490,491,492","496,559",489,63,1,0.0724137931034482,119,31,0.067816091954023,0.5620689655172414,0.9858870967741936,489.0,,,,870,63.0,0.0724137931034482
P04951,3K8D,D,1,-0.04703,0,-0.68067,1,"127,144","124,125,126,127,128,129,130,141,142,143,144,145,146,147",179,"176,177,178,179,180,181,182","127,144",179,17,1,0.0685483870967741,51,28,0.2701612903225806,,,,0.2782258064516129,0.6634615384615384,69.0,248,17.0,0.0685483870967741
P04951,3K8D,D,2,-0.94398,1,-0.65461,1,"154,203","151,152,153,154,155,156,157,200,201,202,203,204,205,206","143,211","140,141,142,143,144,145,146,208,209,210,211,212,213,214","154,203","143,211",49,26,0.1975806451612903,108,58,0.25,0.5766129032258065,0.9285714285714286,143.0,0.1491935483870967,0.8222222222222222,37.0,248,59.23076923076923,0.238833746898263
P04951,3K8D,D,3,0.7173,1,0.02689,0,"182,229","179,180,181,182,183,184,185,226,227,228,229,230,231,232",126,"123,124,125,126,127,128,129","182,229",126,47,9,0.189516129032258,97,39,0.2580645161290322,0.5080645161290323,0.6923076923076923,126.0,,,,248,71.88888888888889,0.2898745519713261
P04968,1TDJ,A,1,-0.0629,0,0.66637,1,"48,296","45,46,47,48,49,50,51,293,294,295,296,297,298,299",313,"310,311,312,313,314,315,316","48,296",313,248,7,0.4824902723735408,302,38,0.1439688715953307,,,,0.3910505836575875,0.9220183486238532,201.0,514,253.28571428571428,0.4927737632017787
P04968,1TDJ,A,2,0.72871,1,0.02578,0,"94,154","91,92,93,94,95,96,97,151,152,153,154,155,156,157",84,"81,82,83,84,85,86,87","94,154",84,60,1,0.1167315175097276,86,34,0.1400778210116731,0.1634241245136186,0.8936170212765957,84.0,,,,514,60.0,0.1167315175097276
P04968,1TDJ,A,3,1.0238,1,0.03571,0,"192,313","189,190,191,192,193,194,195,310,311,312,313,314,315,316",185,"182,183,184,185,186,187,188","192,313",185,121,1,0.235408560311284,180,45,0.1712062256809338,0.3599221789883268,0.9635416666666666,185.0,,,,514,121.0,0.235408560311284
P04968,1TDJ,A,4,0.87941,1,-0.06101,0,"238,267","235,236,237,238,239,240,241,264,265,266,267,268,269,270",213,"210,211,212,213,214,215,216","238,267",213,29,12,0.056420233463035,86,39,0.1264591439688716,0.4143968871595331,0.8949579831932774,213.0,,,,514,46.16666666666666,0.0898184176394293
P04968,1TDJ,A,5,0.00889,0,-0.89333,1,"338,365","335,336,337,338,339,340,341,362,363,364,365,366,367,368",382,"379,380,381,382,383,384,385","338,365",382,27,1,0.0525291828793774,71,33,0.122568093385214,,,,0.2568093385214007,0.8859060402684564,132.0,514,27.0,0.0525291828793774
P04968,1TDJ,A,6,-1.07776,1,0.0399,0,"380,420","377,378,379,380,381,382,383,417,418,419,420,421,422,423",340,"337,338,339,340,341,342,343","380,420",340,40,24,0.0778210116731517,67,33,0.1245136186770428,0.6614785992217899,0.8947368421052632,340.0,,,,514,74.375,0.1446984435797665
P04995,4HCC,A,1,-0.7159,1,-1.07028,1,"162,238","159,160,161,162,163,164,165,235,236,237,238,239,240,241","140,308","137,138,139,140,141,142,143,305,306,307,308,309,310,311","162,238","140,308",76,4,0.16,143,54,0.1684210526315789,0.2947368421052631,0.8641975308641975,140.0,0.351578947368421,0.7046413502109705,167.0,475,77.25,0.1626315789473684
P04995,4HCC,A,2,-0.78375,1,0.11074,0,"245,312","242,243,244,245,246,247,248,309,310,311,312,313,314,315",229,"226,227,228,229,230,231,232","245,312",229,67,19,0.1410526315789473,117,40,0.1305263157894736,0.4821052631578947,0.9346938775510204,229.0,,,,475,83.05263157894737,0.1748476454293628
P04995,4HCC,A,3,-0.84405,3,0.02527,0,"298,347","295,296,297,298,299,300,301,344,345,346,347,348,349,350","229,245,262","226,227,228,229,230,231,232,242,243,244,245,246,247,248,259,260,261,262,263,264,265","298,347","229,245,262",49,19,0.1031578947368421,104,76,0.2168421052631579,0.4821052631578947,0.7684563758389261,229.0,,,,475,67.78947368421052,0.1427146814404432
P05020,2Z26,A,1,0.18032,0,0.74515,1,"150,207","147,148,149,150,151,152,153,204,205,206,207,208,209,210",225,"222,223,224,225,226,227,228","151,208",226,57,1,0.1637931034482758,112,29,0.1666666666666666,,,,0.3505747126436782,0.8714285714285714,122.0,348,57.0,0.1637931034482758
P05020,2Z26,A,2,0.645,1,-0.15888,0,"36,247","33,34,35,36,37,38,39,244,245,246,247,248,249,250",16,"13,14,15,16,17,18,19","37,248",17,211,11,0.6063218390804598,262,36,0.2126436781609195,0.0488505747126436,0.4594594594594595,17.0,,,,348,233.1818181818182,0.6700626959247649
P05020,2Z26,A,3,1.10744,1,0.71337,1,"218,259","215,216,217,218,219,220,221,256,257,258,259,260,261,262","198,267","195,196,197,198,199,200,201,264,265,266,267,268,269,270","219,260","199,268",41,16,0.1178160919540229,113,66,0.2356321839080459,0.5718390804597702,0.908675799086758,199.0,0.2298850574712643,0.9090909090909092,80.0,348,43.625,0.1253591954022988
P05020,2Z26,A,4,-0.61163,1,-0.01105,0,"275,312","272,273,274,275,276,277,278,309,310,311,312,313,314,315",10,"7,8,9,10,11,12,13","276,313",11,37,23,0.1063218390804597,75,31,0.1839080459770115,0.0316091954022988,0.0398550724637681,11.0,,,,348,63.82608695652174,0.1834082958520739
P05041,1K0E,A,1,-1.02507,3,0.51889,0,"128,217","125,126,127,128,129,130,131,214,215,216,217,218,219,220","23,33,49","20,21,22,23,24,25,26,30,31,32,33,34,35,36,46,47,48,49,50,51,52","128,217","23,33,49",89,15,0.1964679911699779,193,67,0.2737306843267108,0.0507726269315673,0.1796875,23.0,,,,453,127.53333333333332,0.2815305371596762
P05041,1K0E,A,2,0.03685,0,-0.62373,1,"213,274","210,211,212,213,214,215,216,271,272,273,274,275,276,277",422,"419,420,421,422,423,424,425","213,274",422,61,1,0.1346578366445916,173,37,0.2097130242825607,,,,0.0684326710816777,0.1731843575418994,31.0,453,61.0,0.1346578366445916
P05041,1K0E,A,3,-0.21743,0,-0.67798,1,"48,102","45,46,47,48,49,50,51,99,100,101,102,103,104,105",138,"135,136,137,138,139,140,141","48,102",138,54,17,0.119205298013245,107,38,0.1721854304635761,,,,0.695364238410596,0.8974358974358975,315.0,453,79.70588235294117,0.1759511751720555
P05041,1K0E,A,4,-0.72395,1,-0.28862,0,"38,238","35,36,37,38,39,40,41,235,236,237,238,239,240,241",23,"20,21,22,23,24,25,26","38,238",23,200,5,0.4415011037527593,313,25,0.1368653421633554,0.0507726269315673,0.6052631578947368,23.0,,,,453,209.6,0.4626931567328918
P05042,6NZB,A,1,-0.75193,1,-0.00144,0,"194,402","191,192,193,194,195,196,197,399,400,401,402,403,404,405",183,"180,181,182,183,184,185,186","194,402",183,208,10,0.4453961456102783,279,32,0.0985010706638115,0.3918629550321199,0.9432989690721648,183.0,,,,467,234.0,0.5010706638115632
P05050,3KHC,B,1,0.0,0,-1.39328,2,"19,156","16,17,18,19,20,21,22,153,154,155,156,157,158,159","175,206","172,173,174,175,176,177,178,203,204,205,206,207,208,209","19,156","175,206",137,11,0.6342592592592593,199,66,0.4675925925925926,,,,0.0462962962962962,0.1666666666666666,10.0,216,146.63636363636363,0.6788720538720538
P05050,3KHC,B,2,0.21361,0,-0.662,1,"130,155","127,128,129,130,131,132,133,152,153,154,155,156,157,158",187,"184,185,186,187,188,189,190","130,155",187,25,5,0.1157407407407407,88,32,0.2407407407407407,,,,0.1342592592592592,0.4754098360655737,29.0,216,29.6,0.137037037037037
P05050,3KHC,B,3,-0.95586,1,0.01328,0,"167,190","164,165,166,167,168,169,170,187,188,189,190,191,192,193",154,"151,152,153,154,155,156,157","167,190",154,23,3,0.1064814814814814,77,35,0.2268518518518518,0.7129629629629629,0.9221556886227544,154.0,,,,216,25.0,0.1157407407407407
P05055,3GCM,A,1,-0.60353,1,0.10184,0,"161,203","158,159,160,161,162,163,164,200,201,202,203,204,205,206",154,"151,152,153,154,155,156,157","161,203",154,42,5,0.0590717299578059,99,39,0.0787623066104078,0.2165963431786216,0.9565217391304348,154.0,,,,711,45.0,0.0632911392405063
P05055,3GCM,A,2,0.08536,0,-0.86034,1,"310,469","307,308,309,310,311,312,313,466,467,468,469,470,471,472",480,"477,478,479,480,481,482,483","310,469",480,159,7,0.2236286919831223,233,33,0.0815752461322081,,,,0.3248945147679324,0.9545454545454546,231.0,711,162.28571428571428,0.2282499497689371
P05055,3GCM,A,3,-0.8113,1,0.11384,0,"477,518","474,475,476,477,478,479,480,515,516,517,518,519,520,521",466,"463,464,465,466,467,468,469","477,518",466,41,9,0.0576652601969057,107,43,0.0970464135021097,0.6554149085794655,0.9769392033542976,466.0,,,,711,44.66666666666666,0.0628223159868729
P05458,1Q2L,A,1,-0.02613,0,-0.69362,1,"65,115","62,63,64,65,66,67,68,112,113,114,115,116,117,118",132,"129,130,131,132,133,134,135","65,115",132,50,1,0.0519750519750519,126,38,0.053014553014553,,,,0.8627858627858628,0.9799291617473436,830.0,962,50.0,0.0519750519750519
P05458,1Q2L,A,2,-0.09673,0,-0.63115,1,"205,470","202,203,204,205,206,207,208,467,468,469,470,471,472,473",476,"473,474,475,476,477,478,479","205,470",476,265,9,0.2754677754677754,394,30,0.0634095634095634,,,,0.5051975051975052,0.9878048780487804,486.0,962,276.44444444444446,0.2873642873642874
P05458,1Q2L,A,3,-0.79152,1,0.04815,0,"104,158","101,102,103,104,105,106,107,155,156,157,158,159,160,161",96,"93,94,95,96,97,98,99","104,158",96,54,2,0.0561330561330561,114,29,0.0467775467775467,0.0997920997920998,0.9230769230769232,96.0,,,,962,55.0,0.0571725571725571
P05458,1Q2L,A,4,-0.62703,1,-0.4281,0,"125,343","122,123,124,125,126,127,128,340,341,342,343,344,345,346",70,"67,68,69,70,71,72,73","125,343",70,218,5,0.2266112266112266,381,40,0.081081081081081,0.0727650727650727,0.56,70.0,,,,962,247.6,0.2573804573804574
P05458,1Q2L,A,5,-0.61656,1,-0.01572,0,"600,667","597,598,599,600,601,602,603,664,665,666,667,668,669,670",573,"570,571,572,573,574,575,576","600,667",573,67,2,0.0696465696465696,159,30,0.0831600831600831,0.5956340956340956,0.955,573.0,,,,962,100.5,0.1044698544698544
P05458,1Q2L,A,6,-0.64394,1,0.0278,0,"808,919","805,806,807,808,809,810,811,916,917,918,919,920,921,922",762,"759,760,761,762,763,764,765","808,919",762,111,3,0.1153846153846153,200,43,0.0727650727650727,0.7920997920997921,0.943069306930693,762.0,,,,962,136.66666666666666,0.142065142065142
P05458,1Q2L,A,7,0.60558,1,0.0,0,"919,954","916,917,918,919,920,921,922,951,952,953,954,955,956,957",745,"742,743,744,745,746,747,748","919,954",745,35,1,0.0363825363825363,90,35,0.0717255717255717,0.7744282744282744,0.8106637649619152,745.0,,,,962,35.0,0.0363825363825363
P05458,1Q2L,A,8,0.32951,0,0.61798,1,"236,407","233,234,235,236,237,238,239,404,405,406,407,408,409,410",417,"414,415,416,417,418,419,420","236,407",417,171,5,0.1777546777546777,305,27,0.0686070686070686,,,,0.5665280665280665,0.981981981981982,545.0,962,325.0,0.3378378378378378
P05458,1Q2L,A,9,0.38398,0,0.60451,1,"705,869","702,703,704,705,706,707,708,866,867,868,869,870,871,872",875,"872,873,874,875,876,877,878","705,869",875,164,2,0.1704781704781705,279,23,0.0602910602910602,,,,0.0904365904365904,0.935483870967742,87.0,962,244.0,0.2536382536382536
P05458,1Q2L,A,10,0.61874,1,-0.7255,1,"398,589","395,396,397,398,399,400,401,586,587,588,589,590,591,592","371,609","368,369,370,371,372,373,374,606,607,608,609,610,611,612","398,589","371,609",191,30,0.1985446985446985,377,65,0.0997920997920998,0.3856548856548856,0.9321608040201004,371.0,0.3669438669438669,0.9463806970509384,353.0,962,116.26666666666668,0.1208593208593208
P05523,1K82,A,1,-0.11709,0,-0.72559,1,"67,94","64,65,66,67,68,69,70,91,92,93,94,95,96,97",103,"100,101,102,103,104,105,106","68,95",104,27,26,0.1003717472118959,71,34,0.2676579925650557,,,,0.6133828996282528,0.9482758620689656,165.0,269,66.3076923076923,0.2464969974263654
P05793,3ULK,A,1,0.0,0,0.87259,5,"1,116","-2,-1,0,1,2,3,4,113,114,115,116,117,118,119","129,140,150,175,193","126,127,128,129,130,131,132,137,138,139,140,141,142,143,147,148,149,150,151,152,153,172,173,174,175,176,177,178,190,191,192,193,194,195,196","1,116","129,140,150,175,193",115,1,0.2342158859470468,177,105,0.2525458248472505,,,,0.6069246435845214,0.7946666666666666,298.0,491,115.0,0.2342158859470468
P05793,3ULK,A,2,0.0,0,0.81122,3,"4,136","1,2,3,4,5,6,7,133,134,135,136,137,138,139","150,175,193","147,148,149,150,151,152,153,172,173,174,175,176,177,178,190,191,192,193,194,195,196","4,136","150,175,193",132,12,0.2688391038696537,193,74,0.2077393075356415,,,,0.6069246435845214,0.8394366197183099,298.0,491,136.25,0.2774949083503055
P05793,3ULK,A,3,-0.22802,0,-0.6023,1,"172,388","169,170,171,172,173,174,175,385,386,387,388,389,390,391",418,"415,416,417,418,419,420,421","172,388",418,216,15,0.439918533604888,332,26,0.2097759674134419,,,,0.1486761710794297,0.7087378640776699,73.0,491,328.1333333333333,0.668295994568907
P05793,3ULK,A,4,-0.77562,1,-0.80006,1,"254,361","251,252,253,254,255,256,257,358,359,360,361,362,363,364","230,421","227,228,229,230,231,232,233,418,419,420,421,422,423,424","254,361","230,421",107,145,0.2179226069246435,183,52,0.1995926680244399,0.4684317718940937,0.905511811023622,230.0,0.1425661914460285,0.5384615384615384,70.0,491,117.27586206896552,0.2388510429103167
P05793,3ULK,A,5,0.98451,1,-0.12108,0,"344,405","341,342,343,344,345,346,347,402,403,404,405,406,407,408",257,"254,255,256,257,258,259,260","344,405",257,61,111,0.1242362525458248,142,30,0.1221995926680244,0.5234215885947047,0.747093023255814,257.0,,,,491,130.54954954954954,0.2658850296324838
P05793,3ULK,A,6,0.05385,0,0.79161,1,"23,175","20,21,22,23,24,25,26,172,173,174,175,176,177,178",194,"191,192,193,194,195,196,197","23,175",194,152,5,0.3095723014256619,206,37,0.1547861507128309,,,,0.604887983706721,0.939873417721519,297.0,491,168.0,0.3421588594704684
P05793,3ULK,A,7,0.71812,1,0.28972,0,"56,103","53,54,55,56,57,58,59,100,101,102,103,104,105,106",40,"37,38,39,40,41,42,43","56,103",40,47,25,0.0957230142566191,80,31,0.1262729124236252,0.0814663951120163,0.7142857142857143,40.0,,,,491,112.56,0.2292464358452138
P05793,3ULK,A,8,-0.07621,0,0.62278,1,"228,300","225,226,227,228,229,230,231,297,298,299,300,301,302,303",362,"359,360,361,362,363,364,365","228,300",362,72,33,0.1466395112016293,148,34,0.1731160896130346,,,,0.2627291242362525,0.675392670157068,129.0,491,165.6969696969697,0.3374683700549281
P05793,3ULK,A,9,-0.75049,3,0.02407,0,"391,470","388,389,390,391,392,393,394,467,468,469,470,471,472,473","228,282,362","225,226,227,228,229,230,231,279,280,281,282,283,284,285,359,360,361,362,363,364,365","391,470","228,282,362",79,17,0.1608961303462321,152,82,0.2464358452138492,0.4643584521384928,0.5831202046035806,228.0,,,,491,87.29411764705883,0.1777884269797532
P05804,3K46,A,1,-0.95615,1,-0.82229,1,"35,98","32,33,34,35,36,37,38,95,96,97,98,99,100,101","20,131","17,18,19,20,21,22,23,128,129,130,131,132,133,134","35,98","20,131",63,20,0.1044776119402985,144,57,0.1260364842454394,0.033167495854063,0.5714285714285714,20.0,0.7827529021558872,0.9346534653465348,472.0,603,56.45,0.0936152570480928
P05804,3K46,A,2,-0.65244,1,-0.06227,0,"115,177","112,113,114,115,116,117,118,174,175,176,177,178,179,180",86,"83,84,85,86,87,88,89","115,177",86,62,1,0.1028192371475953,152,32,0.0978441127694859,0.1426202321724709,0.7478260869565218,86.0,,,,603,62.0,0.1028192371475953
P05804,3K46,A,3,-0.62858,1,0.09074,0,"143,353","140,141,142,143,144,145,146,350,351,352,353,354,355,356",3,"0,1,2,3,4,5,6","143,353",3,210,2,0.3482587064676617,329,21,0.132669983416252,0.0049751243781094,0.0209790209790209,3.0,,,,603,210.5,0.3490878938640133
P05804,3K46,A,4,0.0,0,-0.75662,1,"4,87","1,2,3,4,5,6,7,84,85,86,87,88,89,90",175,"172,173,174,175,176,177,178","4,87",175,83,8,0.1376451077943615,145,36,0.1061359867330016,,,,0.7097844112769486,0.8294573643410853,428.0,603,95.375,0.158167495854063
P05804,3K46,A,5,-0.43711,0,0.85893,3,"171,306","168,169,170,171,172,173,174,303,304,305,306,307,308,309","325,335,347","322,323,324,325,326,327,328,332,333,334,335,336,337,338,344,345,346,347,348,349,350","171,306","325,335,347",135,1,0.2238805970149253,230,73,0.1940298507462686,,,,0.4245439469320066,0.8619528619528619,256.0,603,135.0,0.2238805970149253
P05804,3K46,A,6,0.88217,1,0.29894,0,"521,563","518,519,520,521,522,523,524,560,561,562,563,564,565,566",507,"504,505,506,507,508,509,510","521,563",507,42,1,0.0696517412935323,114,38,0.1077943615257048,0.8407960199004975,0.9731285988483686,507.0,,,,603,42.0,0.0696517412935323
P05804,3K46,A,7,-1.22839,1,0.79074,1,"111,304","108,109,110,111,112,113,114,301,302,303,304,305,306,307","93,348","90,91,92,93,94,95,96,345,346,347,348,349,350,351","111,304","93,348",193,42,0.3200663349917081,343,77,0.1840796019900497,0.154228855721393,0.8378378378378378,93.0,0.4228855721393035,0.8528428093645485,255.0,603,193.3095238095238,0.3205796414751638
P05852,4YDU,A,1,-0.12817,0,-0.94604,1,"18,121","15,16,17,18,19,20,21,118,119,120,121,122,123,124",304,"301,302,303,304,305,306,307","18,121",304,103,1,0.3056379821958457,167,42,0.2077151335311572,,,,0.0979228486646884,0.1527777777777778,33.0,337,103.0,0.3056379821958457
P05852,4YDU,A,2,-0.65355,1,0.0,0,"151,331","148,149,150,151,152,153,154,328,329,330,331,332,333,334",112,"109,110,111,112,113,114,115","151,331",112,180,3,0.5341246290801187,265,34,0.1839762611275964,0.3323442136498516,0.7417218543046358,112.0,,,,337,181.33333333333331,0.5380811078140455
P05852,4YDU,A,3,-0.18308,0,0.75797,1,"172,215","169,170,171,172,173,174,175,212,213,214,215,216,217,218",236,"233,234,235,236,237,238,239","172,215",236,43,30,0.1275964391691394,94,34,0.1869436201780415,,,,0.2997032640949555,0.8278688524590164,101.0,337,53.0,0.1572700296735905
P06129,2GSK,A,1,-0.59949,0,-0.68611,1,"84,119","81,82,83,84,85,86,87,116,117,118,119,120,121,122",127,"124,125,126,127,128,129,130","104,139",147,35,4,0.0570032573289902,123,37,0.1205211726384364,,,,0.760586319218241,0.983157894736842,467.0,614,39.25,0.0639250814332247
P06134,1SFE,A,1,-0.60392,1,0.2294,0,"38,139","35,36,37,38,39,40,41,136,137,138,139,140,141,142",16,"13,14,15,16,17,18,19","213,314",191,101,1,0.2853107344632768,146,30,0.2090395480225988,0.53954802259887,0.8967136150234741,191.0,,,,354,101.0,0.2853107344632768
P06149,1F0X,A,1,-0.23756,0,0.83538,1,"39,78","36,37,38,39,40,41,42,75,76,77,78,79,80,81",97,"94,95,96,97,98,99,100","39,78",97,39,32,0.0683012259194395,103,32,0.1155866900175131,,,,0.830122591943958,0.9614604462474644,474.0,571,44.15625,0.0773314360770578
P06149,1F0X,A,2,-0.03041,0,-1.13052,1,"115,173","112,113,114,115,116,117,118,170,171,172,173,174,175,176",267,"264,265,266,267,268,269,270","115,173",267,58,33,0.1015761821366024,130,32,0.1190893169877408,,,,0.532399299474606,0.7638190954773869,304.0,571,118.57575757575758,0.2076633232500132
P06149,1F0X,A,3,-0.73464,1,0.1032,0,"226,268","223,224,225,226,227,228,229,265,266,267,268,269,270,271",170,"167,168,169,170,171,172,173","226,268",170,42,25,0.073555166374781,121,44,0.1243432574430823,0.297723292469352,0.7522123893805309,170.0,,,,571,58.64,0.1026970227670753
P06609,4R9U,B,1,-0.01614,0,-0.69291,1,"15,267","12,13,14,15,16,17,18,264,265,266,267,268,269,270",280,"277,278,279,280,281,282,283","15,267",280,252,1,0.7730061349693251,291,34,0.1687116564417178,,,,0.1411042944785276,0.7796610169491526,46.0,326,252.0,0.7730061349693251
P06609,4R9U,B,2,-0.67996,1,0.16128,0,"122,193","119,120,121,122,123,124,125,190,191,192,193,194,195,196",97,"94,95,96,97,98,99,100","122,193",97,71,6,0.2177914110429447,126,36,0.1993865030674846,0.2975460122699386,0.7950819672131147,97.0,,,,326,87.16666666666667,0.2673824130879346
P06609,4R9U,B,3,-0.80159,1,0.79569,1,"142,218","139,140,141,142,143,144,145,215,216,217,218,219,220,221","91,251","88,89,90,91,92,93,94,248,249,250,251,252,253,254","142,218","91,251",76,18,0.2331288343558282,135,66,0.303680981595092,0.2791411042944785,0.6408450704225352,91.0,0.2300613496932515,0.6944444444444444,75.0,326,104.55555555555556,0.3207225630538514
P06609,4R9U,B,4,-0.01458,0,0.74397,1,"66,183","63,64,65,66,67,68,69,180,181,182,183,184,185,186",251,"248,249,250,251,252,253,254","66,183",251,117,37,0.3588957055214724,176,37,0.2484662576687116,,,,0.2300613496932515,0.5244755244755245,75.0,326,135.05405405405406,0.4142762394296136
P06609,4R9U,B,5,1.16986,1,-0.2192,0,"212,271","209,210,211,212,213,214,215,268,269,270,271,272,273,274",73,"70,71,72,73,74,75,76","212,271",73,59,11,0.1809815950920245,132,37,0.2024539877300613,0.2239263803680981,0.3443396226415094,73.0,,,,326,65.63636363636364,0.2013385387618516
P06611,4R9U,D,1,-0.02687,0,0.73952,1,"28,176","25,26,27,28,29,30,31,173,174,175,176,177,178,179",186,"183,184,185,186,187,188,189","28,176",186,148,4,0.5943775100401606,196,38,0.2449799196787148,,,,0.253012048192771,0.863013698630137,63.0,249,151.75,0.6094377510040161
P06612,4RUL,A,1,0.64876,1,-0.10654,0,"491,540","488,489,490,491,492,493,494,537,538,539,540,541,542,543",199,"196,197,198,199,200,201,202","491,540",199,49,11,0.0566473988439306,107,30,0.0693641618497109,0.2300578034682081,0.405295315682281,199.0,,,,865,53.90909090909091,0.062322648449816
P06616,1EGA,B,1,0.0,0,0.70166,1,"10,47","7,8,9,10,11,12,13,44,45,46,47,48,49,50",60,"57,58,59,60,61,62,63","10,47",60,37,1,0.1229235880398671,95,33,0.2192691029900332,,,,0.8006644518272426,0.9488188976377953,241.0,301,37.0,0.1229235880398671
P06616,1EGA,B,2,0.63419,1,0.00771,0,"24,93","21,22,23,24,25,26,27,90,91,92,93,94,95,96",11,"8,9,10,11,12,13,14","24,93",11,69,15,0.2292358803986711,120,42,0.2558139534883721,0.0365448504983388,0.4583333333333333,11.0,,,,301,115.53333333333332,0.3838316722037652
P06709,2EWN,A,1,-0.16564,0,-0.71412,1,"123,183","120,121,122,123,124,125,126,180,181,182,183,184,185,186",205,"202,203,204,205,206,207,208","123,183",205,60,12,0.1869158878504672,151,37,0.2398753894080997,,,,0.3613707165109034,0.8405797101449275,116.0,321,77.16666666666667,0.2403946002076843
P06709,2EWN,A,2,-0.7888,1,0.08784,0,"173,265","170,171,172,173,174,175,176,262,263,264,265,266,267,268",153,"150,151,152,153,154,155,156","173,265",153,92,23,0.2866043613707165,163,35,0.190031152647975,0.4766355140186916,0.884393063583815,153.0,,,,321,114.56521739130434,0.3569009887579574
P06709,2EWN,A,3,-0.69886,1,0.0,0,"287,317","284,285,286,287,288,289,290,314,315,316,317,318,319,320",275,"272,273,274,275,276,277,278","287,317",275,30,2,0.0934579439252336,56,28,0.1277258566978193,0.8566978193146417,0.9581881533101044,275.0,,,,321,30.5,0.0950155763239875
P06710,1JR3,A,1,0.04248,0,0.96527,1,"40,143","37,38,39,40,41,42,43,140,141,142,143,144,145,146",153,"150,151,152,153,154,155,156","40,143",153,103,2,0.1601866251944012,152,38,0.0964230171073094,,,,0.7620528771384136,0.98,490.0,643,105.0,0.1632970451010886
P06710,1JR3,A,2,0.65122,1,0.0373,0,"54,175","51,52,53,54,55,56,57,172,173,174,175,176,177,178",42,"39,40,41,42,43,44,45","54,175",42,121,4,0.1881804043545878,151,35,0.1057542768273717,0.0653188180404354,0.7777777777777778,42.0,,,,643,133.25,0.2072317262830482
P06715,1GER,B,1,0.39954,0,-0.60849,1,"70,379","67,68,69,70,71,72,73,376,377,378,379,380,381,382",390,"387,388,389,390,391,392,393","70,379",390,309,2,0.6866666666666666,406,36,0.1266666666666666,,,,0.1333333333333333,0.8450704225352113,60.0,450,311.5,0.6922222222222222
P06715,1GER,B,2,-0.00687,0,0.74323,1,"169,241","166,167,168,169,170,171,172,238,239,240,241,242,243,244",254,"251,252,253,254,255,256,257","169,241",254,72,12,0.16,121,28,0.12,,,,0.4355555555555555,0.937799043062201,196.0,450,83.25,0.185
P06715,1GER,B,3,0.82576,1,0.03391,0,"186,258","183,184,185,186,187,188,189,255,256,257,258,259,260,261",171,"168,169,170,171,172,173,174","186,258",171,72,8,0.16,120,34,0.1488888888888888,0.38,0.9193548387096774,171.0,,,,450,130.0,0.2888888888888888
P06715,1GER,B,4,0.86477,1,0.07938,0,"217,346","214,215,216,217,218,219,220,343,344,345,346,347,348,349",196,"193,194,195,196,197,198,199","217,346",196,129,35,0.2866666666666667,222,33,0.16,0.4355555555555555,0.9032258064516128,196.0,,,,450,165.0857142857143,0.3668571428571429
P06721,2FQ6,B,1,-0.69013,1,-0.6978,1,"131,360","128,129,130,131,132,133,134,357,358,359,360,361,362,363","82,372","79,80,81,82,83,84,85,369,370,371,372,373,374,375","131,360","82,372",229,77,0.579746835443038,318,74,0.3012658227848101,0.2075949367088607,0.6259541984732825,82.0,0.0582278481012658,0.6571428571428571,23.0,395,128.76623376623377,0.3259904652309716
P06721,2FQ6,B,2,-0.76171,1,-0.62109,1,"188,289","185,186,187,188,189,190,191,286,287,288,289,290,291,292","82,307","79,80,81,82,83,84,85,304,305,306,307,308,309,310","188,289","82,307",101,17,0.2556962025316455,198,72,0.3012658227848101,0.2075949367088607,0.4361702127659574,82.0,0.2227848101265822,0.8301886792452831,88.0,395,135.2941176470588,0.3425167535368577
P06721,2FQ6,B,3,-0.04453,0,-0.90124,1,"75,204","72,73,74,75,76,77,78,201,202,203,204,205,206,207",224,"221,222,223,224,225,226,227","75,204",224,129,4,0.3265822784810127,190,40,0.1721518987341772,,,,0.4329113924050632,0.8952879581151832,171.0,395,134.0,0.3392405063291139
P06722,2AZO,A,1,0.7379,1,-0.13596,0,"90,127","87,88,89,90,91,92,93,124,125,126,127,128,129,130",82,"79,80,81,82,83,84,85","90,127",82,37,2,0.1615720524017467,88,26,0.2052401746724891,0.3580786026200873,0.9111111111111112,82.0,,,,229,37.5,0.1637554585152838
P06722,2AZO,A,2,0.09526,0,-0.65861,1,"97,186","94,95,96,97,98,99,100,183,184,185,186,187,188,189",210,"207,208,209,210,211,212,213","97,186",210,89,3,0.388646288209607,140,32,0.222707423580786,,,,0.0829694323144104,0.4418604651162791,19.0,229,91.0,0.3973799126637554
P06968,6HDE,B,1,-0.1014,0,-0.77295,1,"32,71","29,30,31,32,33,34,35,68,69,70,71,72,73,74",118,"115,116,117,118,119,120,121","32,71",118,39,1,0.2565789473684211,106,29,0.3552631578947368,,,,0.2236842105263158,0.419753086419753,34.0,152,39.0,0.2565789473684211
P06971,2FCP,A,1,-0.741,1,-0.62704,1,"112,142","109,110,111,112,113,114,115,139,140,141,142,143,144,145","104,149","101,102,103,104,105,106,107,146,147,148,149,150,151,152","145,175","137,182",30,4,0.0401606425702811,110,56,0.1244979919678714,0.1834002677376171,0.9448275862068966,137.0,0.7563587684069611,0.9877622377622378,565.0,747,33.5,0.0448460508701472
P06971,2FCP,A,2,-0.62797,1,0.3593,0,"264,696","261,262,263,264,265,266,267,693,694,695,696,697,698,699",243,"240,241,242,243,244,245,246","297,720",276,432,4,0.5783132530120482,544,39,0.1204819277108433,0.3694779116465863,0.9292929292929292,276.0,,,,747,443.0,0.5930388219544847
P06983,1GTK,A,1,0.06729,0,-1.12521,1,"83,131","80,81,82,83,84,85,86,128,129,130,131,132,133,134",198,"195,196,197,198,199,200,201","83,131",198,48,2,0.1533546325878594,131,39,0.2619808306709265,,,,0.3674121405750798,0.6318681318681318,115.0,313,48.5,0.1549520766773162
P06983,1GTK,A,2,-1.35395,3,-0.08247,0,"135,262","132,133,134,135,136,137,138,259,260,261,262,263,264,265","98,105,126","95,96,97,98,99,100,101,102,103,104,105,106,107,108,123,124,125,126,127,128,129","135,262","98,105,126",127,52,0.4057507987220447,225,87,0.4313099041533546,0.3130990415335463,0.725925925925926,98.0,,,,313,86.84615384615384,0.2774637503072008
P06986,1IJI,A,1,-0.60868,1,0.09836,0,"158,335","155,156,157,158,159,160,161,332,333,334,335,336,337,338",81,"78,79,80,81,82,83,84","158,335",81,177,2,0.497191011235955,268,38,0.2837078651685393,0.2275280898876404,0.5126582278481012,81.0,,,,356,177.5,0.4985955056179775
P06986,1IJI,A,2,-0.04206,0,-0.63421,1,"35,320","32,33,34,35,36,37,38,317,318,319,320,321,322,323",335,"332,333,334,335,336,337,338","35,320",335,285,16,0.800561797752809,327,40,0.1769662921348314,,,,0.0589887640449438,0.5833333333333334,21.0,356,288.5625,0.8105688202247191
P06986,1IJI,A,3,-0.6286,1,-0.69381,1,"158,324","155,156,157,158,159,160,161,321,322,323,324,325,326,327","81,334","78,79,80,81,82,83,84,331,332,333,334,335,336,337","158,324","81,334",166,48,0.4662921348314606,265,75,0.2921348314606741,0.2275280898876404,0.5126582278481012,81.0,0.0617977528089887,0.6875,22.0,356,98.3125,0.2761587078651685
P06986,1IJI,A,4,-0.04727,0,-1.32856,2,"45,218","42,43,44,45,46,47,48,215,216,217,218,219,220,221","225,250","222,223,224,225,226,227,228,247,248,249,250,251,252,253","45,218","225,250",173,27,0.4859550561797753,242,61,0.2219101123595505,,,,0.297752808988764,0.7681159420289855,106.0,356,134.55555555555554,0.3779650436953807
P06986,1IJI,A,5,0.70183,1,0.17841,0,"113,151","110,111,112,113,114,115,116,148,149,150,151,152,153,154",103,"100,101,102,103,104,105,106","113,151",103,38,3,0.1067415730337078,84,34,0.196629213483146,0.2893258426966292,0.911504424778761,103.0,,,,356,49.66666666666666,0.1395131086142322
P06988,1KAE,B,1,-0.09307,0,0.62001,1,"84,139","81,82,83,84,85,86,87,136,137,138,139,140,141,142",145,"142,143,144,145,146,147,148","84,139",145,55,14,0.1267281105990783,125,37,0.140552995391705,,,,0.6658986175115207,0.9796610169491524,289.0,434,201.14285714285717,0.4634628044766293
P06988,1KAE,B,2,0.0,0,0.93698,1,"6,275","3,4,5,6,7,8,9,272,273,274,275,276,277,278",307,"304,305,306,307,308,309,310","6,275",307,269,5,0.619815668202765,350,34,0.1198156682027649,,,,0.2926267281105991,0.7987421383647799,127.0,434,277.4,0.6391705069124424
P06988,1KAE,B,3,0.82802,1,-0.00944,0,"145,207","142,143,144,145,146,147,148,204,205,206,207,208,209,210",127,"124,125,126,127,128,129,130","145,207",127,62,15,0.1428571428571428,133,38,0.184331797235023,0.2926267281105991,0.8758620689655172,127.0,,,,434,203.53333333333333,0.4689708141321044
P06988,1KAE,B,4,1.0268,1,-0.15524,0,"259,326","256,257,258,259,260,261,262,323,324,325,326,327,328,329",238,"235,236,237,238,239,240,241","259,326",238,67,15,0.1543778801843318,115,31,0.1705069124423963,0.5483870967741935,0.918918918918919,238.0,,,,434,88.2,0.2032258064516129
P06992,1QYR,A,1,0.60766,1,0.13513,0,"55,111","52,53,54,55,56,57,58,108,109,110,111,112,113,114",41,"38,39,40,41,42,43,44","55,111",41,56,2,0.2051282051282051,93,32,0.2197802197802197,0.1501831501831501,0.7454545454545455,41.0,,,,273,58.0,0.2124542124542124
P06992,1QYR,A,2,0.02981,0,-0.77717,1,"137,173","134,135,136,137,138,139,140,170,171,172,173,174,175,176",192,"189,190,191,192,193,194,195","137,173",192,36,27,0.1318681318681318,78,34,0.2087912087912088,,,,0.2967032967032967,0.81,81.0,273,141.7037037037037,0.5190611857278523
P06999,3UMO,B,1,0.76037,1,-0.0159,0,"69,89","66,67,68,69,70,71,72,86,87,88,89,90,91,92",61,"58,59,60,61,62,63,64","69,89",61,20,1,0.0647249190938511,54,38,0.2071197411003236,0.1974110032362459,0.8840579710144928,61.0,,,,309,20.0,0.0647249190938511
P07003,3EY9,B,1,0.00141,0,0.96815,1,"184,293","181,182,183,184,185,186,187,290,291,292,293,294,295,296",310,"307,308,309,310,311,312,313","184,293",310,109,6,0.1905594405594405,180,35,0.0909090909090909,,,,0.458041958041958,0.9390681003584228,262.0,572,155.83333333333334,0.2724358974358974
P07003,3EY9,B,2,0.19344,0,0.71602,1,"96,141","93,94,95,96,97,98,99,138,139,140,141,142,143,144",158,"155,156,157,158,159,160,161","96,141",158,45,17,0.0786713286713286,95,46,0.1451048951048951,,,,0.7237762237762237,0.9605568445475638,414.0,572,93.70588235294116,0.163821472645002
P07003,3EY9,B,3,0.67342,1,0.19006,0,"32,71","29,30,31,32,33,34,35,68,69,70,71,72,73,74",21,"18,19,20,21,22,23,24","32,71",21,39,6,0.0681818181818181,97,37,0.1398601398601398,0.0367132867132867,0.65625,21.0,,,,572,66.16666666666667,0.1156759906759906
P07003,3EY9,B,4,0.72068,1,0.06199,0,"219,272","216,217,218,219,220,221,222,269,270,271,272,273,274,275",206,"203,204,205,206,207,208,209","219,272",206,53,106,0.0926573426573426,132,43,0.1328671328671328,0.3601398601398601,0.9406392694063926,206.0,,,,572,154.5943396226415,0.2702698245151075
P07003,3EY9,B,5,0.0229,0,0.80188,1,"456,511","453,454,455,456,457,458,459,508,509,510,511,512,513,514",525,"522,523,524,525,526,527,528","456,511",525,55,27,0.0961538461538461,103,37,0.1241258741258741,,,,0.0821678321678321,0.7704918032786885,47.0,572,131.74074074074073,0.2303159803159803
P07003,3EY9,B,6,0.63929,1,0.13267,0,"387,430","384,385,386,387,388,389,390,427,428,429,430,431,432,433",376,"373,374,375,376,377,378,379","387,430",376,43,6,0.0751748251748251,110,41,0.1293706293706293,0.6573426573426573,0.9715762273901808,376.0,,,,572,81.83333333333333,0.143065268065268
P07003,3EY9,B,7,0.89434,3,-0.22425,0,"281,549","278,279,280,281,282,283,284,546,547,548,549,550,551,552","204,249,269","201,202,203,204,205,206,207,246,247,248,249,250,251,252,266,267,268,269,270,271,272","281,549","204,249,269",268,9,0.4685314685314685,368,78,0.173076923076923,0.3566433566433566,0.7259786476868327,204.0,,,,572,272.0,0.4755244755244755
P07012,1GQE,A,1,-0.05327,0,-0.76265,1,"112,159","109,110,111,112,113,114,115,156,157,158,159,160,161,162",188,"185,186,187,188,189,190,191","112,159",188,47,1,0.1287671232876712,105,31,0.1753424657534246,,,,0.4849315068493151,0.8592233009708737,177.0,365,47.0,0.1287671232876712
P07012,1GQE,A,2,-1.02283,1,0.13931,0,"174,207","171,172,173,174,175,176,177,204,205,206,207,208,209,210",142,"139,140,141,142,143,144,145","174,207",142,33,1,0.0904109589041095,107,32,0.1315068493150684,0.3890410958904109,0.8160919540229885,142.0,,,,365,33.0,0.0904109589041095
P07012,1GQE,A,3,-1.02287,1,-0.75504,3,"167,244","164,165,166,167,168,169,170,241,242,243,244,245,246,247","130,261,273,290","127,128,129,130,131,132,133,258,259,260,261,262,263,264,270,271,272,273,274,275,276,287,288,289,290,291,292,293","167,244","130,261,273,290",77,1,0.210958904109589,159,93,0.2931506849315068,0.3561643835616438,0.7784431137724551,130.0,0.2054794520547945,0.6198347107438017,75.0,365,77.0,0.210958904109589
P07012,1GQE,A,4,-1.0207,1,-0.83006,1,"167,273","164,165,166,167,168,169,170,270,271,272,273,274,275,276","131,290","128,129,130,131,132,133,134,287,288,289,290,291,292,293","167,273","131,290",106,14,0.2904109589041095,181,64,0.2520547945205479,0.3589041095890411,0.7844311377245509,131.0,0.2054794520547945,0.8152173913043478,75.0,365,101.28571428571428,0.2774951076320939
P07024,1HPU,A,1,0.53158,0,-0.76803,1,"117,410","114,115,116,117,118,119,120,407,408,409,410,411,412,413",418,"415,416,417,418,419,420,421","117,410",418,293,1,0.5327272727272727,421,28,0.1563636363636363,,,,0.24,0.9428571428571428,132.0,550,293.0,0.5327272727272727
P07024,1HPU,A,2,-0.17115,0,-0.75297,1,"401,438","398,399,400,401,402,403,404,435,436,437,438,439,440,441",494,"491,492,493,494,495,496,497","401,438",494,37,51,0.0672727272727272,114,38,0.12,,,,0.1018181818181818,0.5,56.0,550,66.62745098039215,0.1211408199643493
P07024,1HPU,A,3,0.80131,1,-0.15986,0,"120,429","117,118,119,120,121,122,123,426,427,428,429,430,431,432",113,"110,111,112,113,114,115,116","120,429",113,309,1,0.5618181818181818,430,39,0.1527272727272727,0.2054545454545454,0.9416666666666668,113.0,,,,550,309.0,0.5618181818181818
P07024,1HPU,A,4,0.74896,1,0.10925,0,"151,187","148,149,150,151,152,153,154,184,185,186,187,188,189,190",139,"136,137,138,139,140,141,142","151,187",139,36,2,0.0654545454545454,91,38,0.1018181818181818,0.2527272727272727,0.9205298013245032,139.0,,,,550,38.0,0.069090909090909
P07024,1HPU,A,5,0.75623,1,0.13433,0,"70,297","67,68,69,70,71,72,73,294,295,296,297,298,299,300",36,"33,34,35,36,37,38,39","70,297",36,227,54,0.4127272727272727,289,37,0.1109090909090909,0.0654545454545454,0.5142857142857142,36.0,,,,550,271.27777777777777,0.4932323232323232
P07024,1HPU,A,6,0.75835,1,0.05506,0,"178,252","175,176,177,178,179,180,181,249,250,251,252,253,254,255",171,"168,169,170,171,172,173,174","178,252",171,74,7,0.1345454545454545,142,44,0.1636363636363636,0.3109090909090909,0.9606741573033708,171.0,,,,550,284.0,0.5163636363636364
P07024,1HPU,A,7,0.98276,3,0.05184,0,"106,344","103,104,105,106,107,108,109,341,342,343,344,345,346,347","38,59,81","35,36,37,38,39,40,41,56,57,58,59,60,61,62,78,79,80,81,82,83,84","106,344","38,59,81",238,17,0.4327272727272727,304,87,0.1836363636363636,0.069090909090909,0.3584905660377358,38.0,,,,550,251.76470588235293,0.4577540106951871
P07024,1HPU,A,8,-0.90446,3,0.0,0,"463,547","460,461,462,463,464,465,466,544,545,546,547,548,549,550","390,402,434","387,388,389,390,391,392,393,399,400,401,402,403,404,405,431,432,433,434,435,436,437","463,547","390,402,434",84,5,0.1527272727272727,156,81,0.1945454545454545,0.7090909090909091,0.8423326133909287,390.0,,,,550,76.6,0.1392727272727272
P07024,1HPU,A,9,-1.59876,4,0.0,0,"470,548","467,468,469,470,471,472,473,545,546,547,548,549,550,551","389,402,433,463","386,387,388,389,390,391,392,399,400,401,402,403,404,405,430,431,432,433,434,435,436,460,461,462,463,464,465,466","470,548","389,402,433,463",78,14,0.1418181818181818,151,100,0.2127272727272727,0.7072727272727273,0.8276595744680851,389.0,,,,550,79.57142857142857,0.1446753246753246
P07026,4LFU,A,1,0.69341,1,-0.0158,0,"60,172","57,58,59,60,61,62,63,169,170,171,172,173,174,175",43,"40,41,42,43,44,45,46","60,172",43,112,4,0.4666666666666667,147,34,0.2416666666666666,0.1791666666666666,0.7166666666666667,43.0,,,,240,113.5,0.4729166666666666
P07102,1DKM,A,1,0.05512,0,0.92905,1,"14,275","11,12,13,14,15,16,17,272,273,274,275,276,277,278",306,"303,304,305,306,307,308,309","36,297",328,261,6,0.6041666666666666,328,34,0.1782407407407407,,,,0.2407407407407407,0.7703703703703704,104.0,432,265.6666666666667,0.6149691358024691
P07102,1DKM,A,2,0.62217,1,0.21356,0,"54,226","51,52,53,54,55,56,57,223,224,225,226,227,228,229",16,"13,14,15,16,17,18,19","76,248",38,172,47,0.3981481481481481,258,43,0.1828703703703703,0.0879629629629629,0.5,38.0,,,,432,248.2340425531915,0.5746158392434988
P07102,1DKM,A,3,1.20675,2,0.10214,0,"100,332","97,98,99,100,101,102,103,329,330,331,332,333,334,335","15,86","12,13,14,15,16,17,18,83,84,85,86,87,88,89","122,354","37,108",232,6,0.5370370370370371,321,78,0.2453703703703703,0.0856481481481481,0.3032786885245901,37.0,,,,432,207.5,0.480324074074074
P07102,1DKM,A,4,0.62498,1,-0.6105,1,"37,170","34,35,36,37,38,39,40,167,168,169,170,171,172,173","19,217","16,17,18,19,20,21,22,214,215,216,217,218,219,220","59,192","41,239",133,23,0.3078703703703703,219,67,0.2314814814814814,0.0949074074074074,0.6949152542372882,41.0,0.4467592592592592,0.8041666666666667,193.0,432,152.65217391304347,0.3533615136876006
P07464,1KRU,B,1,0.10757,0,-0.6924,1,"14,116","11,12,13,14,15,16,17,113,114,115,116,117,118,119",127,"124,125,126,127,128,129,130","14,116",127,102,1,0.5024630541871922,141,28,0.2315270935960591,,,,0.3743842364532019,0.8735632183908046,76.0,203,102.0,0.5024630541871922
P07623,6MTG,B,1,-0.35572,0,-0.73274,1,"180,211","177,178,179,180,181,182,183,208,209,210,211,212,213,214",219,"216,217,218,219,220,221,222","180,211",219,31,6,0.1003236245954692,85,28,0.1909385113268608,,,,0.2912621359223301,0.9183673469387756,90.0,309,35.333333333333336,0.1143473570658036
P07649,1DJ0,A,1,-0.61527,1,-0.69776,1,"64,135","61,62,63,64,65,66,67,132,133,134,135,136,137,138","14,247","11,12,13,14,15,16,17,244,245,246,247,248,249,250","64,135","14,247",71,31,0.2629629629629629,145,67,0.3296296296296296,0.0518518518518518,0.21875,14.0,0.0851851851851851,0.1703703703703703,23.0,270,158.93548387096774,0.5886499402628435
P07649,1DJ0,A,2,0.60843,1,-0.06929,0,"136,189","133,134,135,136,137,138,139,186,187,188,189,190,191,192",121,"118,119,120,121,122,123,124","136,189",121,53,1,0.1962962962962963,109,38,0.2148148148148148,0.4481481481481481,0.8897058823529411,121.0,,,,270,53.0,0.1962962962962963
P07649,1DJ0,A,3,-0.79543,1,0.01806,0,"195,251","192,193,194,195,196,197,198,248,249,250,251,252,253,254",117,"114,115,116,117,118,119,120","195,251",117,56,3,0.2074074074074074,121,34,0.2222222222222222,0.4333333333333333,0.6,117.0,,,,270,71.66666666666667,0.2654320987654321
P07649,1DJ0,A,4,-0.02916,0,-0.7272,1,"117,180","114,115,116,117,118,119,120,177,178,179,180,181,182,183",194,"191,192,193,194,195,196,197","117,180",194,63,3,0.2333333333333333,125,33,0.2222222222222222,,,,0.2814814814814815,0.8444444444444444,76.0,270,64.0,0.237037037037037
P07650,4EAD,A,1,-0.01311,0,0.67678,1,"110,142","107,108,109,110,111,112,113,139,140,141,142,143,144,145",153,"150,151,152,153,154,155,156","110,142",153,32,12,0.0727272727272727,86,39,0.1431818181818182,,,,0.6522727272727272,0.9630872483221476,287.0,440,62.0,0.1409090909090909
P07650,4EAD,A,2,0.67238,1,0.0,0,"271,433","268,269,270,271,272,273,274,430,431,432,433,434,435,436",257,"254,255,256,257,258,259,260","271,433",257,162,1,0.3681818181818181,243,37,0.1522727272727272,0.5840909090909091,0.948339483394834,257.0,,,,440,162.0,0.3681818181818181
P07650,4EAD,A,3,0.73595,1,0.11309,0,"92,202","89,90,91,92,93,94,95,199,200,201,202,203,204,205",84,"81,82,83,84,85,86,87","92,202",84,110,48,0.25,230,36,0.209090909090909,0.1909090909090909,0.9130434782608696,84.0,,,,440,181.27083333333331,0.4119791666666667
P07650,4EAD,A,4,-0.98204,1,-0.01246,0,"390,427","387,388,389,390,391,392,393,424,425,426,427,428,429,430",350,"347,348,349,350,351,352,353","390,427",350,37,3,0.084090909090909,77,27,0.0977272727272727,0.7954545454545454,0.8974358974358975,350.0,,,,440,38.0,0.0863636363636363
P07650,4EAD,A,5,0.68643,1,-1.01075,1,"129,379","126,127,128,129,130,131,132,376,377,378,379,380,381,382","113,402","110,111,112,113,114,115,116,399,400,401,402,403,404,405","129,379","113,402",250,38,0.5681818181818182,383,72,0.2409090909090909,0.2568181818181818,0.875968992248062,113.0,0.0863636363636363,0.6229508196721312,38.0,440,135.28947368421052,0.3074760765550239
P07650,4EAD,A,6,1.14769,3,0.02742,0,"151,312","148,149,150,151,152,153,154,309,310,311,312,313,314,315","84,100,112","81,82,83,84,85,86,87,97,98,99,100,101,102,103,109,110,111,112,113,114,115","151,312","84,100,112",161,52,0.3659090909090909,282,85,0.2477272727272727,0.1909090909090909,0.5562913907284768,84.0,,,,440,177.55769230769232,0.4035402097902098
P07658,1FDO,A,1,0.74503,1,0.13334,0,"637,652","634,635,636,637,638,639,640,649,650,651,652,653,654,655",609,"606,607,608,609,610,611,612","637,652",609,15,55,0.0209790209790209,55,35,0.1048951048951049,0.8517482517482518,0.956043956043956,609.0,,,,715,45.78181818181818,0.0640305149396058
P07658,1FDO,A,2,-0.34559,0,0.60122,1,"71,419","68,69,70,71,72,73,74,416,417,418,419,420,421,422",426,"423,424,425,426,427,428,429","71,419",426,348,1,0.4867132867132867,483,35,0.0881118881118881,,,,0.4041958041958042,0.9763513513513512,289.0,715,348.0,0.4867132867132867
P07658,1FDO,A,3,-0.08135,0,0.61359,1,"158,322","155,156,157,158,159,160,161,319,320,321,322,323,324,325",328,"325,326,327,328,329,330,331","158,322",328,164,1,0.2293706293706293,242,37,0.0965034965034965,,,,0.5412587412587413,0.9847328244274808,387.0,715,164.0,0.2293706293706293
P07658,1FDO,A,4,0.63417,1,0.15155,0,"123,399","120,121,122,123,124,125,126,396,397,398,399,400,401,402",104,"101,102,103,104,105,106,107","123,399",104,276,34,0.386013986013986,393,43,0.1076923076923077,0.1454545454545454,0.8455284552845529,104.0,,,,715,363.2058823529412,0.5079802550390785
P07658,1FDO,A,5,2.63461,3,0.06541,0,"207,644","204,205,206,207,208,209,210,641,642,643,644,645,646,647","132,155,200","129,130,131,132,133,134,135,152,153,154,155,156,157,158,197,198,199,200,201,202,203","207,644","132,155,200",437,1,0.6111888111888112,631,119,0.2027972027972027,0.1846153846153846,0.6376811594202898,132.0,,,,715,437.0,0.6111888111888112
P07658,1FDO,A,6,2.61495,3,-0.03869,0,"180,581","177,178,179,180,181,182,183,578,579,580,581,582,583,584","134,156,172","131,132,133,134,135,136,137,153,154,155,156,157,158,159,169,170,171,172,173,174,175","180,581","134,156,172",401,126,0.5608391608391609,574,116,0.2349650349650349,0.1874125874125874,0.7444444444444445,134.0,,,,715,323.6428571428572,0.4526473526473527
P07658,1FDO,A,7,2.83089,3,-0.12412,0,"270,562","267,268,269,270,271,272,273,559,560,561,562,563,564,565","132,155,222","129,130,131,132,133,134,135,152,153,154,155,156,157,158,219,220,221,222,223,224,225","270,562","132,155,222",292,47,0.4083916083916084,478,116,0.193006993006993,0.1846153846153846,0.4888888888888889,132.0,,,,715,228.4255319148936,0.3194762684124386
P07658,1FDO,A,8,1.85525,3,-0.93914,0,"306,673","303,304,305,306,307,308,309,670,671,672,673,674,675,676","132,154,299","129,130,131,132,133,134,135,151,152,153,154,155,156,157,296,297,298,299,300,301,302","306,673","132,154,299",367,1,0.5132867132867133,553,117,0.1902097902097902,0.1846153846153846,0.4313725490196078,132.0,,,,715,367.0,0.5132867132867133
P07658,1FDO,A,9,2.02366,2,-1.09137,1,"303,668","300,301,302,303,304,305,306,665,666,667,668,669,670,671","132,150,676","129,130,131,132,133,134,135,147,148,149,150,151,152,153,673,674,675,676,677,678,679","303,668","132,150,676",365,5,0.5104895104895105,552,105,0.172027972027972,0.1846153846153846,0.4356435643564356,132.0,0.0545454545454545,0.8297872340425532,39.0,715,260.6,0.3644755244755245
P07658,1FDO,A,10,0.06096,0,2.00895,2,"38,162","35,36,37,38,39,40,41,159,160,161,162,163,164,165","336,442","333,334,335,336,337,338,339,439,440,441,442,443,444,445","38,162","336,442",124,76,0.1734265734265734,293,77,0.1818181818181818,,,,0.3818181818181818,0.4936708860759494,273.0,715,215.71052631578948,0.3016930437983069
P07658,1FDO,A,11,-0.80068,1,0.52432,0,"75,436","72,73,74,75,76,77,78,433,434,435,436,437,438,439",66,"63,64,65,66,67,68,69","75,436",66,361,9,0.5048951048951049,494,30,0.0783216783216783,0.0923076923076923,0.88,66.0,,,,715,485.8888888888889,0.6795648795648797
P07658,1FDO,A,12,2.0854,4,-0.21662,0,"325,542","322,323,324,325,326,327,328,539,540,541,542,543,544,545","106,116,133,158","103,104,105,106,107,108,109,113,114,115,116,117,118,119,130,131,132,133,134,135,136,155,156,157,158,159,160,161","325,542","106,116,133,158",217,43,0.3034965034965035,352,130,0.2223776223776223,0.1482517482517482,0.3261538461538461,106.0,,,,715,206.2093023255814,0.2884046186371768
P07762,5E6Z,A,1,-0.63782,1,-0.06651,0,"161,191","158,159,160,161,162,163,164,188,189,190,191,192,193,194",152,"149,150,151,152,153,154,155","161,191",152,30,1,0.0412087912087912,71,32,0.070054945054945,0.2087912087912088,0.9440993788819876,152.0,,,,728,30.0,0.0412087912087912
P07762,5E6Z,A,2,-0.76672,1,0.0,0,"696,726","693,694,695,696,697,698,699,723,724,725,726,727,728,729",675,"672,673,674,675,676,677,678","696,726",675,30,1,0.0412087912087912,80,29,0.0604395604395604,0.9271978021978022,0.9698275862068966,675.0,,,,728,30.0,0.0412087912087912
P07762,5E6Z,A,3,-0.20449,0,0.74085,3,"213,262","210,211,212,213,214,215,216,259,260,261,262,263,264,265","284,309,332","281,282,283,284,285,286,287,306,307,308,309,310,311,312,329,330,331,332,333,334,335","213,262","284,309,332",49,1,0.0673076923076923,119,81,0.1497252747252747,,,,0.5439560439560439,0.8497854077253219,396.0,728,49.0,0.0673076923076923
P07762,5E6Z,A,4,0.00428,0,0.81236,1,"219,310","216,217,218,219,220,221,222,307,308,309,310,311,312,313",332,"329,330,331,332,333,334,335","219,310",332,91,26,0.125,184,33,0.1195054945054945,,,,0.5439560439560439,0.9473684210526316,396.0,728,101.23076923076924,0.1390532544378698
P07813,3ZGZ,A,1,-0.00602,0,0.74942,1,"19,113","16,17,18,19,20,21,22,110,111,112,113,114,115,116",119,"116,117,118,119,120,121,122","19,113",119,94,2,0.1093023255813953,169,31,0.0604651162790697,,,,0.8616279069767442,0.9919678714859438,741.0,860,96.0,0.1116279069767441
P07813,3ZGZ,A,2,-0.02553,0,0.65368,1,"24,64","21,22,23,24,25,26,27,61,62,63,64,65,66,67",73,"70,71,72,73,74,75,76","24,64",73,40,2,0.0465116279069767,109,37,0.0686046511627907,,,,0.9151162790697674,0.9886934673366834,787.0,860,43.0,0.05
P07813,3ZGZ,A,3,-0.02244,0,0.74936,1,"676,736","673,674,675,676,677,678,679,733,734,735,736,737,738,739",747,"744,745,746,747,748,749,750","676,736",747,60,1,0.0697674418604651,104,26,0.0686046511627907,,,,0.1313953488372093,0.9112903225806452,113.0,860,60.0,0.0697674418604651
P07813,3ZGZ,A,4,-0.61239,1,0.09262,0,"585,615","582,583,584,585,586,587,588,612,613,614,615,616,617,618",574,"571,572,573,574,575,576,577","585,615",574,30,10,0.0348837209302325,45,39,0.055813953488372,0.6674418604651163,0.9811965811965812,574.0,,,,860,37.8,0.043953488372093
P07813,3ZGZ,A,5,-0.1217,0,-1.61,1,"154,329","151,152,153,154,155,156,157,326,327,328,329,330,331,332",419,"416,417,418,419,420,421,422","154,329",419,175,1,0.2034883720930232,245,27,0.0860465116279069,,,,0.5127906976744186,0.8305084745762712,441.0,860,175.0,0.2034883720930232
P07813,3ZGZ,A,6,-0.61698,1,-0.03324,0,"368,382","365,366,367,368,369,370,371,379,380,381,382,383,384,385",360,"357,358,359,360,361,362,363","368,382",360,14,2,0.0162790697674418,43,33,0.055813953488372,0.4186046511627907,0.9782608695652174,360.0,,,,860,14.5,0.016860465116279
P07813,3ZGZ,A,7,-0.00532,0,-0.83102,1,"423,432","420,421,422,423,424,425,426,429,430,431,432,433,434,435",489,"486,487,488,489,490,491,492","423,432",489,9,64,0.0104651162790697,41,34,0.0744186046511627,,,,0.4313953488372093,0.866822429906542,371.0,860,311.234375,0.3619004360465116
P07813,3ZGZ,A,8,-1.06406,1,-0.01738,0,"330,418","327,328,329,330,331,332,333,415,416,417,418,419,420,421",230,"227,228,229,230,231,232,233","330,418",230,88,5,0.1023255813953488,133,30,0.0802325581395348,0.2674418604651162,0.696969696969697,230.0,,,,860,142.6,0.165813953488372
P07813,3ZGZ,A,9,-1.12946,1,-1.18736,3,"168,290","165,166,167,168,169,170,171,287,288,289,290,291,292,293","155,326,336,419","152,153,154,155,156,157,158,323,324,325,326,327,328,329,333,334,335,336,337,338,339,416,417,418,419,420,421,422","168,290","155,326,336,419",122,24,0.141860465116279,224,112,0.1523255813953488,0.1802325581395348,0.9226190476190476,155.0,0.5127906976744186,0.7736842105263158,441.0,860,120.45833333333331,0.1400678294573643
P07813,3ZGZ,A,10,-0.62262,1,-1.12124,1,"172,583","169,170,171,172,173,174,175,580,581,582,583,584,585,586","154,618","151,152,153,154,155,156,157,615,616,617,618,619,620,621","172,583","154,618",411,10,0.477906976744186,506,57,0.1023255813953488,0.1790697674418604,0.8953488372093024,154.0,0.2813953488372093,0.8736462093862816,242.0,860,374.1,0.435
P07813,3ZGZ,A,11,0.78131,1,0.77559,1,"65,713","62,63,64,65,66,67,68,710,711,712,713,714,715,716","38,761","35,36,37,38,39,40,41,758,759,760,761,762,763,764","65,713","38,761",648,88,0.7534883720930232,751,74,0.1197674418604651,0.0441860465116279,0.5846153846153846,38.0,0.1151162790697674,0.673469387755102,99.0,860,489.7840909090909,0.5695163847780127
P07813,3ZGZ,A,12,0.40852,0,-0.97819,3,"84,167","81,82,83,84,85,86,87,164,165,166,167,168,169,170","191,422,490","188,189,190,191,192,193,194,419,420,421,422,423,424,425,487,488,489,490,491,492,493","84,167","191,422,490",83,3,0.0965116279069767,177,60,0.1232558139534883,,,,0.4302325581395348,0.5339105339105339,370.0,860,84.66666666666667,0.0984496124031007
P07813,3ZGZ,A,13,0.80693,3,-0.17917,0,"114,639","111,112,113,114,115,116,117,636,637,638,639,640,641,642","40,49,76","37,38,39,40,41,42,43,46,47,48,49,50,51,52,73,74,75,76,77,78,79","114,639","40,49,76",525,14,0.6104651162790697,599,77,0.1348837209302325,0.0465116279069767,0.3508771929824561,40.0,,,,860,540.9285714285714,0.6289867109634552
P07822,1K2V,N,1,0.60258,1,0.08654,0,"49,101","46,47,48,49,50,51,52,98,99,100,101,102,103,104",38,"35,36,37,38,39,40,41","49,101",38,52,10,0.1756756756756756,96,32,0.2229729729729729,0.1283783783783783,0.7755102040816326,38.0,,,,296,87.9,0.2969594594594594
P07822,1K2V,N,2,0.75499,1,0.50703,0,"68,240","65,66,67,68,69,70,71,237,238,239,240,241,242,243",59,"56,57,58,59,60,61,62","68,240",59,172,14,0.581081081081081,243,35,0.2331081081081081,0.1993243243243243,0.8676470588235294,59.0,,,,296,199.64285714285717,0.674469111969112
P07822,1K2V,N,3,0.64628,1,0.16718,0,"191,238","188,189,190,191,192,193,194,235,236,237,238,239,240,241",179,"176,177,178,179,180,181,182","191,238",179,47,12,0.1587837837837837,100,32,0.2466216216216216,0.6047297297297297,0.93717277486911,179.0,,,,296,77.91666666666667,0.263231981981982
P07862,4C5C,A,1,0.04442,0,-0.80916,1,"97,144","94,95,96,97,98,99,100,141,142,143,144,145,146,147",179,"176,177,178,179,180,181,182","97,144",179,47,17,0.15359477124183,87,36,0.2287581699346405,,,,0.4150326797385621,0.7839506172839507,127.0,306,83.41176470588235,0.2725874663590926
P07862,4C5C,A,2,-0.81798,1,-0.01874,0,"156,182","153,154,155,156,157,158,159,179,180,181,182,183,184,185",141,"138,139,140,141,142,143,144","156,182",141,26,13,0.0849673202614379,57,32,0.1797385620915032,0.4607843137254901,0.903846153846154,141.0,,,,306,57.07692307692308,0.1865258924082453
P07862,4C5C,A,3,0.67345,1,0.05558,0,"203,282","200,201,202,203,204,205,206,279,280,281,282,283,284,285",188,"185,186,187,188,189,190,191","203,282",188,79,11,0.2581699346405229,142,35,0.2222222222222222,0.6143790849673203,0.9261083743842364,188.0,,,,306,87.27272727272727,0.285204991087344
P08178,1CLI,B,1,0.88433,1,-0.04755,0,"1126,1156","1123,1124,1125,1126,1127,1128,1129,1153,1154,1155,1156,1157,1158,1159",1110,"1107,1108,1109,1110,1111,1112,1113","126,156",110,30,4,0.0869565217391304,78,32,0.217391304347826,0.3188405797101449,0.873015873015873,110.0,,,,345,33.0,0.0956521739130434
P08178,1CLI,B,2,-1.17849,1,0.0,0,"1264,1334","1261,1262,1263,1264,1265,1266,1267,1331,1332,1333,1334,1335,1336,1337",1181,"1178,1179,1180,1181,1182,1183,1184","264,334",181,70,17,0.2028985507246377,133,35,0.1681159420289855,0.5246376811594203,0.6856060606060606,181.0,,,,345,79.3529411764706,0.2300085251491901
P08178,1CLI,B,3,-0.0086,0,-0.74499,1,"1055,1101","1052,1053,1054,1055,1056,1057,1058,1098,1099,1100,1101,1102,1103,1104",1163,"1160,1161,1162,1163,1164,1165,1166","55,101",163,46,26,0.1333333333333333,109,35,0.1652173913043478,,,,0.527536231884058,0.7459016393442623,182.0,345,84.15384615384616,0.2439241917502787
P08178,1CLI,B,4,-0.06919,0,-0.94428,1,"1179,1243","1176,1177,1178,1179,1180,1181,1182,1240,1241,1242,1243,1244,1245,1246",1307,"1304,1305,1306,1307,1308,1309,1310","179,243",307,64,26,0.1855072463768116,140,31,0.1826086956521739,,,,0.1101449275362318,0.3725490196078431,38.0,345,102.84615384615384,0.2981047937569676
P08178,1CLI,B,5,-2.03647,2,0.0,0,"1295,1344","1292,1293,1294,1295,1296,1297,1298,1341,1342,1343,1344,1345,1346,1347","1181,1267","1178,1179,1180,1181,1182,1183,1184,1264,1265,1266,1267,1268,1269,1270","295,344","181,267",49,48,0.1420289855072463,108,58,0.2492753623188406,0.5246376811594203,0.6135593220338983,181.0,,,,345,63.4375,0.1838768115942029
P08178,1CLI,B,6,0.77586,1,-1.05028,1,"1222,1279","1219,1220,1221,1222,1223,1224,1225,1276,1277,1278,1279,1280,1281,1282","1188,1300","1185,1186,1187,1188,1189,1190,1191,1297,1298,1299,1300,1301,1302,1303","222,279","188,300",57,28,0.1652173913043478,144,51,0.2202898550724637,0.5449275362318841,0.8468468468468469,188.0,0.1304347826086956,0.6818181818181818,45.0,345,79.89285714285714,0.2315734989648033
P08189,3JWN,F,1,-0.0084,0,-0.6018,1,"46,100","43,44,45,46,47,48,49,97,98,99,100,101,102,103",128,"125,126,127,128,129,130,131","68,122",150,54,1,0.3068181818181818,121,32,0.2840909090909091,,,,0.1477272727272727,0.4814814814814814,26.0,176,54.0,0.3068181818181818
P08189,3JWN,F,2,-0.62959,1,0.0,0,"114,152","111,112,113,114,115,116,117,149,150,151,152,153,154,155",63,"60,61,62,63,64,65,66","136,174",85,38,4,0.2159090909090909,99,37,0.25,0.4829545454545454,0.625,85.0,,,,176,40.0,0.2272727272727272
P08191,4XO9,A,1,-0.00899,0,-0.76964,1,"32,74","29,30,31,32,33,34,35,71,72,73,74,75,76,77",108,"105,106,107,108,109,110,111","53,95",129,42,1,0.14,113,34,0.1866666666666666,,,,0.57,0.8341463414634146,171.0,300,42.0,0.14
P08191,4XO9,A,2,-0.61489,1,-0.1137,0,"89,132","86,87,88,89,90,91,92,129,130,131,132,133,134,135",57,"54,55,56,57,58,59,60","110,153",78,43,1,0.1433333333333333,125,33,0.1766666666666666,0.26,0.7090909090909091,78.0,,,,300,43.0,0.1433333333333333
P08191,4XO9,A,3,-0.7023,1,0.0,0,"240,279","237,238,239,240,241,242,243,276,277,278,279,280,281,282",193,"190,191,192,193,194,195,196","261,300",214,39,4,0.13,93,32,0.1466666666666666,0.7133333333333334,0.8199233716475096,214.0,,,,300,40.25,0.1341666666666666
P08192,1W78,A,1,0.94501,3,0.05331,0,"94,286","91,92,93,94,95,96,97,283,284,285,286,287,288,289","52,65,80","49,50,51,52,53,54,55,62,63,64,65,66,67,68,77,78,79,80,81,82,83","94,286","52,65,80",192,1,0.4549763033175355,272,85,0.2559241706161137,0.1232227488151658,0.5531914893617021,52.0,,,,422,192.0,0.4549763033175355
P08192,1W78,A,2,0.7677,1,0.00138,0,"345,401","342,343,344,345,346,347,348,398,399,400,401,402,403,404",328,"325,326,327,328,329,330,331","345,401",328,56,1,0.1327014218009478,101,42,0.1848341232227488,0.7772511848341233,0.9507246376811594,328.0,,,,422,56.0,0.1327014218009478
P08192,1W78,A,3,0.0027,0,1.01534,1,"17,89","14,15,16,17,18,19,20,86,87,88,89,90,91,92",145,"142,143,144,145,146,147,148","17,89",145,72,38,0.1706161137440758,169,41,0.1919431279620853,,,,0.6563981042654028,0.8318318318318318,277.0,422,92.39473684210526,0.2189448740334247
P08192,1W78,A,4,0.86691,1,0.00789,0,"63,165","60,61,62,63,64,65,66,162,163,164,165,166,167,168",53,"50,51,52,53,54,55,56","63,165",53,102,44,0.2417061611374407,192,41,0.1872037914691943,0.1255924170616113,0.8412698412698413,53.0,,,,422,197.52272727272728,0.4680633347694959
P08192,1W78,A,5,0.05772,0,0.64411,1,"299,385","296,297,298,299,300,301,302,382,383,384,385,386,387,388",400,"397,398,399,400,401,402,403","299,385",400,86,3,0.2037914691943128,123,37,0.1587677725118483,,,,0.0521327014218009,0.5945945945945946,22.0,422,89.33333333333333,0.2116903633491311
P08200,1P8F,A,1,0.81157,1,0.01248,0,"45,99","42,43,44,45,46,47,48,96,97,98,99,100,101,102",30,"27,28,29,30,31,32,33","45,99",30,54,63,0.1298076923076923,115,39,0.2019230769230769,0.0721153846153846,0.6666666666666666,30.0,,,,416,302.8888888888889,0.7280982905982907
P08200,1P8F,A,2,-0.12125,0,0.7085,1,"149,289","146,147,148,149,150,151,152,286,287,288,289,290,291,292",300,"297,298,299,300,301,302,303","149,289",300,140,2,0.3365384615384615,177,41,0.1754807692307692,,,,0.2788461538461538,0.9133858267716536,116.0,416,144.5,0.3473557692307692
P08200,1P8F,A,3,0.78763,1,0.06133,0,"241,300","238,239,240,241,242,243,244,297,298,299,300,301,302,303",225,"222,223,224,225,226,227,228","241,300",225,59,6,0.141826923076923,104,37,0.1875,0.5408653846153846,0.933609958506224,225.0,,,,416,62.66666666666666,0.1506410256410256
P08202,2AJT,B,1,0.80609,1,-0.98627,1,"202,396","199,200,201,202,203,204,205,393,394,395,396,397,398,399","179,451","176,177,178,179,180,181,182,448,449,450,451,452,453,454","202,396","179,451",194,36,0.388,261,73,0.2,0.358,0.8861386138613861,179.0,0.098,0.4711538461538461,49.0,500,157.16666666666666,0.3143333333333333
P08202,2AJT,B,2,-0.07818,0,-0.65817,1,"345,413","342,343,344,345,346,347,348,410,411,412,413,414,415,416",428,"425,426,427,428,429,430,431","345,413",428,68,1,0.136,161,39,0.12,,,,0.144,0.8275862068965517,72.0,500,68.0,0.136
P08202,2AJT,B,3,0.0763,0,-0.84316,1,"352,371","349,350,351,352,353,354,355,368,369,370,371,372,373,374",382,"379,380,381,382,383,384,385","352,371",382,19,7,0.038,70,43,0.146,,,,0.236,0.9147286821705426,118.0,500,60.71428571428572,0.1214285714285714
P08202,2AJT,B,4,-0.80487,1,0.01392,0,"409,459","406,407,408,409,410,411,412,456,457,458,459,460,461,462",391,"388,389,390,391,392,393,394","409,459",391,50,27,0.1,120,30,0.126,0.782,0.9559902200488998,391.0,,,,500,68.55555555555556,0.1371111111111111
P08202,2AJT,B,5,0.8206,1,-0.03888,0,"350,450","347,348,349,350,351,352,353,447,448,449,450,451,452,453",333,"330,331,332,333,334,335,336","350,450",333,100,1,0.2,181,34,0.136,0.666,0.9514285714285714,333.0,,,,500,100.0,0.2
P08202,2AJT,B,6,0.68201,1,0.08072,0,"48,77","45,46,47,48,49,50,51,74,75,76,77,78,79,80",9,"6,7,8,9,10,11,12","48,77",9,29,35,0.058,73,34,0.136,0.018,0.1875,9.0,,,,500,93.94285714285714,0.1878857142857142
P08203,1JDI,A,1,-0.7034,1,-0.02797,0,"125,209","122,123,124,125,126,127,128,206,207,208,209,210,211,212",112,"109,110,111,112,113,114,115","125,209",112,84,14,0.3636363636363636,140,30,0.2337662337662337,0.4848484848484848,0.896,112.0,,,,231,95.28571428571428,0.4124922696351268
P08244,1EIX,B,1,0.0,0,0.68664,1,"16,211","13,14,15,16,17,18,19,208,209,210,211,212,213,214",218,"215,216,217,218,219,220,221","16,211",218,195,1,0.7959183673469388,220,36,0.2285714285714285,,,,0.110204081632653,0.7941176470588235,27.0,245,195.0,0.7959183673469388
P08244,1EIX,B,2,0.99387,1,-0.03388,0,"201,222","198,199,200,201,202,203,204,219,220,221,222,223,224,225",190,"187,188,189,190,191,192,193","201,222",190,21,2,0.0857142857142857,61,37,0.2448979591836734,0.7755102040816326,0.945273631840796,190.0,,,,245,21.5,0.0877551020408163
P08244,1EIX,B,3,0.83779,1,-0.16676,0,"32,224","29,30,31,32,33,34,35,221,222,223,224,225,226,227",19,"16,17,18,19,20,21,22","32,224",19,192,8,0.7836734693877551,221,30,0.2244897959183673,0.0775510204081632,0.59375,19.0,,,,245,196.0,0.8
P08337,3A6T,A,1,-0.60322,1,-0.62675,1,"28,75","25,26,27,28,29,30,31,72,73,74,75,76,77,78","7,83","4,5,6,7,8,9,10,80,81,82,83,84,85,86","28,75","7,83",47,5,0.3643410852713178,93,46,0.4806201550387597,0.0542635658914728,0.25,7.0,0.3565891472868217,0.8518518518518519,46.0,129,50.0,0.3875968992248062
P08337,3A6T,A,2,-0.6302,1,0.02954,0,"33,105","30,31,32,33,34,35,36,102,103,104,105,106,107,108",20,"17,18,19,20,21,22,23","33,105",20,72,11,0.5581395348837209,103,35,0.4186046511627907,0.1550387596899224,0.6060606060606061,20.0,,,,129,82.18181818181819,0.6370683579985906
P08373,2Q85,A,1,0.7989,1,-0.08297,0,"55,300","52,53,54,55,56,57,58,297,298,299,300,301,302,303",46,"43,44,45,46,47,48,49","55,300",46,245,18,0.716374269005848,307,33,0.2163742690058479,0.1345029239766081,0.8363636363636363,46.0,,,,342,270.0,0.7894736842105263
P08373,2Q85,A,2,0.0,0,0.65853,1,"8,46","5,6,7,8,9,10,11,43,44,45,46,47,48,49",62,"59,60,61,62,63,64,65","8,46",62,38,16,0.1111111111111111,84,34,0.2046783625730994,,,,0.8187134502923976,0.945945945945946,280.0,342,41.0,0.1198830409356725
P08373,2Q85,A,3,0.02246,0,-0.81889,1,"82,135","79,80,81,82,83,84,85,132,133,134,135,136,137,138",176,"173,174,175,176,177,178,179","82,135",176,53,11,0.1549707602339181,108,34,0.1812865497076023,,,,0.4853801169590643,0.8019323671497585,166.0,342,92.0909090909091,0.2692716640085061
P08373,2Q85,A,4,-0.618,1,-0.06485,0,"164,232","161,162,163,164,165,166,167,229,230,231,232,233,234,235",117,"114,115,116,117,118,119,120","164,232",117,68,8,0.1988304093567251,139,35,0.2134502923976608,0.3421052631578947,0.7134146341463414,117.0,,,,342,100.5,0.293859649122807
P08395,3BF0,C,1,0.3432,0,0.90595,1,"238,425","235,236,237,238,239,240,241,422,423,424,425,426,427,428",546,"543,544,545,546,547,548,549","238,425",546,187,82,0.302588996763754,272,26,0.1326860841423948,,,,0.116504854368932,0.3730569948186528,72.0,618,257.3780487804878,0.4164693345962585
P08395,3BF0,C,2,0.95377,1,0.0,0,"365,547","362,363,364,365,366,367,368,544,545,546,547,548,549,550",328,"325,326,327,328,329,330,331","365,547",328,182,5,0.2944983818770226,245,34,0.0825242718446602,0.5307443365695793,0.8986301369863013,328.0,,,,618,188.2,0.3045307443365695
P08506,3ITA,A,1,0.023,0,-0.63414,1,"35,140","32,33,34,35,36,37,38,137,138,139,140,141,142,143",155,"152,153,154,155,156,157,158","61,166",181,105,2,0.2625,151,33,0.1425,,,,0.5475,0.935897435897436,219.0,400,106.0,0.265
P08506,3ITA,A,2,-0.77657,1,0.11307,0,"150,214","147,148,149,150,151,152,153,211,212,213,214,215,216,217",39,"36,37,38,39,40,41,42","176,240",65,64,29,0.16,128,33,0.1325,0.1625,0.3693181818181818,65.0,,,,400,85.55172413793103,0.2138793103448275
P08660,2J0W,A,1,0.07654,0,0.69986,1,"35,170","32,33,34,35,36,37,38,167,168,169,170,171,172,173",182,"179,180,181,182,183,184,185","35,170",182,135,2,0.3006681514476614,191,47,0.1759465478841871,,,,0.5946547884187082,0.956989247311828,267.0,449,152.5,0.3396436525612472
P08660,2J0W,A,2,0.67057,1,-0.89869,1,"254,340","251,252,253,254,255,256,257,337,338,339,340,341,342,343","243,352","240,241,242,243,244,245,246,349,350,351,352,353,354,355","254,340","243,352",86,20,0.1915367483296214,175,61,0.2071269487750557,0.5412026726057907,0.9566929133858268,243.0,0.2160356347438752,0.8899082568807339,97.0,449,88.9,0.1979955456570156
P08660,2J0W,A,3,-0.96238,1,-0.74031,1,"352,417","349,350,351,352,353,354,355,414,415,416,417,418,419,420","309,430","306,307,308,309,310,311,312,427,428,429,430,431,432,433","352,417","309,430",65,14,0.1447661469933185,134,56,0.1581291759465478,0.688195991091314,0.8778409090909091,309.0,0.042316258351893,0.59375,19.0,449,71.85714285714286,0.1600381800827235
P08839,2HWG,B,1,0.0,0,0.91978,1,"7,186","4,5,6,7,8,9,10,183,184,185,186,187,188,189",199,"196,197,198,199,200,201,202","7,186",199,179,6,0.3113043478260869,232,41,0.12,,,,0.6539130434782608,0.9665809768637532,376.0,575,181.0,0.3147826086956521
P08839,2HWG,B,2,0.956,1,0.30155,0,"196,274","193,194,195,196,197,198,199,271,272,273,274,275,276,277",9,"6,7,8,9,10,11,12","196,274",9,78,47,0.1356521739130435,156,39,0.1530434782608695,0.0156521739130434,0.0459183673469387,9.0,,,,575,207.2127659574468,0.3603700277520814
P08839,2HWG,B,3,0.99923,1,0.05178,0,"287,527","284,285,286,287,288,289,290,524,525,526,527,528,529,530",272,"269,270,271,272,273,274,275","287,527",272,240,10,0.417391304347826,305,37,0.1113043478260869,0.4730434782608695,0.9477351916376306,272.0,,,,575,243.1,0.4227826086956521
P08997,3CUZ,A,1,0.73672,1,0.54581,0,"128,435","125,126,127,128,129,130,131,432,433,434,435,436,437,438",117,"114,115,116,117,118,119,120","128,435",117,307,1,0.575984990619137,439,42,0.1425891181988743,0.2195121951219512,0.9140625,117.0,,,,533,307.0,0.575984990619137
P08997,3CUZ,A,2,0.76553,1,0.0,0,"176,529","173,174,175,176,177,178,179,526,527,528,529,530,531,532",167,"164,165,166,167,168,169,170","176,529",167,353,2,0.6622889305816135,443,35,0.1407129455909943,0.3133208255159475,0.9488636363636364,167.0,,,,533,355.0,0.6660412757973734
P08997,3CUZ,A,3,0.75175,1,0.06122,0,"442,493","439,440,441,442,443,444,445,490,491,492,493,494,495,496",424,"421,422,423,424,425,426,427","442,493",424,51,1,0.0956848030018761,105,29,0.1088180112570356,0.7954971857410882,0.9592760180995475,424.0,,,,533,51.0,0.0956848030018761
P08997,3CUZ,A,4,-0.06664,0,1.1274,1,"78,259","75,76,77,78,79,80,81,256,257,258,259,260,261,262",268,"265,266,267,268,269,270,271","78,259",268,181,15,0.3395872420262664,280,36,0.1275797373358349,,,,0.4971857410881801,0.9671532846715328,265.0,533,187.8,0.3523452157598499
P08997,3CUZ,A,5,0.96998,1,-0.02747,0,"111,366","108,109,110,111,112,113,114,363,364,365,366,367,368,369",93,"90,91,92,93,94,95,96","111,366",93,255,9,0.4784240150093808,387,38,0.1294559099437148,0.174484052532833,0.8378378378378378,93.0,,,,533,262.22222222222223,0.4919741505107359
P08997,3CUZ,A,6,-0.10593,0,0.77032,5,"25,126","22,23,24,25,26,27,28,123,124,125,126,127,128,129","167,187,245,259,269","164,165,166,167,168,169,170,184,185,186,187,188,189,190,242,243,244,245,246,247,248,256,257,258,259,260,261,262,266,267,268,269,270,271,272","25,126","167,187,245,259,269",101,14,0.1894934333958724,210,119,0.3020637898686679,,,,0.4953095684803001,0.6486486486486487,264.0,533,108.78571428571428,0.204100777271509
P08997,3CUZ,A,7,0.10943,0,1.03112,3,"51,170","48,49,50,51,52,53,54,167,168,169,170,171,172,173","246,259,269","243,244,245,246,247,248,249,256,257,258,259,260,261,262,266,267,268,269,270,271,272","51,170","246,259,269",119,59,0.223264540337711,206,75,0.2138836772983114,,,,0.4953095684803001,0.7272727272727273,264.0,533,163.98305084745763,0.3076605081565809
P09029,1B6S,B,1,0.11957,0,0.71666,1,"69,170","66,67,68,69,70,71,72,167,168,169,170,171,172,173",236,"233,234,235,236,237,238,239","69,170",236,101,1,0.2845070422535211,168,28,0.2056338028169014,,,,0.3352112676056338,0.6432432432432432,119.0,355,101.0,0.2845070422535211
P09029,1B6S,B,2,0.64446,1,0.08013,0,"182,246","179,180,181,182,183,184,185,243,244,245,246,247,248,249",162,"159,160,161,162,163,164,165","182,246",162,64,20,0.180281690140845,131,36,0.2056338028169014,0.4563380281690141,0.8901098901098901,162.0,,,,355,84.15,0.2370422535211268
P09029,1B6S,B,3,-0.08362,0,-0.77295,1,"252,301","249,250,251,252,253,254,255,298,299,300,301,302,303,304",317,"314,315,316,317,318,319,320","252,301",317,49,10,0.1380281690140845,111,36,0.1690140845070422,,,,0.1070422535211267,0.7037037037037037,38.0,355,196.2,0.5526760563380282
P09029,1B6S,B,4,0.0002,0,-0.83905,1,"99,122","96,97,98,99,100,101,102,119,120,121,122,123,124,125",150,"147,148,149,150,151,152,153","99,122",150,23,12,0.0647887323943662,52,33,0.1436619718309859,,,,0.5774647887323944,0.8798283261802575,205.0,355,45.91666666666666,0.1293427230046948
P09029,1B6S,B,5,-1.01642,1,-0.06088,0,"128,187","125,126,127,128,129,130,131,184,185,186,187,188,189,190",118,"115,116,117,118,119,120,121","128,187",118,59,4,0.1661971830985915,137,30,0.1464788732394366,0.3323943661971831,0.921875,118.0,,,,355,91.75,0.2584507042253521
P09030,1AKO,A,1,0.11002,0,-0.94534,1,"14,215","11,12,13,14,15,16,17,212,213,214,215,216,217,218",228,"225,226,227,228,229,230,231","14,215",228,201,2,0.75,252,41,0.2761194029850746,,,,0.1492537313432835,0.7547169811320755,40.0,268,203.5,0.7593283582089553
P09030,1AKO,A,2,-0.91321,1,0.06575,0,"223,248","220,221,222,223,224,225,226,245,246,247,248,249,250,251",210,"207,208,209,210,211,212,213","223,248",210,25,4,0.0932835820895522,79,31,0.2014925373134328,0.7835820895522388,0.9417040358744396,210.0,,,,268,29.0,0.1082089552238805
P09030,1AKO,A,3,0.67312,1,-0.15239,0,"179,226","176,177,178,179,180,181,182,223,224,225,226,227,228,229",155,"152,153,154,155,156,157,158","179,226",155,47,5,0.1753731343283582,91,29,0.2462686567164179,0.5783582089552238,0.8659217877094972,155.0,,,,268,54.6,0.203731343283582
P09099,2ITM,A,1,-0.78772,1,-0.04004,0,"89,155","86,87,88,89,90,91,92,152,153,154,155,156,157,158",82,"79,80,81,82,83,84,85","89,155",82,66,1,0.1363636363636363,128,36,0.1219008264462809,0.1694214876033057,0.9213483146067416,82.0,,,,484,66.0,0.1363636363636363
P09099,2ITM,A,2,0.09573,0,-0.64388,1,"260,279","257,258,259,260,261,262,263,276,277,278,279,280,281,282",285,"282,283,284,285,286,287,288","260,279",285,19,27,0.0392561983471074,63,34,0.1508264462809917,,,,0.4111570247933884,0.9707317073170731,199.0,484,122.8148148148148,0.253749617385981
P09099,2ITM,A,3,0.03405,0,0.70229,1,"292,331","289,290,291,292,293,294,295,328,329,330,331,332,333,334",362,"359,360,361,362,363,364,365","292,331",362,39,4,0.0805785123966942,85,30,0.1632231404958677,,,,0.2520661157024793,0.7973856209150327,122.0,484,41.25,0.0852272727272727
P09147,1UDC,A,1,0.88678,1,0.08517,0,"231,295","228,229,230,231,232,233,234,292,293,294,295,296,297,298",218,"215,216,217,218,219,220,221","231,295",218,64,18,0.1893491124260355,141,29,0.2011834319526627,0.6449704142011834,0.9437229437229436,218.0,,,,338,71.0,0.2100591715976331
P09147,1UDC,A,2,0.73411,3,-0.04626,0,"275,318","272,273,274,275,276,277,278,315,316,317,318,319,320,321","218,230,262","215,216,217,218,219,220,221,227,228,229,230,231,232,233,259,260,261,262,263,264,265","275,318","218,230,262",43,13,0.1272189349112426,99,78,0.3195266272189349,0.6449704142011834,0.7927272727272727,218.0,,,,338,45.84615384615385,0.1356395084205735
P09148,1GUQ,A,1,-0.04458,0,-0.9112,1,"182,281","179,180,181,182,183,184,185,278,279,280,281,282,283,284",296,"293,294,295,296,297,298,299","182,281",296,99,36,0.2844827586206896,179,38,0.1896551724137931,,,,0.1494252873563218,0.7761194029850746,52.0,348,128.05555555555554,0.3679757343550446
P09152,1Q16,A,1,-0.40151,0,1.21386,5,"54,578","51,52,53,54,55,56,57,575,576,577,578,579,580,581","769,772,780,783,784","766,767,768,769,770,771,772,769,770,771,772,773,774,775,777,778,779,780,781,782,783,780,781,782,783,784,785,786,781,782,783,784,785,786,787","55,579","770,773,781,784,785",524,15,0.4202085004009623,739,67,0.0978348035284683,,,,0.3704891740176423,0.6916167664670658,462.0,1247,325.06666666666666,0.2606789628441593
P09152,1Q16,A,2,-0.61388,1,0.07713,0,"58,807","55,56,57,58,59,60,61,804,805,806,807,808,809,810",51,"48,49,50,51,52,53,54","59,808",52,749,1,0.6006415396952687,983,38,0.0633520449077786,0.0417000801924619,0.8813559322033898,52.0,,,,1247,749.0,0.6006415396952687
P09152,1Q16,A,3,-0.62457,1,-0.01444,0,"383,460","380,381,382,383,384,385,386,457,458,459,460,461,462,463",375,"372,373,374,375,376,377,378","384,461",376,77,1,0.061748195669607,162,39,0.0601443464314354,0.301523656776263,0.9791666666666666,376.0,,,,1247,77.0,0.061748195669607
P09152,1Q16,A,4,-0.71895,1,0.11236,0,"866,1048","863,864,865,866,867,868,869,1045,1046,1047,1048,1049,1050,1051",854,"851,852,853,854,855,856,857","867,1049",855,182,4,0.1459502806736166,315,36,0.065757818765036,0.6856455493183641,0.986159169550173,855.0,,,,1247,183.25,0.1469526864474739
P09152,1Q16,A,5,0.02756,0,-0.68655,1,"901,934","898,899,900,901,902,903,904,931,932,933,934,935,936,937",943,"940,941,942,943,944,945,946","902,935",944,33,3,0.0264635124298315,69,30,0.0400962309542902,,,,0.2429831595829992,0.971153846153846,303.0,1247,34.666666666666664,0.0278000534616412
P09152,1Q16,A,6,0.73024,1,0.04674,0,"1146,1161","1143,1144,1145,1146,1147,1148,1149,1158,1159,1160,1161,1162,1163,1164",1118,"1115,1116,1117,1118,1119,1120,1121","1147,1162",1119,15,79,0.012028869286287,52,37,0.0673616680032077,0.8973536487570168,0.975588491717524,1119.0,,,,1247,58.848101265822784,0.0471917411915178
P09152,1Q16,A,7,-0.01042,0,0.88348,1,"108,772","105,106,107,108,109,110,111,769,770,771,772,773,774,775",784,"781,782,783,784,785,786,787","109,773",785,664,11,0.5324779470729751,896,38,0.0497193263833199,,,,0.3704891740176423,0.9746835443037974,462.0,1247,668.3636363636364,0.5359772545017132
P09152,1Q16,A,8,1.21134,1,-0.1262,0,"584,1016","581,582,583,584,585,586,587,1013,1014,1015,1016,1017,1018,1019",199,"196,197,198,199,200,201,202","585,1017",200,432,1,0.3464314354450681,622,37,0.0737770649558941,0.1603849238171611,0.3418803418803419,200.0,,,,1247,432.0,0.3464314354450681
P09152,1Q16,A,9,-0.02603,0,0.75617,1,"224,545","221,222,223,224,225,226,227,542,543,544,545,546,547,548",574,"571,572,573,574,575,576,577","225,546",575,321,24,0.2574178027265437,441,37,0.0713712910986367,,,,0.5388933440256616,0.9586305278174037,672.0,1247,326.6666666666667,0.2619620422346966
P09152,1Q16,A,10,0.7508,1,-0.05394,0,"326,526","323,324,325,326,327,328,329,523,524,525,526,527,528,529",314,"311,312,313,314,315,316,317","327,527",315,200,6,0.1603849238171611,277,32,0.0481154771451483,0.2526062550120289,0.963302752293578,315.0,,,,1247,203.83333333333331,0.1634589681903234
P09152,1Q16,A,11,2.79385,5,0.04952,0,"286,1094","283,284,285,286,287,288,289,1091,1092,1093,1094,1095,1096,1097","190,204,215,234,278","187,188,189,190,191,192,193,201,202,203,204,205,206,207,212,213,214,215,216,217,218,231,232,233,234,235,236,237,275,276,277,278,279,280,281","287,1095","191,205,216,235,279",808,172,0.6479550922213312,1030,157,0.1587810745789895,0.1531676022453889,0.6655052264808362,191.0,,,,1247,472.2732558139535,0.378727550773018
P09152,1Q16,A,12,2.65532,5,-0.10714,0,"335,1041","332,333,334,335,336,337,338,1038,1039,1040,1041,1042,1043,1044","189,200,215,229,306","186,187,188,189,190,191,192,197,198,199,200,201,202,203,212,213,214,215,216,217,218,226,227,228,229,230,231,232,303,304,305,306,307,308,309","336,1042","190,201,216,230,307",706,64,0.566158781074579,944,150,0.1587810745789895,0.1523656776263031,0.5654761904761905,190.0,,,,1247,564.984375,0.4530748797113071
P09152,1Q16,A,13,-0.91077,1,0.66395,1,"348,452","345,346,347,348,349,350,351,449,450,451,452,453,454,455","338,471","335,336,337,338,339,340,341,468,469,470,471,472,473,474","349,453","339,472",104,8,0.0834001603849238,182,54,0.0721732157177225,0.2718524458700882,0.97134670487106,339.0,0.6214915797914996,0.9760705289672544,775.0,1247,95.25,0.076383319967923
P09152,1Q16,A,14,1.21545,3,-0.82818,3,"450,631","447,448,449,450,451,452,453,628,629,630,631,632,633,634","226,306,432,1059,1193,1212","223,224,225,226,227,228,229,303,304,305,306,307,308,309,429,430,431,432,433,434,435,1056,1057,1058,1059,1060,1061,1062,1190,1191,1192,1193,1194,1195,1196,1209,1210,1211,1212,1213,1214,1215","451,632","227,307,433,1060,1194,1213",181,3,0.1451483560545308,406,160,0.1419406575781876,0.1820368885324779,0.5033259423503326,227.0,0.0272654370489174,0.0552845528455284,34.0,1247,181.66666666666663,0.1456829724672547
P09152,1Q16,A,15,0.86817,3,-0.82207,3,"350,632","347,348,349,350,351,352,353,629,630,631,632,633,634,635","224,309,336,1054,1192,1212","221,222,223,224,225,226,227,306,307,308,309,310,311,312,333,334,335,336,337,338,339,1051,1052,1053,1054,1055,1056,1057,1189,1190,1191,1192,1193,1194,1195,1209,1210,1211,1212,1213,1214,1215","351,633","225,310,337,1055,1193,1213",282,26,0.2261427425821972,508,175,0.161186848436247,0.1804330392943063,0.6410256410256411,225.0,0.0272654370489174,0.0553745928338762,34.0,1247,185.46153846153845,0.1487261735858367
P09152,1Q16,A,16,1.96456,2,-0.83452,3,"548,1194","545,546,547,548,549,550,551,1191,1192,1193,1194,1195,1196,1197","187,225,1215,1216,1221","184,185,186,187,188,189,190,222,223,224,225,226,227,228,1212,1213,1214,1215,1216,1217,1218,1213,1214,1215,1216,1217,1218,1219,1218,1219,1220,1221,1222,1223,1224","549,1195","188,226,1216,1217,1222",646,1,0.5180433039294307,897,128,0.1202886928628708,0.1507618283881315,0.3424408014571949,188.0,0.0200481154771451,0.4807692307692308,25.0,1247,646.0,0.5180433039294307
P09152,1Q16,A,17,2.2862,4,-1.09774,1,"390,1202","387,388,389,390,391,392,393,1199,1200,1201,1202,1203,1204,1205","188,225,306,334,1221","185,186,187,188,189,190,191,222,223,224,225,226,227,228,303,304,305,306,307,308,309,331,332,333,334,335,336,337,1218,1219,1220,1221,1222,1223,1224","391,1203","189,226,307,335,1222",812,248,0.6511627906976745,1061,181,0.1916599839615076,0.1515637530072173,0.4833759590792839,189.0,0.0200481154771451,0.5681818181818182,25.0,1247,565.383064516129,0.4533945986496624
P09152,1Q16,A,18,2.23728,4,-1.03085,1,"394,855","391,392,393,394,395,396,397,852,853,854,855,856,857,858","188,224,306,336,1046","185,186,187,188,189,190,191,221,222,223,224,225,226,227,303,304,305,306,307,308,309,333,334,335,336,337,338,339,1043,1044,1045,1046,1047,1048,1049","395,856","189,225,307,337,1047",461,38,0.3696872493985565,808,173,0.1836407377706495,0.1515637530072173,0.4784810126582278,189.0,0.1603849238171611,0.5115089514066496,200.0,1247,523.1315789473684,0.4195120921791246
P09152,1Q16,A,19,0.88613,2,-0.50723,0,"654,1197","651,652,653,654,655,656,657,1194,1195,1196,1197,1198,1199,1200","187,549","184,185,186,187,188,189,190,546,547,548,549,550,551,552","655,1198","188,550",543,1,0.4354450681635926,812,75,0.1106655974338412,0.1507618283881315,0.2870229007633588,188.0,,,,1247,543.0,0.4354450681635926
P09152,1Q16,A,20,-0.14475,0,1.84904,2,"87,239","84,85,86,87,88,89,90,236,237,238,239,240,241,242","580,785","577,578,579,580,581,582,583,782,783,784,785,786,787,788","88,240","581,786",152,30,0.1218925421010425,335,73,0.1002405773857257,,,,0.3696872493985565,0.4577954319761668,461.0,1247,174.86666666666667,0.1402298850574712
P09152,1Q16,A,21,1.01898,3,-0.23899,0,"753,871","750,751,752,753,754,755,756,868,869,870,871,872,873,874","186,658,710","183,184,185,186,187,188,189,655,656,657,658,659,660,661,707,708,709,710,711,712,713","754,872","187,659,711",118,1,0.0946271050521251,307,88,0.1002405773857257,0.1499599037690457,0.2480106100795756,187.0,,,,1247,118.0,0.0946271050521251
P09152,1Q16,A,22,0.86543,5,-0.03628,0,"781,1167","778,779,780,781,782,783,784,1164,1165,1166,1167,1168,1169,1170","190,201,234,597,771","187,188,189,190,191,192,193,198,199,200,201,202,203,204,231,232,233,234,235,236,237,594,595,596,597,598,599,600,768,769,770,771,772,773,774","782,1168","191,202,235,598,772",386,1,0.3095429029671211,650,147,0.1555733761026463,0.1531676022453889,0.2442455242966752,191.0,,,,1247,386.0,0.3095429029671211
P09152,1Q16,A,23,0.91296,5,-0.47287,0,"645,1197","642,643,644,645,646,647,648,1194,1195,1196,1197,1198,1199,1200","188,209,219,597,609","185,186,187,188,189,190,191,206,207,208,209,210,211,212,216,217,218,219,220,221,222,594,595,596,597,598,599,600,606,607,608,609,610,611,612","646,1198","189,210,220,598,610",552,20,0.4426623897353648,812,121,0.1379310344827586,0.1515637530072173,0.2925696594427244,189.0,,,,1247,560.35,0.4493584603047313
P09152,1Q16,A,24,0.83471,5,0.06788,0,"739,1073","736,737,738,739,740,741,742,1070,1071,1072,1073,1074,1075,1076","187,200,213,597,712","184,185,186,187,188,189,190,197,198,199,200,201,202,203,210,211,212,213,214,215,216,594,595,596,597,598,599,600,709,710,711,712,713,714,715","740,1074","188,201,214,598,713",334,25,0.2678428227746592,586,116,0.1291098636728147,0.1507618283881315,0.254054054054054,188.0,,,,1247,423.04,0.3392461908580593
P09152,1Q16,A,25,0.83526,5,0.2611,0,"739,1139","736,737,738,739,740,741,742,1136,1137,1138,1139,1140,1141,1142","192,208,234,584,712","189,190,191,192,193,194,195,205,206,207,208,209,210,211,231,232,233,234,235,236,237,581,582,583,584,585,586,587,709,710,711,712,713,714,715","740,1140","193,209,235,585,713",400,4,0.3207698476343223,700,152,0.165196471531676,0.1547714514835605,0.2608108108108108,193.0,,,,1247,400.75,0.3213712910986367
P09152,1Q16,A,26,-0.85684,1,-0.64297,1,"862,1200","859,860,861,862,863,864,865,1197,1198,1199,1200,1201,1202,1203","850,1213","847,848,849,850,851,852,853,1210,1211,1212,1213,1214,1215,1216","863,1201","851,1214",338,5,0.2710505212510024,569,84,0.0914194065757818,0.6824378508420208,0.9860950173812284,851.0,0.0264635124298315,0.717391304347826,33.0,1247,339.4,0.2721732157177225
P09152,1Q16,A,27,-0.8434,1,0.83284,3,"152,731","149,150,151,152,153,154,155,728,729,730,731,732,733,734","112,769,1057,1061","109,110,111,112,113,114,115,766,767,768,769,770,771,772,1054,1055,1056,1057,1058,1059,1060,1058,1059,1060,1061,1062,1063,1064","153,732","113,770,1058,1062",579,54,0.4643143544506816,836,115,0.1130713712910986,0.090617481956696,0.738562091503268,113.0,0.1483560545308741,0.3592233009708738,185.0,1247,441.3333333333333,0.3539160652232023
P09152,1Q16,A,28,2.29887,6,-0.18141,0,"415,1041","412,413,414,415,416,417,418,1038,1039,1040,1041,1042,1043,1044","189,205,215,224,306,336","186,187,188,189,190,191,192,202,203,204,205,206,207,208,212,213,214,215,216,217,218,221,222,223,224,225,226,227,303,304,305,306,307,308,309,333,334,335,336,337,338,339","416,1042","190,206,216,225,307,337",626,43,0.5020048115477145,908,185,0.1748195669607057,0.1523656776263031,0.4567307692307692,190.0,,,,1247,662.2325581395348,0.5310605919322653
P09155,1YT3,A,1,-0.62303,1,-0.35591,0,"114,326","111,112,113,114,115,116,117,323,324,325,326,327,328,329",102,"99,100,101,102,103,104,105","114,326",102,212,2,0.5653333333333334,283,35,0.1733333333333333,0.272,0.8947368421052632,102.0,,,,375,212.5,0.5666666666666667
P09158,3O4F,A,1,-0.02417,0,-0.80274,1,"189,219","186,187,188,189,190,191,192,216,217,218,219,220,221,222",233,"230,231,232,233,234,235,236","189,219",233,30,21,0.1041666666666666,77,39,0.2291666666666666,,,,0.1909722222222222,0.7971014492753623,55.0,288,156.71428571428572,0.5441468253968255
P09158,3O4F,A,2,-1.02318,1,-0.00173,0,"230,276","227,228,229,230,231,232,233,273,274,275,276,277,278,279",218,"215,216,217,218,219,220,221","230,276",218,46,3,0.1597222222222222,98,32,0.2222222222222222,0.7569444444444444,0.9478260869565216,218.0,,,,288,47.0,0.1631944444444444
P09158,3O4F,A,3,0.66389,1,0.15062,0,"95,156","92,93,94,95,96,97,98,153,154,155,156,157,158,159",81,"78,79,80,81,82,83,84","95,156",81,61,2,0.2118055555555555,110,35,0.2465277777777778,0.28125,0.8526315789473684,81.0,,,,288,63.0,0.21875
P09169,1I78,A,1,-0.7783,1,0.63476,1,"36,260","33,34,35,36,37,38,39,257,258,259,260,261,262,263","26,282","23,24,25,26,27,28,29,279,280,281,282,283,284,285","56,280","46,302",224,1,0.7066246056782335,289,51,0.2176656151419558,0.1451104100946372,0.8214285714285714,46.0,0.0473186119873817,0.4054054054054054,15.0,317,224.0,0.7066246056782335
P09373,1H16,A,1,0.75081,1,-0.1533,0,"348,412","345,346,347,348,349,350,351,409,410,411,412,413,414,415",340,"337,338,339,340,341,342,343","349,413",341,64,1,0.0842105263157894,142,37,0.0802631578947368,0.4486842105263158,0.9770773638968482,341.0,,,,760,64.0,0.0842105263157894
P09373,1H16,A,2,0.6412,1,0.18706,0,"453,615","450,451,452,453,454,455,456,612,613,614,615,616,617,618",437,"434,435,436,437,438,439,440","454,616",438,162,6,0.2131578947368421,284,37,0.0960526315789473,0.5763157894736842,0.9647577092511012,438.0,,,,760,163.5,0.2151315789473684
P09373,1H16,A,3,-0.0035,0,0.77324,1,"33,285","30,31,32,33,34,35,36,282,283,284,285,286,287,288",309,"306,307,308,309,310,311,312","34,286",310,252,6,0.331578947368421,372,33,0.1013157894736842,,,,0.5921052631578947,0.9493670886075948,450.0,760,254.33333333333331,0.3346491228070175
P09373,1H16,A,4,0.86656,1,0.06545,0,"269,505","266,267,268,269,270,271,272,502,503,504,505,506,507,508",174,"171,172,173,174,175,176,177","270,506",175,236,43,0.3105263157894737,416,32,0.0934210526315789,0.2302631578947368,0.6481481481481481,175.0,,,,760,291.09302325581393,0.3830171358629131
P09373,1H16,A,5,0.16707,0,0.7151,1,"392,678","389,390,391,392,393,394,395,675,676,677,678,679,680,681",705,"702,703,704,705,706,707,708","393,679",706,286,27,0.3763157894736842,410,45,0.0947368421052631,,,,0.0710526315789473,0.6666666666666666,54.0,760,299.25925925925924,0.3937621832358674
P09373,1H16,A,6,0.99283,1,0.0,0,"688,759","685,686,687,688,689,690,691,756,757,758,759,760,761,762",667,"664,665,666,667,668,669,670","689,760",668,71,2,0.0934210526315789,150,42,0.0907894736842105,0.8789473684210526,0.969521044992743,668.0,,,,760,73.0,0.0960526315789473
P09373,1H16,A,7,-0.00509,0,0.89731,3,"29,182","26,27,28,29,30,31,32,179,180,181,182,183,184,185","271,281,311","268,269,270,271,272,273,274,278,279,280,281,282,283,284,308,309,310,311,312,313,314","30,183","272,282,312",153,39,0.2013157894736842,285,97,0.1828947368421052,,,,0.5894736842105263,0.7764298093587522,448.0,760,203.4102564102564,0.2676450742240216
P09394,1YDY,A,1,-0.06467,0,-0.76071,1,"70,95","67,68,69,70,71,72,73,92,93,94,95,96,97,98",106,"103,104,105,106,107,108,109","70,95",106,25,1,0.0698324022346368,63,26,0.1424581005586592,,,,0.7039106145251397,0.9581749049429658,252.0,358,25.0,0.0698324022346368
P09394,1YDY,A,2,0.0,0,0.67435,1,"33,335","30,31,32,33,34,35,36,332,333,334,335,336,337,338",343,"340,341,342,343,344,345,346","33,335",343,302,3,0.8435754189944135,323,36,0.164804469273743,,,,0.0418994413407821,0.6521739130434783,15.0,358,303.0,0.8463687150837989
P09394,1YDY,A,3,0.65049,1,0.0,0,"57,348","54,55,56,57,58,59,60,345,346,347,348,349,350,351",34,"31,32,33,34,35,36,37","57,348",34,291,4,0.8128491620111732,321,42,0.1675977653631284,0.0949720670391061,0.5964912280701754,34.0,,,,358,293.0,0.8184357541899442
P09394,1YDY,A,4,0.65259,1,0.26818,0,"78,173","75,76,77,78,79,80,81,170,171,172,173,174,175,176",64,"61,62,63,64,65,66,67","78,173",64,95,6,0.2653631284916201,139,42,0.2122905027932961,0.1787709497206704,0.8205128205128205,64.0,,,,358,179.16666666666666,0.5004655493482308
P09546,1TJ1,A,1,0.03342,0,0.76702,1,"260,287","257,258,259,260,261,262,263,284,285,286,287,288,289,290",542,"539,540,541,542,543,544,545","260,287",542,27,16,0.0204545454545454,64,34,0.05,,,,0.5893939393939394,0.7531461761858664,778.0,1320,235.9375,0.1787405303030303
P09980,1UAA,A,1,0.10002,0,0.87111,3,"111,379","108,109,110,111,112,113,114,376,377,378,379,380,381,382","568,597,608","565,566,567,568,569,570,571,594,595,596,597,598,599,600,605,606,607,608,609,610,611","111,379","568,597,608",268,31,0.3982169390787518,375,71,0.1708766716196136,,,,0.0965824665676077,0.2210884353741496,65.0,673,363.2903225806452,0.5398073143843167
P0A698,4DFC,B,1,-0.7968,1,-0.1239,0,"178,235","175,176,177,178,179,180,181,232,233,234,235,236,237,238",150,"147,148,149,150,151,152,153","178,235",150,57,2,0.0606382978723404,101,36,0.0691489361702127,0.1595744680851064,0.8426966292134831,150.0,,,,940,61.5,0.0654255319148936
P0A6B4,4WR3,A,1,0.7055,1,0.17712,0,"129,159","126,127,128,129,130,131,132,156,157,158,159,160,161,162",122,"119,120,121,122,123,124,125","129,159",122,30,1,0.0835654596100278,69,39,0.1671309192200557,0.3398328690807799,0.9457364341085271,122.0,,,,359,30.0,0.0835654596100278
P0A6B4,4WR3,A,2,-0.03089,0,1.02683,1,"23,197","20,21,22,23,24,25,26,194,195,196,197,198,199,200",207,"204,205,206,207,208,209,210","23,197",207,174,3,0.4846796657381615,211,34,0.1448467966573816,,,,0.4233983286908078,0.9382716049382716,152.0,359,175.33333333333334,0.4883936861652739
P0A6B4,4WR3,A,3,0.62281,1,0.067,0,"49,214","46,47,48,49,50,51,52,211,212,213,214,215,216,217",30,"27,28,29,30,31,32,33","49,214",30,165,8,0.4596100278551532,201,35,0.2005571030640668,0.0835654596100278,0.6122448979591837,30.0,,,,359,229.625,0.6396239554317549
P0A6B4,4WR3,A,4,-0.1252,0,-0.68777,1,"267,298","264,265,266,267,268,269,270,295,296,297,298,299,300,301",307,"304,305,306,307,308,309,310","267,298",307,31,6,0.0863509749303621,81,34,0.1949860724233983,,,,0.1448467966573816,0.8524590163934426,52.0,359,40.333333333333336,0.1123491179201485
P0A6B4,4WR3,A,5,-0.81841,1,0.0,0,"304,352","301,302,303,304,305,306,307,349,350,351,352,353,354,355",272,"269,270,271,272,273,274,275","304,352",272,48,2,0.1337047353760445,116,33,0.1643454038997214,0.7576601671309192,0.8947368421052632,272.0,,,,359,48.5,0.1350974930362116
P0A6B7,1P3W,B,1,0.68529,1,0.1686,0,"107,149","104,105,106,107,108,109,110,146,147,148,149,150,151,152",98,"95,96,97,98,99,100,101","107,149",98,42,3,0.1039603960396039,87,37,0.1881188118811881,0.2425742574257425,0.9158878504672896,98.0,,,,404,62.0,0.1534653465346534
P0A6B7,1P3W,B,2,-0.77332,1,-0.86568,1,"156,325","153,154,155,156,157,158,159,322,323,324,325,326,327,328","71,352","68,69,70,71,72,73,74,349,350,351,352,353,354,355","156,325","71,352",169,48,0.4183168316831683,283,74,0.2747524752475248,0.1757425742574257,0.4551282051282051,71.0,0.1287128712871287,0.6582278481012658,52.0,404,87.14583333333333,0.215707508250825
P0A6B7,1P3W,B,3,-0.08167,0,-1.40263,2,"19,208","16,17,18,19,20,21,22,205,206,207,208,209,210,211","215,252","212,213,214,215,216,217,218,249,250,251,252,253,254,255","19,208","215,252",189,25,0.4678217821782178,257,66,0.2054455445544554,,,,0.3762376237623762,0.7755102040816326,152.0,404,186.4,0.4613861386138614
P0A6B7,1P3W,B,4,-0.54445,0,-0.62736,1,"157,290","154,155,156,157,158,159,160,287,288,289,290,291,292,293",298,"295,296,297,298,299,300,301","157,290",298,133,1,0.3292079207920792,235,36,0.1584158415841584,,,,0.2623762376237624,0.9298245614035088,106.0,404,133.0,0.3292079207920792
P0A6B7,1P3W,B,5,-1.21777,1,0.0,0,"347,386","344,345,346,347,348,349,350,383,384,385,386,387,388,389",308,"305,306,307,308,309,310,311","347,386",308,39,1,0.0965346534653465,92,27,0.1188118811881188,0.7623762376237624,0.8876080691642652,308.0,,,,404,39.0,0.0965346534653465
P0A6B7,1P3W,B,6,0.0,0,-0.89386,1,"7,320","4,5,6,7,8,9,10,317,318,319,320,321,322,323",354,"351,352,353,354,355,356,357","7,320",354,313,12,0.7747524752475248,360,39,0.1559405940594059,,,,0.1237623762376237,0.5952380952380952,50.0,404,314.5833333333333,0.7786716171617162
P0A6C1,1QTW,A,1,0.0,0,0.72355,1,"4,248","1,2,3,4,5,6,7,245,246,247,248,249,250,251",259,"256,257,258,259,260,261,262","4,248",259,244,5,0.856140350877193,272,38,0.2421052631578947,,,,0.0912280701754386,0.7027027027027027,26.0,285,246.4,0.864561403508772
P0A6C8,1GS5,A,1,0.15736,0,0.76262,1,"39,133","36,37,38,39,40,41,42,130,131,132,133,134,135,136",145,"142,143,144,145,146,147,148","39,133",145,94,7,0.3643410852713178,150,44,0.2868217054263566,,,,0.437984496124031,0.904,113.0,258,118.85714285714286,0.4606866002214839
P0A6C8,1GS5,A,2,0.60317,1,-0.30405,0,"19,237","16,17,18,19,20,21,22,234,235,236,237,238,239,240",9,"6,7,8,9,10,11,12","19,237",9,218,1,0.8449612403100775,251,34,0.2596899224806202,0.0348837209302325,0.4736842105263157,9.0,,,,258,218.0,0.8449612403100775
P0A6D3,1G6S,A,1,0.60504,1,0.0,0,"260,423","257,258,259,260,261,262,263,420,421,422,423,424,425,426",250,"247,248,249,250,251,252,253","260,423",250,163,1,0.3817330210772833,227,39,0.1522248243559719,0.585480093676815,0.9615384615384616,250.0,,,,427,163.0,0.3817330210772833
P0A6D3,1G6S,A,2,0.75632,1,-0.07201,0,"43,238","40,41,42,43,44,45,46,235,236,237,238,239,240,241",33,"30,31,32,33,34,35,36","43,238",33,195,8,0.4566744730679157,240,32,0.1733021077283372,0.0772833723653395,0.7674418604651163,33.0,,,,427,196.25,0.4596018735362998
P0A6D5,1NPD,B,1,0.71911,1,-0.00727,0,"37,62","34,35,36,37,38,39,40,59,60,61,62,63,64,65",9,"6,7,8,9,10,11,12","37,62",9,25,32,0.0868055555555555,59,27,0.1770833333333333,0.03125,0.2432432432432432,9.0,,,,288,229.59375,0.7972005208333334
P0A6D5,1NPD,B,2,0.78464,1,0.18135,0,"139,201","136,137,138,139,140,141,142,198,199,200,201,202,203,204",127,"124,125,126,127,128,129,130","139,201",127,62,7,0.2152777777777778,101,34,0.2361111111111111,0.4409722222222222,0.9136690647482014,127.0,,,,288,82.0,0.2847222222222222
P0A6E4,1K92,A,1,0.91918,3,0.06448,0,"62,180","59,60,61,62,63,64,65,177,178,179,180,181,182,183","16,26,40","13,14,15,16,17,18,19,23,24,25,26,27,28,29,37,38,39,40,41,42,43","63,181","17,27,41",118,5,0.2639821029082774,208,68,0.1834451901565995,0.0380313199105145,0.2698412698412698,17.0,,,,447,118.8,0.2657718120805369
P0A6E4,1K92,A,2,0.71473,3,-0.18442,0,"142,334","139,140,141,142,143,144,145,331,332,333,334,335,336,337","88,98,127","85,86,87,88,89,90,91,95,96,97,98,99,100,101,124,125,126,127,128,129,130","143,335","89,99,128",192,13,0.4295302013422818,290,84,0.2550335570469799,0.1991051454138702,0.6223776223776224,89.0,,,,447,189.0,0.4228187919463087
P0A6E4,1K92,A,3,0.25696,0,0.77676,1,"85,243","82,83,84,85,86,87,88,240,241,242,243,244,245,246",269,"266,267,268,269,270,271,272","86,244",270,158,5,0.3534675615212528,270,31,0.192393736017897,,,,0.3959731543624161,0.8719211822660099,177.0,447,163.8,0.3664429530201342
P0A6E4,1K92,A,4,0.60052,1,-0.12793,0,"103,330","100,101,102,103,104,105,106,327,328,329,330,331,332,333",88,"85,86,87,88,89,90,91","104,331",89,227,3,0.5078299776286354,315,37,0.1655480984340044,0.1991051454138702,0.8557692307692307,89.0,,,,447,228.66666666666663,0.511558538404176
P0A6E4,1K92,A,5,0.0,0,0.78175,1,"3,140","0,1,2,3,4,5,6,137,138,139,140,141,142,143",153,"150,151,152,153,154,155,156","4,141",154,137,3,0.3064876957494407,214,32,0.1208053691275167,,,,0.6554809843400448,0.9575163398692812,293.0,447,139.0,0.3109619686800894
P0A6E4,1K92,A,6,0.71,1,0.0848,0,"30,153","27,28,29,30,31,32,33,150,151,152,153,154,155,156",16,"13,14,15,16,17,18,19","31,154",17,123,24,0.2751677852348993,201,35,0.1677852348993288,0.0380313199105145,0.5483870967741935,17.0,,,,447,141.08333333333334,0.3156226696495153
P0A6E4,1K92,A,7,0.50956,0,-0.64987,1,"134,281","131,132,133,134,135,136,137,278,279,280,281,282,283,284",292,"289,290,291,292,293,294,295","135,282",293,147,14,0.3288590604026846,242,46,0.1588366890380313,,,,0.3445190156599552,0.9333333333333332,154.0,447,174.57142857142858,0.390540108660914
P0A6F1,1JDB,F,1,1.40782,1,0.04098,0,"48,311","45,46,47,48,49,50,51,308,309,310,311,312,313,314",31,"28,29,30,31,32,33,34","48,311",31,263,3,0.6884816753926701,352,37,0.2539267015706806,0.0811518324607329,0.6458333333333334,31.0,,,,382,289.6666666666667,0.7582897033158814
P0A6F1,1JDB,F,2,0.05847,0,0.73987,1,"20,82","17,18,19,20,21,22,23,79,80,81,82,83,84,85",107,"104,105,106,107,108,109,110","20,82",107,62,5,0.1623036649214659,135,38,0.1727748691099476,,,,0.7198952879581152,0.9166666666666666,275.0,382,71.0,0.1858638743455497
P0A6F1,1JDB,F,3,0.9193,1,0.08183,0,"209,237","206,207,208,209,210,211,212,234,235,236,237,238,239,240",194,"191,192,193,194,195,196,197","209,237",194,28,19,0.0732984293193717,79,31,0.1806282722513089,0.5078534031413613,0.9282296650717704,194.0,,,,382,129.21052631578948,0.3382474510884541
P0A6F1,1JDB,F,4,0.82954,3,-0.22519,0,"92,177","89,90,91,92,93,94,95,174,175,176,177,178,179,180","27,65,78","24,25,26,27,28,29,30,62,63,64,65,66,67,68,75,76,77,78,79,80,81","92,177","27,65,78",85,1,0.2225130890052356,185,87,0.2670157068062827,0.0706806282722513,0.2934782608695652,27.0,,,,382,85.0,0.2225130890052356
P0A6F1,1JDB,F,5,-0.42958,0,-0.7071,1,"306,329","303,304,305,306,307,308,309,326,327,328,329,330,331,332",337,"334,335,336,337,338,339,340","306,329",337,23,9,0.0602094240837696,78,30,0.1675392670157068,,,,0.1178010471204188,0.8490566037735849,45.0,382,30.0,0.0785340314136125
P0A6F1,1JDB,F,6,0.85973,1,0.86903,1,"73,203","70,71,72,73,74,75,76,200,201,202,203,204,205,206","27,214","24,25,26,27,28,29,30,211,212,213,214,215,216,217","73,203","27,214",130,55,0.3403141361256545,230,64,0.2827225130890052,0.0706806282722513,0.3698630136986301,27.0,0.4397905759162304,0.9385474860335196,168.0,382,125.9090909090909,0.3296049500237982
P0A6F3,1GLF,Y,1,-0.79061,1,-0.06199,0,"96,168","93,94,95,96,97,98,99,165,166,167,168,169,170,171",87,"84,85,86,87,88,89,90","97,169",88,72,2,0.1434262948207171,136,39,0.1334661354581673,0.1752988047808765,0.9072164948453608,88.0,,,,502,73.0,0.1454183266932271
P0A6F3,1GLF,Y,2,0.06107,0,-0.76634,1,"274,291","271,272,273,274,275,276,277,288,289,290,291,292,293,294",300,"297,298,299,300,301,302,303","275,292",301,17,28,0.0338645418326693,56,37,0.1254980079681275,,,,0.4003984063745019,0.9571428571428572,201.0,502,93.28571428571428,0.1858281161070006
P0A6F3,1GLF,Y,3,-0.78644,1,-0.06587,0,"292,446","289,290,291,292,293,294,295,443,444,445,446,447,448,449",249,"246,247,248,249,250,251,252","293,447",250,154,3,0.3067729083665338,258,32,0.1713147410358565,0.49800796812749,0.8532423208191127,250.0,,,,502,157.0,0.3127490039840637
P0A6F3,1GLF,Y,4,-0.12333,0,0.9803,1,"315,348","312,313,314,315,316,317,318,345,346,347,348,349,350,351",377,"374,375,376,377,378,379,380","316,349",378,33,36,0.0657370517928286,75,32,0.1513944223107569,,,,0.247011952191235,0.8104575163398693,124.0,502,135.72222222222223,0.2703629924745462
P0A6F3,1GLF,Y,5,0.84023,1,0.12227,0,"355,390","352,353,354,355,356,357,358,387,388,389,390,391,392,393",345,"342,343,344,345,346,347,348","356,391",346,35,24,0.0697211155378486,92,37,0.149402390438247,0.6892430278884463,0.9719101123595506,346.0,,,,502,118.33333333333331,0.2357237715803452
P0A6F5,1MNF,C,1,-0.11859,0,0.91911,1,"168,187","165,166,167,168,169,170,171,184,185,186,187,188,189,190",378,"375,376,377,378,379,380,381","168,187",378,19,7,0.0346715328467153,47,42,0.1021897810218978,,,,0.3102189781021898,0.4709141274238227,170.0,548,22.428571428571427,0.0409280500521376
P0A6F5,1MNF,C,2,-0.06971,0,0.78334,1,"200,253","197,198,199,200,201,202,203,250,251,252,253,254,255,256",275,"272,273,274,275,276,277,278","200,253",275,53,9,0.0967153284671532,101,39,0.1186131386861313,,,,0.4981751824817518,0.9254237288135592,273.0,548,57.55555555555556,0.1050283860502838
P0A6F5,1MNF,C,3,0.60165,1,-0.05788,0,"247,317","244,245,246,247,248,249,250,314,315,316,317,318,319,320",222,"219,220,221,222,223,224,225","247,317",222,70,13,0.1277372262773722,123,38,0.1204379562043795,0.4051094890510949,0.8987854251012146,222.0,,,,548,75.38461538461539,0.137563166760247
P0A6F5,1MNF,C,4,-0.66104,1,-0.0273,0,"332,376","329,330,331,332,333,334,335,373,374,375,376,377,378,379",192,"189,190,191,192,193,194,195","332,376",192,44,2,0.0802919708029197,75,33,0.1204379562043795,0.3503649635036496,0.5783132530120482,192.0,,,,548,44.5,0.0812043795620438
P0A6I0,1KDO,A,1,0.0,0,0.60876,1,"7,121","4,5,6,7,8,9,10,118,119,120,121,122,123,124",127,"124,125,126,127,128,129,130","7,121",127,114,3,0.5022026431718062,160,34,0.2334801762114537,,,,0.4405286343612334,0.9433962264150944,100.0,227,115.66666666666669,0.5095447870778268
P0A6I0,1KDO,A,2,0.74394,1,-0.00858,0,"20,209","17,18,19,20,21,22,23,206,207,208,209,210,211,212",10,"7,8,9,10,11,12,13","20,209",10,189,4,0.8325991189427313,214,39,0.2863436123348017,0.0440528634361233,0.5,10.0,,,,227,191.75,0.8447136563876652
P0A6I0,1KDO,A,3,0.60136,1,-0.01999,0,"157,204","154,155,156,157,158,159,160,201,202,203,204,205,206,207",148,"145,146,147,148,149,150,151","157,204",148,47,1,0.2070484581497797,80,36,0.2511013215859031,0.6519823788546255,0.9426751592356688,148.0,,,,227,47.0,0.2070484581497797
P0A6I0,1KDO,A,4,-0.71747,1,0.17431,0,"60,103","57,58,59,60,61,62,63,100,101,102,103,104,105,106",41,"38,39,40,41,42,43,44","60,103",41,43,26,0.1894273127753304,73,30,0.2466960352422907,0.1806167400881057,0.6833333333333333,41.0,,,,227,48.76923076923077,0.2148424262961707
P0A6I3,1ESM,A,1,0.75569,1,-0.07407,0,"239,303","236,237,238,239,240,241,242,300,301,302,303,304,305,306",229,"226,227,228,229,230,231,232","239,303",229,64,5,0.2025316455696202,109,33,0.1930379746835443,0.7246835443037974,0.9581589958158996,229.0,,,,316,68.2,0.2158227848101266
P0A6I3,1ESM,A,2,0.84128,1,0.22313,0,"178,254","175,176,177,178,179,180,181,251,252,253,254,255,256,257",125,"122,123,124,125,126,127,128","178,254",125,76,5,0.240506329113924,162,33,0.189873417721519,0.3955696202531645,0.702247191011236,125.0,,,,316,78.4,0.2481012658227848
P0A6I3,1ESM,A,3,0.00325,0,0.86625,1,"90,160","87,88,89,90,91,92,93,157,158,159,160,161,162,163",199,"196,197,198,199,200,201,202","90,160",199,70,5,0.2215189873417721,137,38,0.2373417721518987,,,,0.370253164556962,0.75,117.0,316,74.4,0.2354430379746835
P0A6I3,1ESM,A,4,0.63705,1,0.08166,0,"108,227","105,106,107,108,109,110,111,224,225,226,227,228,229,230",92,"89,90,91,92,93,94,95","108,227",92,119,4,0.3765822784810126,166,38,0.2215189873417721,0.2911392405063291,0.8518518518518519,92.0,,,,316,142.25,0.4501582278481013
P0A6I3,1ESM,A,5,-0.71787,1,-0.30921,0,"145,175","142,143,144,145,146,147,148,172,173,174,175,176,177,178",129,"126,127,128,129,130,131,132","145,175",129,30,4,0.0949367088607595,68,32,0.2120253164556962,0.4082278481012658,0.8896551724137931,129.0,,,,316,34.75,0.1099683544303797
P0A6I9,1VHT,A,1,0.0,0,0.85046,1,"4,100","1,2,3,4,5,6,7,97,98,99,100,101,102,103",110,"107,108,109,110,111,112,113","4,100",110,96,5,0.4660194174757281,141,37,0.2815533980582524,,,,0.4660194174757281,0.9056603773584906,96.0,206,98.8,0.4796116504854368
P0A6I9,1VHT,A,2,0.63163,1,-0.0307,0,"107,190","104,105,106,107,108,109,110,187,188,189,190,191,192,193",7,"4,5,6,7,8,9,10","107,190",7,83,16,0.4029126213592233,120,40,0.3398058252427184,0.0339805825242718,0.0654205607476635,7.0,,,,206,128.6875,0.6246966019417476
P0A6I9,1VHT,A,3,0.70565,1,-0.01737,0,"140,175","137,138,139,140,141,142,143,172,173,174,175,176,177,178",130,"127,128,129,130,131,132,133","140,175",130,35,3,0.1699029126213592,65,37,0.2961165048543689,0.6310679611650486,0.9285714285714286,130.0,,,,206,36.0,0.174757281553398
P0A6K3,1BS4,A,1,0.0,0,0.60333,1,"6,49","3,4,5,6,7,8,9,46,47,48,49,50,51,52",55,"52,53,54,55,56,57,58","7,50",56,43,1,0.2544378698224852,85,35,0.3491124260355029,,,,0.6686390532544378,0.9495798319327732,113.0,169,43.0,0.2544378698224852
P0A6L0,1JCL,A,1,0.0,0,0.91928,1,"8,209","5,6,7,8,9,10,11,206,207,208,209,210,211,212",234,"231,232,233,234,235,236,237","8,209",234,201,16,0.7760617760617761,236,36,0.2432432432432432,,,,0.0965250965250965,0.5,25.0,259,207.625,0.8016409266409267
P0A6L0,1JCL,A,2,0.75373,1,0.0,0,"43,241","40,41,42,43,44,45,46,238,239,240,241,242,243,244",15,"12,13,14,15,16,17,18","43,241",15,198,8,0.7644787644787645,228,34,0.2162162162162162,0.0579150579150579,0.3488372093023256,15.0,,,,259,206.0,0.7953667953667953
P0A6L2,1DHP,A,1,0.70844,1,0.08411,0,"55,268","52,53,54,55,56,57,58,265,266,267,268,269,270,271",46,"43,44,45,46,47,48,49","55,268",46,213,1,0.7294520547945206,278,26,0.2089041095890411,0.1575342465753424,0.8363636363636363,46.0,,,,292,213.0,0.7294520547945206
P0A6L2,1DHP,A,2,0.60568,1,0.02277,0,"34,211","31,32,33,34,35,36,37,208,209,210,211,212,213,214",5,"2,3,4,5,6,7,8","34,211",5,177,17,0.6061643835616438,225,37,0.2123287671232876,0.0171232876712328,0.1470588235294117,5.0,,,,292,205.64705882352945,0.7042707493956487
P0A6L4,3LBC,D,1,0.0,0,0.78283,1,"8,194","5,6,7,8,9,10,11,191,192,193,194,195,196,197",204,"201,202,203,204,205,206,207","8,194",204,186,1,0.6262626262626263,225,36,0.2356902356902357,,,,0.3131313131313131,0.9029126213592232,93.0,297,186.0,0.6262626262626263
P0A6L4,3LBC,D,2,0.85304,1,0.1035,0,"58,271","55,56,57,58,59,60,61,268,269,270,271,272,273,274",45,"42,43,44,45,46,47,48","58,271",45,213,2,0.7171717171717171,275,34,0.2323232323232323,0.1515151515151515,0.7758620689655172,45.0,,,,297,215.0,0.7239057239057239
P0A6L4,3LBC,D,3,0.81322,1,-0.01121,0,"39,210","36,37,38,39,40,41,42,207,208,209,210,211,212,213",8,"5,6,7,8,9,10,11","39,210",8,171,30,0.5757575757575758,214,38,0.2121212121212121,0.0269360269360269,0.2051282051282051,8.0,,,,297,208.16666666666663,0.7008978675645342
P0A6L9,1FPO,A,1,-0.00273,0,0.6353,1,"68,132","65,66,67,68,69,70,71,129,130,131,132,133,134,135",147,"144,145,146,147,148,149,150","68,132",147,64,9,0.3742690058479532,99,33,0.3450292397660818,,,,0.1403508771929824,0.6153846153846154,24.0,171,89.66666666666667,0.5243664717348928
P0A6P1,3AVX,A,1,0.04316,0,0.63887,1,"49,119","46,47,48,49,50,51,52,116,117,118,119,120,121,122",130,"127,128,129,130,131,132,133","49,119",130,70,4,0.2473498233215547,125,30,0.1837455830388692,,,,0.5406360424028268,0.9329268292682928,153.0,283,72.5,0.2561837455830388
P0A6P9,6BFY,A,1,-0.29638,0,1.1151,3,"40,157","37,38,39,40,41,42,43,154,155,156,157,158,159,160","368,381,392","365,366,367,368,369,370,371,378,379,380,381,382,383,384,389,390,391,392,393,394,395","41,158","369,382,393",117,53,0.2708333333333333,232,77,0.2731481481481481,,,,0.0902777777777777,0.1423357664233576,39.0,432,241.0943396226415,0.558088749126485
P0A6P9,6BFY,A,2,-0.0502,0,0.75567,1,"146,383","143,144,145,146,147,148,149,380,381,382,383,384,385,386",390,"387,388,389,390,391,392,393","147,384",391,237,8,0.5486111111111112,309,36,0.1666666666666666,,,,0.0949074074074074,0.8541666666666666,41.0,432,240.875,0.5575810185185185
P0A6P9,6BFY,A,3,0.93611,1,0.0,0,"390,426","387,388,389,390,391,392,393,423,424,425,426,427,428,429",146,"143,144,145,146,147,148,149","391,427",147,36,29,0.0833333333333333,88,44,0.1759259259259259,0.3402777777777778,0.3759590792838874,147.0,,,,432,139.58620689655172,0.3231162196679438
P0A6P9,6BFY,A,4,-0.65302,1,-0.28356,0,"167,208","164,165,166,167,168,169,170,205,206,207,208,209,210,211",152,"149,150,151,152,153,154,155","168,209",153,41,1,0.0949074074074074,102,47,0.1643518518518518,0.3541666666666667,0.9107142857142856,153.0,,,,432,41.0,0.0949074074074074
P0A6R0,1HNJ,A,1,0.60187,1,-0.06531,0,"98,135","95,96,97,98,99,100,101,132,133,134,135,136,137,138",75,"72,73,74,75,76,77,78","98,135",75,37,2,0.1167192429022082,97,34,0.2145110410094637,0.2365930599369085,0.7653061224489796,75.0,,,,317,40.0,0.1261829652996845
P0A6R0,1HNJ,A,2,0.61581,1,-0.06701,0,"258,300","255,256,257,258,259,260,261,297,298,299,300,301,302,303",240,"237,238,239,240,241,242,243","258,300",240,42,2,0.1324921135646687,105,30,0.1892744479495268,0.7570977917981072,0.9302325581395348,240.0,,,,317,45.0,0.1419558359621451
P0A6T1,3NBU,B,1,0.65443,1,0.06216,0,"213,521","210,211,212,213,214,215,216,518,519,520,521,522,523,524",205,"202,203,204,205,206,207,208","213,521",205,308,1,0.5610200364298725,420,37,0.1183970856102003,0.3734061930783242,0.9624413145539906,205.0,,,,549,308.0,0.5610200364298725
P0A6T1,3NBU,B,2,-0.11021,0,0.80534,1,"55,428","52,53,54,55,56,57,58,425,426,427,428,429,430,431",469,"466,467,468,469,470,471,472","55,428",469,373,8,0.6794171220400729,448,37,0.1147540983606557,,,,0.145719489981785,0.6611570247933884,80.0,549,393.25,0.7163023679417122
P0A6T1,3NBU,B,3,0.64724,1,0.01565,0,"345,404","342,343,344,345,346,347,348,401,402,403,404,405,406,407",335,"332,333,334,335,336,337,338","345,404",335,59,46,0.1074681238615664,118,37,0.1202185792349726,0.6102003642987249,0.9710144927536232,335.0,,,,549,138.2391304347826,0.2518016947810247
P0A6T1,3NBU,B,4,-0.35426,0,-0.78462,1,"49,300","46,47,48,49,50,51,52,297,298,299,300,301,302,303",316,"313,314,315,316,317,318,319","49,300",316,251,4,0.4571948998178506,333,29,0.1347905282331511,,,,0.424408014571949,0.9357429718875502,233.0,549,254.5,0.4635701275045537
P0A6T1,3NBU,B,5,0.79325,1,1.15383,1,"171,341","168,169,170,171,172,173,174,338,339,340,341,342,343,344","150,485","147,148,149,150,151,152,153,482,483,484,485,486,487,488","171,341","150,485",170,67,0.3096539162112932,282,68,0.2003642987249544,0.273224043715847,0.8771929824561403,150.0,0.116575591985428,0.3076923076923077,64.0,549,164.3582089552239,0.299377429790936
P0A6T9,3A7L,A,1,-0.03055,0,-0.62982,1,"23,78","20,21,22,23,24,25,26,75,76,77,78,79,80,81",103,"100,101,102,103,104,105,106","24,79",104,55,1,0.4263565891472868,96,35,0.4186046511627907,,,,0.1937984496124031,0.5,25.0,129,55.0,0.4263565891472868
P0A6U3,3CES,A,1,1.08335,1,-0.05402,0,"21,152","18,19,20,21,22,23,24,149,150,151,152,153,154,155",11,"8,9,10,11,12,13,14","21,152",11,131,2,0.2082670906200318,239,44,0.1287758346581876,0.0174880763116057,0.5238095238095238,11.0,,,,629,133.5,0.212241653418124
P0A6U3,3CES,A,2,0.10429,0,-0.74982,1,"54,84","51,52,53,54,55,56,57,81,82,83,84,85,86,87",95,"92,93,94,95,96,97,98","54,84",95,30,3,0.0476947535771065,99,42,0.0906200317965023,,,,0.848966613672496,0.979816513761468,534.0,629,30.666666666666668,0.0487546369899311
P0A6U3,3CES,A,3,-0.89316,1,0.04503,0,"306,337","303,304,305,306,307,308,309,334,335,336,337,338,339,340",204,"201,202,203,204,205,206,207","306,337",204,31,2,0.0492845786963434,83,33,0.0858505564387917,0.3243243243243243,0.6666666666666666,204.0,,,,629,31.5,0.0500794912559618
P0A6U8,2QZS,A,1,0.72317,1,0.64602,0,"226,376","223,224,225,226,227,228,229,373,374,375,376,377,378,379",211,"208,209,210,211,212,213,214","226,376",211,150,1,0.3144654088050314,217,34,0.1572327044025157,0.4423480083857442,0.9336283185840708,211.0,,,,477,150.0,0.3144654088050314
P0A6U8,2QZS,A,2,0.41847,0,1.23984,1,"165,300","162,163,164,165,166,167,168,297,298,299,300,301,302,303",363,"360,361,362,363,364,365,366","165,300",363,135,9,0.2830188679245283,230,35,0.1781970649895178,,,,0.2389937106918239,0.6440677966101694,114.0,477,225.0,0.4716981132075472
P0A6U8,2QZS,A,3,0.68605,1,0.05175,0,"324,371","321,322,323,324,325,326,327,368,369,370,371,372,373,374",295,"292,293,294,295,296,297,298","324,371",295,47,38,0.0985324947589098,94,32,0.1509433962264151,0.6184486373165619,0.910493827160494,295.0,,,,477,92.84210526315788,0.1946375372393247
P0A6V1,6R8U,B,1,-0.08249,0,-0.81427,1,"167,181","164,165,166,167,168,169,170,178,179,180,181,182,183,184",210,"207,208,209,210,211,212,213","167,181",210,14,22,0.0324825986078886,45,29,0.1461716937354988,,,,0.5127610208816705,0.884,221.0,431,52.81818181818182,0.1225479856570343
P0A6V1,6R8U,B,2,0.67155,1,-0.13866,0,"66,137","63,64,65,66,67,68,69,134,135,136,137,138,139,140",21,"18,19,20,21,22,23,24","66,137",21,71,97,0.1647331786542923,118,34,0.1368909512761021,0.0487238979118329,0.3181818181818182,21.0,,,,431,221.5979381443299,0.5141483483627144
P0A6V1,6R8U,B,3,0.60565,1,-0.05013,0,"213,259","210,211,212,213,214,215,216,256,257,258,259,260,261,262",166,"163,164,165,166,167,168,169","213,259",166,46,4,0.1067285382830626,93,34,0.1415313225058004,0.3851508120649652,0.7793427230046949,166.0,,,,431,75.25,0.1745939675174014
P0A6V1,6R8U,B,4,0.72867,3,0.02282,0,"90,307","87,88,89,90,91,92,93,304,305,306,307,308,309,310","23,56,70","20,21,22,23,24,25,26,53,54,55,56,57,58,59,67,68,69,70,71,72,73","90,307","23,56,70",217,8,0.5034802784222738,281,75,0.2296983758700696,0.0533642691415313,0.2555555555555555,23.0,,,,431,221.625,0.5142111368909513
P0A6V5,1GN0,A,1,0.0,0,0.89971,1,"6,72","3,4,5,6,7,8,9,69,70,71,72,73,74,75",88,"85,86,87,88,89,90,91","6,72",88,66,8,0.6111111111111112,96,40,0.4722222222222222,,,,0.1851851851851851,0.5555555555555556,20.0,108,72.875,0.6747685185185185
P0A6V5,1GN0,A,2,0.77162,1,0.19359,0,"37,64","34,35,36,37,38,39,40,61,62,63,64,65,66,67",23,"20,21,22,23,24,25,26","37,64",23,27,25,0.25,63,30,0.5833333333333334,0.2129629629629629,0.6216216216216216,23.0,,,,108,65.16,0.6033333333333333
P0A6W9,2D32,A,1,-0.81397,1,0.15887,0,"62,114","59,60,61,62,63,64,65,111,112,113,114,115,116,117",30,"27,28,29,30,31,32,33","62,114",30,52,34,0.1003861003861003,137,41,0.137065637065637,0.0579150579150579,0.4838709677419355,30.0,,,,518,67.08823529411765,0.1295139677492618
P0A6W9,2D32,A,2,-0.65548,1,-0.07353,0,"331,377","328,329,330,331,332,333,334,374,375,376,377,378,379,380",188,"185,186,187,188,189,190,191","331,377",188,46,48,0.0888030888030888,124,28,0.1621621621621621,0.3629343629343629,0.56797583081571,188.0,,,,518,154.79166666666666,0.2988256113256113
P0A6Y8,4JNE,B,1,-0.30952,0,-0.88082,1,"24,181","21,22,23,24,25,26,27,178,179,180,181,182,183,184",373,"370,371,372,373,374,375,376","24,181",373,157,1,0.2460815047021943,243,43,0.1003134796238244,,,,0.4153605015673981,0.5798687089715536,265.0,638,157.0,0.2460815047021943
P0A6Y8,4JNE,B,2,-0.73874,1,0.08684,0,"50,118","47,48,49,50,51,52,53,115,116,117,118,119,120,121",39,"36,37,38,39,40,41,42","50,118",39,68,3,0.1065830721003134,112,40,0.109717868338558,0.061128526645768,0.78,39.0,,,,638,69.66666666666667,0.1091954022988505
P0A6Y8,4JNE,B,3,-0.60209,1,-0.07384,0,"221,394","218,219,220,221,222,223,224,391,392,393,394,395,396,397",171,"168,169,170,171,172,173,174","221,394",171,173,22,0.2711598746081505,251,43,0.1426332288401254,0.2680250783699059,0.7737556561085973,171.0,,,,638,178.86363636363637,0.280350527215731
P0A6Z1,1U00,A,1,-0.63469,1,-0.18123,0,"407,441","404,405,406,407,408,409,410,438,439,440,441,442,443,444",396,"393,394,395,396,397,398,399","407,441",396,34,9,0.0551948051948051,90,31,0.0909090909090909,0.6428571428571429,0.972972972972973,396.0,,,,616,37.55555555555556,0.0609668109668109
P0A6Z3,1Y4S,B,1,-0.70469,1,0.71978,1,"410,438","407,408,409,410,411,412,413,435,436,437,438,439,440,441","402,459","399,400,401,402,403,404,405,456,457,458,459,460,461,462","410,438","402,459",28,5,0.0448717948717948,64,59,0.1041666666666666,0.6442307692307693,0.9804878048780488,402.0,0.2644230769230769,0.8870967741935484,165.0,624,32.6,0.0522435897435897
P0A6Z3,1Y4S,B,2,-0.70893,1,-0.03789,0,"412,462","409,410,411,412,413,414,415,459,460,461,462,463,464,465",402,"399,400,401,402,403,404,405","412,462",402,50,1,0.0801282051282051,76,35,0.0929487179487179,0.6442307692307693,0.9757281553398058,402.0,,,,624,50.0,0.0801282051282051
P0A6Z3,1Y4S,B,3,0.80299,1,0.0,0,"450,483","447,448,449,450,451,452,453,480,481,482,483,484,485,486",431,"428,429,430,431,432,433,434","450,483",431,33,2,0.0528846153846153,68,29,0.0737179487179487,0.6907051282051282,0.9577777777777776,431.0,,,,624,35.0,0.0560897435897435
P0A6Z3,1Y4S,B,4,-0.04425,0,0.87781,1,"16,97","13,14,15,16,17,18,19,94,95,96,97,98,99,100",127,"124,125,126,127,128,129,130","16,97",127,81,11,0.1298076923076923,149,27,0.094551282051282,,,,0.7964743589743589,0.9430740037950665,497.0,624,85.45454545454545,0.1369463869463869
P0A6Z3,1Y4S,B,5,1.02743,1,0.02037,0,"123,255","120,121,122,123,124,125,126,252,253,254,255,256,257,258",36,"33,34,35,36,37,38,39","123,255",36,132,6,0.2115384615384615,213,29,0.0977564102564102,0.0576923076923076,0.2926829268292683,36.0,,,,624,139.16666666666666,0.2230235042735042
P0A6Z6,3OD2,A,1,0.05112,0,-0.71838,1,"53,83","50,51,52,53,54,55,56,80,81,82,83,84,85,86",100,"97,98,99,100,101,102,103","53,83",100,30,1,0.225563909774436,66,30,0.3759398496240601,,,,0.2481203007518796,0.66,33.0,133,30.0,0.225563909774436
P0A6Z6,3OD2,A,2,-0.87152,1,0.0,0,"94,122","91,92,93,94,95,96,97,119,120,121,122,123,124,125",59,"56,57,58,59,60,61,62","94,122",59,28,1,0.2105263157894736,73,34,0.3458646616541353,0.4436090225563909,0.6276595744680851,59.0,,,,133,28.0,0.2105263157894736
P0A715,1G7V,A,1,-0.02576,0,0.85782,1,"15,188","12,13,14,15,16,17,18,185,186,187,188,189,190,191",195,"192,193,194,195,196,197,198","15,188",195,173,1,0.6091549295774648,233,36,0.2112676056338028,,,,0.3133802816901408,0.9270833333333334,89.0,284,173.0,0.6091549295774648
P0A715,1G7V,A,2,0.8499,1,-0.18606,0,"41,238","38,39,40,41,42,43,44,235,236,237,238,239,240,241",23,"20,21,22,23,24,25,26","41,238",23,197,22,0.6936619718309859,248,39,0.2464788732394366,0.0809859154929577,0.5609756097560976,23.0,,,,284,213.1818181818182,0.750640204865557
P0A717,4S2U,A,1,0.73754,1,0.26122,0,"180,219","177,178,179,180,181,182,183,216,217,218,219,220,221,222",166,"163,164,165,166,167,168,169","180,219",166,39,3,0.1238095238095238,74,36,0.2,0.526984126984127,0.9222222222222224,166.0,,,,315,42.0,0.1333333333333333
P0A720,4TMK,A,1,0.0,0,0.69026,1,"5,38","2,3,4,5,6,7,8,35,36,37,38,39,40,41",96,"93,94,95,96,97,98,99","5,38",96,33,5,0.1549295774647887,81,32,0.2488262910798122,,,,0.5492957746478874,0.6685714285714286,117.0,213,64.4,0.3023474178403756
P0A725,4MQY,A,1,0.02401,0,0.66965,1,"19,62","16,17,18,19,20,21,22,59,60,61,62,63,64,65",75,"72,73,74,75,76,77,78","19,62",75,43,3,0.140983606557377,95,31,0.1836065573770491,,,,0.7540983606557377,0.9465020576131687,230.0,305,43.66666666666666,0.1431693989071038
P0A725,4MQY,A,2,-0.09699,0,0.80632,1,"161,192","158,159,160,161,162,163,164,189,190,191,192,193,194,195",235,"232,233,234,235,236,237,238","161,192",235,31,11,0.101639344262295,80,29,0.2032786885245901,,,,0.2295081967213114,0.6194690265486725,70.0,305,54.54545454545455,0.1788375558867362
P0A725,4MQY,A,3,-0.70847,1,-0.00629,0,"255,285","252,253,254,255,256,257,258,282,283,284,285,286,287,288",130,"127,128,129,130,131,132,133","255,285",130,30,17,0.0983606557377049,79,32,0.1934426229508196,0.4262295081967213,0.5098039215686274,130.0,,,,305,93.47058823529412,0.3064609450337512
P0A731,1EGH,A,1,0.84277,1,-0.05856,0,"29,87","26,27,28,29,30,31,32,84,85,86,87,88,89,90",14,"11,12,13,14,15,16,17","29,87",14,58,21,0.3815789473684211,92,34,0.4276315789473684,0.0921052631578947,0.4827586206896552,14.0,,,,152,85.9047619047619,0.5651629072681704
P0A738,1EKR,A,1,-0.74451,1,0.0,0,"100,145","97,98,99,100,101,102,103,142,143,144,145,146,147,148",30,"27,28,29,30,31,32,33","100,145",30,45,2,0.2795031055900621,99,39,0.3726708074534161,0.186335403726708,0.3,30.0,,,,161,46.0,0.2857142857142857
P0A738,1EKR,A,2,0.0,0,-0.72178,1,"18,77","15,16,17,18,19,20,21,74,75,76,77,78,79,80",107,"104,105,106,107,108,109,110","18,77",107,59,6,0.3664596273291925,126,27,0.2795031055900621,,,,0.3354037267080745,0.6428571428571429,54.0,161,60.833333333333336,0.3778467908902692
P0A744,1FF3,A,1,0.00829,0,-2.09233,2,"22,79","19,20,21,22,23,24,25,76,77,78,79,80,81,82","97,181","94,95,96,97,98,99,100,178,179,180,181,182,183,184","23,80","98,182",57,64,0.2688679245283019,122,63,0.3962264150943396,,,,0.1415094339622641,0.2272727272727272,30.0,212,70.453125,0.3323260613207547
P0A744,1FF3,A,2,-1.51636,2,0.02118,0,"92,180","89,90,91,92,93,94,95,177,178,179,180,181,182,183","46,72","43,44,45,46,47,48,49,69,70,71,72,73,74,75","93,181","47,73",88,59,0.4150943396226415,149,67,0.4386792452830189,0.2216981132075471,0.5053763440860215,47.0,,,,212,92.72881355932203,0.4374000639590662
P0A746,6SYM,A,1,0.03225,0,-0.70836,1,"60,109","57,58,59,60,61,62,63,106,107,108,109,110,111,112",117,"114,115,116,117,118,119,120","60,109",117,49,1,0.3576642335766423,88,33,0.364963503649635,,,,0.145985401459854,0.7142857142857143,20.0,137,49.0,0.3576642335766423
P0A746,6SYM,A,2,0.10693,0,-0.73992,1,"23,48","20,21,22,23,24,25,26,45,46,47,48,49,50,51",121,"118,119,120,121,122,123,124","23,48",121,25,19,0.1824817518248175,68,39,0.4525547445255474,,,,0.1167883211678832,0.1797752808988764,16.0,137,55.63157894736842,0.406069919323857
P0A749,1UAE,A,1,0.65161,1,-0.07543,0,"41,197","38,39,40,41,42,43,44,194,195,196,197,198,199,200",29,"26,27,28,29,30,31,32","41,197",29,156,10,0.3723150357995227,221,32,0.1742243436754176,0.0692124105011933,0.7073170731707317,29.0,,,,419,182.1,0.4346062052505966
P0A752,1K4M,C,1,0.71778,1,-0.06132,0,"18,177","15,16,17,18,19,20,21,174,175,176,177,178,179,180",8,"5,6,7,8,9,10,11","18,177",8,159,30,0.7464788732394366,187,31,0.3098591549295774,0.0375586854460093,0.4444444444444444,8.0,,,,213,164.76666666666668,0.7735524256651017
P0A752,1K4M,C,2,0.00588,0,0.7183,1,"130,161","127,128,129,130,131,132,133,158,159,160,161,162,163,164",169,"166,167,168,169,170,171,172","130,161",169,31,13,0.1455399061032863,66,34,0.2676056338028169,,,,0.2065727699530516,0.8461538461538461,44.0,213,105.92307692307692,0.4972914409534127
P0A759,1FS5,A,1,0.62863,1,0.16667,0,"49,135","46,47,48,49,50,51,52,132,133,134,135,136,137,138",37,"34,35,36,37,38,39,40","49,135",37,86,9,0.3233082706766917,137,36,0.2969924812030075,0.1390977443609022,0.7551020408163265,37.0,,,,266,93.0,0.3496240601503759
P0A759,1FS5,A,2,0.0,0,0.79305,1,"3,212","0,1,2,3,4,5,6,209,210,211,212,213,214,215",236,"233,234,235,236,237,238,239","3,212",236,209,5,0.7857142857142857,248,33,0.2593984962406015,,,,0.112781954887218,0.5555555555555556,30.0,266,215.8,0.8112781954887218
P0A759,1FS5,A,3,0.21614,0,0.87807,1,"122,156","119,120,121,122,123,124,125,153,154,155,156,157,158,159",189,"186,187,188,189,190,191,192","122,156",189,34,9,0.1278195488721804,92,36,0.2180451127819548,,,,0.2894736842105263,0.7,77.0,266,44.888888888888886,0.1687552213868003
P0A763,2HUR,C,1,0.0,0,-0.92894,1,"5,35","2,3,4,5,6,7,8,32,33,34,35,36,37,38",76,"73,74,75,76,77,78,79","5,35",76,30,5,0.2097902097902098,72,37,0.3916083916083916,,,,0.4685314685314685,0.6203703703703703,67.0,143,42.8,0.2993006993006993
P0A763,2HUR,C,2,-0.84057,1,0.30263,0,"66,112","63,64,65,66,67,68,69,109,110,111,112,113,114,115",9,"6,7,8,9,10,11,12","66,112",9,46,10,0.3216783216783216,99,41,0.4755244755244755,0.0629370629370629,0.1363636363636363,9.0,,,,143,73.6,0.5146853146853146
P0A776,6VCR,A,1,-0.6522,1,-0.75158,1,"37,77","34,35,36,37,38,39,40,74,75,76,77,78,79,80","11,98","8,9,10,11,12,13,14,95,96,97,98,99,100,101","37,77","11,98",40,2,0.2272727272727272,85,52,0.4545454545454545,0.0625,0.2972972972972973,11.0,0.4431818181818182,0.7878787878787878,78.0,176,49.0,0.2784090909090909
P0A776,6VCR,A,2,-0.21652,0,-0.92845,1,"16,68","13,14,15,16,17,18,19,65,66,67,68,69,70,71",102,"99,100,101,102,103,104,105","16,68",102,52,2,0.2954545454545454,101,30,0.2840909090909091,,,,0.4204545454545454,0.6851851851851852,74.0,176,70.0,0.3977272727272727
P0A776,6VCR,A,3,-0.62091,1,0.04022,0,"33,125","30,31,32,33,34,35,36,122,123,124,125,126,127,128",25,"22,23,24,25,26,27,28","33,125",25,92,8,0.5227272727272727,133,33,0.2727272727272727,0.1420454545454545,0.7575757575757576,25.0,,,,176,103.0,0.5852272727272727
P0A784,2IGI,A,1,0.66456,1,-0.18956,0,"28,159","25,26,27,28,29,30,31,156,157,158,159,160,161,162",10,"7,8,9,10,11,12,13","29,160",11,131,7,0.7237569060773481,169,39,0.3701657458563536,0.0607734806629834,0.3793103448275862,11.0,,,,181,133.0,0.7348066298342542
P0A784,2IGI,A,2,0.6525,3,-0.32746,0,"68,156","65,66,67,68,69,70,71,153,154,155,156,157,158,159","11,26,46","8,9,10,11,12,13,14,23,24,25,26,27,28,29,43,44,45,46,47,48,49","69,157","12,27,47",88,5,0.4861878453038674,135,71,0.4972375690607735,0.0662983425414364,0.1739130434782608,12.0,,,,181,92.0,0.5082872928176796
P0A786,4FYY,A,1,0.11501,0,-0.61308,1,"28,143","25,26,27,28,29,30,31,140,141,142,143,144,145,146",297,"294,295,296,297,298,299,300","29,144",298,115,19,0.3697749196141479,160,32,0.1961414790996784,,,,0.0418006430868167,0.0778443113772455,13.0,311,134.73684210526315,0.433237434422068
P0A786,4FYY,A,2,0.81145,1,0.0866,0,"63,103","60,61,62,63,64,65,66,100,101,102,103,104,105,106",45,"42,43,44,45,46,47,48","64,104",46,40,23,0.1286173633440514,82,35,0.2282958199356913,0.1479099678456591,0.71875,46.0,,,,311,172.7391304347826,0.5554312875716482
P0A786,4FYY,A,3,0.72516,1,0.16667,0,"172,226","169,170,171,172,173,174,175,223,224,225,226,227,228,229",157,"154,155,156,157,158,159,160","173,227",158,54,6,0.1736334405144694,98,34,0.247588424437299,0.5080385852090032,0.9132947976878611,158.0,,,,311,65.83333333333333,0.2116827438370846
P0A790,4CRZ,A,1,0.0,0,0.76972,1,"10,28","7,8,9,10,11,12,13,25,26,27,28,29,30,31",70,"67,68,69,70,71,72,73","10,28",70,18,8,0.1428571428571428,61,36,0.5873015873015873,,,,0.4444444444444444,0.5714285714285714,56.0,126,26.375,0.2093253968253968
P0A790,4CRZ,A,2,0.8648,1,0.0552,0,"55,75","52,53,54,55,56,57,58,72,73,74,75,76,77,78",27,"24,25,26,27,28,29,30","55,75",27,20,43,0.1587301587301587,60,33,0.4682539682539682,0.2142857142857142,0.4909090909090909,27.0,,,,126,42.65116279069768,0.3385012919896641
P0A794,1M5W,E,1,0.0,0,0.66154,1,"4,204","1,2,3,4,5,6,7,201,202,203,204,205,206,207",211,"208,209,210,211,212,213,214","4,204",211,200,1,0.823045267489712,231,36,0.2386831275720164,,,,0.1316872427983539,0.8205128205128205,32.0,243,200.0,0.823045267489712
P0A794,1M5W,E,2,0.61397,1,-0.15254,0,"37,228","34,35,36,37,38,39,40,225,226,227,228,229,230,231",6,"3,4,5,6,7,8,9","37,228",6,191,8,0.7860082304526749,229,35,0.242798353909465,0.0246913580246913,0.1621621621621621,6.0,,,,243,194.5,0.8004115226337448
P0A796,1PFK,A,1,0.07359,0,0.79095,1,"163,205","160,161,162,163,164,165,166,202,203,204,205,206,207,208",219,"216,217,218,219,220,221,222","164,206",220,42,1,0.13125,93,40,0.225,,,,0.3125,0.8771929824561403,100.0,320,42.0,0.13125
P0A799,1ZMR,A,1,0.63873,1,-0.08768,0,"228,274","225,226,227,228,229,230,231,271,272,273,274,275,276,277",221,"218,219,220,221,222,223,224","228,274",221,46,27,0.1188630490956072,92,35,0.1472868217054263,0.5710594315245479,0.9692982456140352,221.0,,,,387,92.51851851851852,0.2390659393243372
P0A799,1ZMR,A,2,0.15062,0,0.63482,1,"55,99","52,53,54,55,56,57,58,96,97,98,99,100,101,102",108,"105,106,107,108,109,110,111","55,99",108,44,4,0.1136950904392764,85,38,0.1679586563307493,,,,0.7209302325581395,0.96875,279.0,387,65.5,0.169250645994832
P0A799,1ZMR,A,3,0.8018,1,0.28271,0,"43,139","40,41,42,43,44,45,46,136,137,138,139,140,141,142",17,"14,15,16,17,18,19,20","43,139",17,96,6,0.2480620155038759,145,36,0.1937984496124031,0.0439276485788113,0.3953488372093023,17.0,,,,387,118.83333333333331,0.3070628768303187
P0A799,1ZMR,A,4,-0.86444,1,0.05528,0,"271,287","268,269,270,271,272,273,274,284,285,286,287,288,289,290",257,"254,255,256,257,258,259,260","271,287",257,16,10,0.041343669250646,49,34,0.1369509043927648,0.6640826873385013,0.948339483394834,257.0,,,,387,43.1,0.1113695090439276
P0A7A5,3LBF,A,1,0.65623,1,0.15169,0,"93,146","90,91,92,93,94,95,96,143,144,145,146,147,148,149",80,"77,78,79,80,81,82,83","93,146",80,53,2,0.2548076923076923,105,34,0.3509615384615384,0.3846153846153846,0.8602150537634409,80.0,,,,208,55.0,0.2644230769230769
P0A7A9,1INO,A,1,-0.72966,1,0.00648,0,"105,161","102,103,104,105,106,107,108,158,159,160,161,162,163,164",91,"88,89,90,91,92,93,94","106,162",92,56,4,0.3181818181818182,93,41,0.3465909090909091,0.5227272727272727,0.8679245283018868,92.0,,,,176,59.0,0.3352272727272727
P0A7B1,1XDP,A,1,0.0,0,-0.68489,1,"10,614","7,8,9,10,11,12,13,611,612,613,614,615,616,617",622,"619,620,621,622,623,624,625","10,614",622,604,2,0.877906976744186,645,36,0.1075581395348837,,,,0.0959302325581395,0.8918918918918919,66.0,688,605.0,0.8793604651162791
P0A7B1,1XDP,A,2,-0.64506,1,-0.18564,0,"237,430","234,235,236,237,238,239,240,427,428,429,430,431,432,433",229,"226,227,228,229,230,231,232","237,430",229,193,2,0.2805232558139535,289,30,0.0944767441860465,0.3328488372093023,0.9662447257383966,229.0,,,,688,193.5,0.28125
P0A7B1,1XDP,A,3,0.17043,0,-0.82043,1,"58,230","55,56,57,58,59,60,61,227,228,229,230,231,232,233",294,"291,292,293,294,295,296,297","58,230",294,172,29,0.25,218,28,0.0973837209302325,,,,0.5726744186046512,0.8602620087336245,394.0,688,180.9655172413793,0.2630312750601443
P0A7B1,1XDP,A,4,-0.81204,1,0.16259,0,"169,271","166,167,168,169,170,171,172,268,269,270,271,272,273,274",155,"152,153,154,155,156,157,158","169,271",155,102,3,0.1482558139534883,177,28,0.0843023255813953,0.2252906976744186,0.9171597633136096,155.0,,,,688,103.66666666666669,0.1506782945736434
P0A7B1,1XDP,A,5,0.25515,0,-0.65699,3,"51,153","48,49,50,51,52,53,54,150,151,152,153,154,155,156","172,200,294","169,170,171,172,173,174,175,197,198,199,200,201,202,203,291,292,293,294,295,296,297","51,153","172,200,294",102,1,0.1482558139534883,164,80,0.1555232558139535,,,,0.5726744186046512,0.7364485981308411,394.0,688,102.0,0.1482558139534883
P0A7B1,1XDP,A,6,0.67882,1,-0.72662,1,"60,616","57,58,59,60,61,62,63,613,614,615,616,617,618,619","49,623","46,47,48,49,50,51,52,620,621,622,623,624,625,626","60,616","49,623",556,14,0.8081395348837209,628,56,0.125,0.0712209302325581,0.8166666666666667,49.0,0.0944767441860465,0.9027777777777778,65.0,688,242.28571428571428,0.3521594684385382
P0A7B1,1XDP,A,7,0.90767,1,-0.12698,0,"549,613","546,547,548,549,550,551,552,610,611,612,613,614,615,616",536,"533,534,535,536,537,538,539","549,613",536,64,3,0.0930232558139534,136,37,0.1162790697674418,0.7790697674418605,0.97632058287796,536.0,,,,688,68.33333333333333,0.0993217054263565
P0A7B1,1XDP,A,8,0.75945,1,-0.03548,0,"382,460","379,380,381,382,383,384,385,457,458,459,460,461,462,463",371,"368,369,370,371,372,373,374","382,460",371,78,4,0.1133720930232558,140,38,0.1162790697674418,0.5392441860465116,0.9712041884816754,371.0,,,,688,80.25,0.1166424418604651
P0A7B5,2J5T,D,1,0.76125,1,-0.00737,0,"301,318","298,299,300,301,302,303,304,315,316,317,318,319,320,321",277,"274,275,276,277,278,279,280","301,318",277,17,1,0.0463215258855585,54,32,0.1416893732970027,0.7547683923705722,0.920265780730897,277.0,,,,367,17.0,0.0463215258855585
P0A7B5,2J5T,D,2,0.15103,0,0.71081,1,"46,121","43,44,45,46,47,48,49,118,119,120,121,122,123,124",133,"130,131,132,133,134,135,136","46,121",133,75,3,0.2043596730245231,128,40,0.1961852861035422,,,,0.6376021798365122,0.951219512195122,234.0,367,90.66666666666669,0.2470481380563124
P0A7B8,1e+94,A,1,-0.61075,1,0.0,0,"43,171","40,41,42,43,44,45,46,168,169,170,171,172,173,174",15,"12,13,14,15,16,17,18","44,172",16,128,2,0.7272727272727273,164,49,0.3977272727272727,0.0909090909090909,0.3636363636363636,16.0,,,,176,132.0,0.75
P0A7C2,1JHF,A,1,-0.80302,1,-0.90927,1,"88,148","85,86,87,88,89,90,91,145,146,147,148,149,150,151","77,190","74,75,76,77,78,79,80,187,188,189,190,191,192,193","88,148","77,190",60,43,0.297029702970297,107,59,0.4108910891089108,0.3811881188118812,0.875,77.0,0.0594059405940594,0.2222222222222222,12.0,202,47.97674418604651,0.2375086345843886
P0A7D4,1ADE,B,1,0.71806,1,0.08752,0,"57,221","54,55,56,57,58,59,60,218,219,220,221,222,223,224",31,"28,29,30,31,32,33,34","58,222",32,164,4,0.3796296296296296,209,40,0.1898148148148148,0.074074074074074,0.5517241379310345,32.0,,,,432,174.75,0.4045138888888889
P0A7D4,1ADE,B,2,0.61587,1,0.24582,0,"237,272","234,235,236,237,238,239,240,269,270,271,272,273,274,275",225,"222,223,224,225,226,227,228","238,273",226,35,2,0.0810185185185185,113,38,0.1597222222222222,0.5231481481481481,0.9495798319327732,226.0,,,,432,36.5,0.0844907407407407
P0A7D4,1ADE,B,3,0.0,0,0.72241,1,"7,33","4,5,6,7,8,9,10,30,31,32,33,34,35,36",221,"218,219,220,221,222,223,224","8,34",222,26,2,0.0601851851851851,83,40,0.2060185185185185,,,,0.4861111111111111,0.5276381909547738,210.0,432,27.0,0.0625
P0A7D4,1ADE,B,4,-0.03376,0,-0.85631,1,"269,290","266,267,268,269,270,271,272,287,288,289,290,291,292,293",307,"304,305,306,307,308,309,310","270,291",308,21,5,0.0486111111111111,53,35,0.1481481481481481,,,,0.287037037037037,0.8794326241134752,124.0,432,25.4,0.0587962962962962
P0A7E1,1F76,A,1,0.00827,0,0.69701,1,"38,73","35,36,37,38,39,40,41,70,71,72,73,74,75,76",79,"76,77,78,79,80,81,82","38,73",79,35,20,0.1041666666666666,91,38,0.1726190476190476,,,,0.7648809523809523,0.9771863117870724,257.0,336,73.95,0.2200892857142857
P0A7E1,1F76,A,2,0.72388,1,-0.07089,0,"79,317","76,77,78,79,80,81,82,314,315,316,317,318,319,320",58,"55,56,57,58,59,60,61","79,317",58,238,8,0.7083333333333334,282,34,0.2321428571428571,0.1726190476190476,0.7341772151898734,58.0,,,,336,247.375,0.7362351190476191
P0A7E1,1F76,A,3,0.98711,1,-0.75543,1,"106,254","103,104,105,106,107,108,109,251,252,253,254,255,256,257","86,267","83,84,85,86,87,88,89,264,265,266,267,268,269,270","106,254","86,267",148,56,0.4404761904761904,223,78,0.2767857142857143,0.2559523809523809,0.8113207547169812,86.0,0.2053571428571428,0.8414634146341463,69.0,336,145.25,0.4322916666666667
P0A7E3,1ORO,A,1,0.75452,1,0.21439,0,"81,123","78,79,80,81,82,83,84,120,121,122,123,124,125,126",67,"64,65,66,67,68,69,70","81,123",67,42,7,0.1971830985915492,77,36,0.323943661971831,0.3145539906103286,0.8271604938271605,67.0,,,,213,46.71428571428572,0.2193158953722334
P0A7E5,1S1M,B,1,0.0,0,0.74813,1,"5,127","2,3,4,5,6,7,8,124,125,126,127,128,129,130",138,"135,136,137,138,139,140,141","5,127",138,122,3,0.2238532110091743,195,40,0.1174311926605504,,,,0.7467889908256881,0.9736842105263158,407.0,545,124.33333333333331,0.2281345565749235
P0A7E5,1S1M,B,2,0.60072,1,0.20021,0,"21,174","18,19,20,21,22,23,24,171,172,173,174,175,176,177",8,"5,6,7,8,9,10,11","21,174",8,153,7,0.2807339449541284,222,39,0.1376146788990825,0.0146788990825688,0.3809523809523809,8.0,,,,545,209.8571428571429,0.3850589777195282
P0A7E5,1S1M,B,3,0.87695,1,0.14079,0,"312,348","309,310,311,312,313,314,315,345,346,347,348,349,350,351",292,"289,290,291,292,293,294,295","312,348",292,36,4,0.0660550458715596,95,36,0.1486238532110091,0.5357798165137615,0.935897435897436,292.0,,,,545,41.75,0.0766055045871559
P0A7E5,1S1M,B,4,0.64614,3,0.74431,1,"78,306","75,76,77,78,79,80,81,303,304,305,306,307,308,309","8,23,39,321","5,6,7,8,9,10,11,20,21,22,23,24,25,26,36,37,38,39,40,41,42,318,319,320,321,322,323,324","78,306","8,23,39,321",228,36,0.418348623853211,338,116,0.2715596330275229,0.0146788990825688,0.1025641025641025,8.0,0.4110091743119266,0.9372384937238494,224.0,545,200.13888888888889,0.3672273190621814
P0A7E5,1S1M,B,5,-0.39016,0,-0.67155,1,"452,487","449,450,451,452,453,454,455,484,485,486,487,488,489,490",499,"496,497,498,499,500,501,502","452,487",499,35,13,0.0642201834862385,92,31,0.1027522935779816,,,,0.0844036697247706,0.7931034482758621,46.0,545,40.61538461538461,0.0745236414961185
P0A7E9,2BNE,B,1,0.21481,0,0.60568,1,"50,126","47,48,49,50,51,52,53,123,124,125,126,127,128,129",133,"130,131,132,133,134,135,136","50,126",133,76,4,0.3153526970954357,126,43,0.2780082987551867,,,,0.4481327800829875,0.9391304347826088,108.0,241,104.75,0.4346473029045643
P0A7E9,2BNE,B,2,0.67173,1,0.0,0,"49,230","46,47,48,49,50,51,52,227,228,229,230,231,232,233",14,"11,12,13,14,15,16,17","49,230",14,181,17,0.7510373443983402,226,37,0.2946058091286307,0.0580912863070539,0.2857142857142857,14.0,,,,241,184.4705882352941,0.7654381254576519
P0A7F3,2AIR,B,1,-0.01986,0,-0.77312,1,"13,41","10,11,12,13,14,15,16,38,39,40,41,42,43,44",61,"58,59,60,61,62,63,64","13,41",61,28,1,0.1830065359477124,59,29,0.3006535947712418,,,,0.6013071895424836,0.8214285714285714,92.0,153,28.0,0.1830065359477124
P0A7G6,3CMW,A,1,0.04363,0,0.80736,1,"1061,1175","1058,1059,1060,1061,1062,1063,1064,1172,1173,1174,1175,1176,1177,1178",1190,"1187,1188,1189,1190,1191,1192,1193","62,176",191,114,7,0.3229461756373937,205,42,0.235127478753541,,,,0.4589235127478753,0.9152542372881356,162.0,353,128.85714285714286,0.3650343990287333
P0A7G6,3CMW,A,2,0.72545,1,-0.07001,0,"1072,1225","1069,1070,1071,1072,1073,1074,1075,1222,1223,1224,1225,1226,1227,1228",1064,"1061,1062,1063,1064,1065,1066,1067","73,226",65,153,7,0.43342776203966,251,35,0.1869688385269121,0.1841359773371104,0.8904109589041096,65.0,,,,353,179.71428571428572,0.509105625252934
P0A7G6,3CMW,A,3,0.9873,3,-0.07774,0,"1107,1266","1104,1105,1106,1107,1108,1109,1110,1263,1264,1265,1266,1267,1268,1269","1063,1074,1092","1060,1061,1062,1063,1064,1065,1066,1071,1072,1073,1074,1075,1076,1077,1089,1090,1091,1092,1093,1094,1095","108,267","64,75,93",159,7,0.4504249291784702,278,98,0.3541076487252124,0.1813031161473088,0.5925925925925926,64.0,,,,353,160.14285714285714,0.4536624848239579
P0A7H3,3Q8D,A,1,0.6437,1,-0.14328,0,"23,97","20,21,22,23,24,25,26,94,95,96,97,98,99,100",8,"5,6,7,8,9,10,11","23,97",8,74,2,0.3057851239669421,117,33,0.2768595041322314,0.0330578512396694,0.3478260869565217,8.0,,,,242,76.5,0.3161157024793388
P0A7I7,2BZ0,B,1,0.83125,1,-0.06079,0,"65,105","62,63,64,65,66,67,68,102,103,104,105,106,107,108",52,"49,50,51,52,53,54,55","65,105",52,40,24,0.2040816326530612,89,33,0.3112244897959184,0.2653061224489796,0.8,52.0,,,,196,75.04166666666667,0.3828656462585034
P0A7J0,1G57,B,1,0.0545,0,0.70335,1,"67,95","64,65,66,67,68,69,70,92,93,94,95,96,97,98",139,"136,137,138,139,140,141,142","67,95",139,28,1,0.1290322580645161,61,37,0.2949308755760368,,,,0.3594470046082949,0.639344262295082,78.0,217,28.0,0.1290322580645161
P0A7J0,1G57,B,2,-0.10256,0,-0.76654,1,"42,153","39,40,41,42,43,44,45,150,151,152,153,154,155,156",172,"169,170,171,172,173,174,175","42,153",172,111,8,0.511520737327189,149,43,0.3594470046082949,,,,0.2073732718894009,0.703125,45.0,217,114.125,0.5259216589861752
P0A7J0,1G57,B,3,-0.70355,1,-0.01697,0,"118,137","115,116,117,118,119,120,121,134,135,136,137,138,139,140",99,"96,97,98,99,100,101,102","118,137",99,19,7,0.0875576036866359,47,38,0.2857142857142857,0.456221198156682,0.8389830508474576,99.0,,,,217,24.0,0.1105990783410138
P0A7J3,6XZ7,H,1,-0.93514,1,0.07709,0,"80,109","77,78,79,80,81,82,83,106,107,108,109,110,111,112",27,"24,25,26,27,28,29,30","80,109",27,29,11,0.1757575757575757,72,35,0.3636363636363636,0.1636363636363636,0.3375,27.0,,,,165,37.27272727272727,0.2258953168044077
P0A7J3,6XZ7,H,2,0.00117,0,-0.74601,1,"18,51","15,16,17,18,19,20,21,48,49,50,51,52,53,54",83,"80,81,82,83,84,85,86","18,51",83,33,20,0.2,68,39,0.3515151515151515,,,,0.4969696969696969,0.7192982456140351,82.0,165,45.9,0.2781818181818182
P0A7K6,6XZ7,P,1,-0.81811,3,0.05955,0,"71,101","68,69,70,71,72,73,74,98,99,100,101,102,103,104","24,46,60","21,22,23,24,25,26,27,43,44,45,46,47,48,49,57,58,59,60,61,62,63","71,101","24,46,60",30,1,0.2608695652173913,72,61,0.6521739130434783,0.208695652173913,0.3380281690140845,24.0,,,,115,30.0,0.2608695652173913
P0A7K6,6XZ7,P,2,-0.75375,1,0.04231,0,"40,82","37,38,39,40,41,42,43,79,80,81,82,83,84,85",29,"26,27,28,29,30,31,32","40,82",29,42,15,0.3652173913043478,69,31,0.3652173913043478,0.2521739130434782,0.725,29.0,,,,115,49.333333333333336,0.4289855072463768
P0A7Y4,2RN2,A,1,0.80029,5,0.0,0,"102,150","99,100,101,102,103,104,105,147,148,149,150,151,152,153","9,21,38,49,68","6,7,8,9,10,11,12,18,19,20,21,22,23,24,35,36,37,38,39,40,41,46,47,48,49,50,51,52,65,66,67,68,69,70,71","102,150","9,21,38,49,68",48,3,0.3096774193548387,94,97,0.7354838709677419,0.0580645161290322,0.088235294117647,9.0,,,,155,54.0,0.3483870967741935
P0A7Y4,2RN2,A,2,0.60125,1,0.00087,0,"22,140","19,20,21,22,23,24,25,137,138,139,140,141,142,143",9,"6,7,8,9,10,11,12","22,140",9,118,3,0.7612903225806451,149,44,0.4451612903225806,0.0580645161290322,0.4090909090909091,9.0,,,,155,119.0,0.7677419354838709
P0A7Z0,1KS2,A,1,0.77231,1,-0.90601,1,"96,157","93,94,95,96,97,98,99,154,155,156,157,158,159,160","84,169","81,82,83,84,85,86,87,166,167,168,169,170,171,172","96,157","84,169",61,19,0.2785388127853881,133,71,0.3926940639269406,0.3835616438356164,0.875,84.0,0.228310502283105,0.8064516129032258,50.0,219,60.36842105263158,0.2756548906512858
P0A7Z0,1KS2,A,2,-0.99175,1,0.07952,0,"166,193","163,164,165,166,167,168,169,190,191,192,193,194,195,196",134,"131,132,133,134,135,136,137","166,193",134,27,1,0.1232876712328767,70,35,0.2511415525114155,0.6118721461187214,0.8072289156626506,134.0,,,,219,27.0,0.1232876712328767
P0A7Z0,1KS2,A,3,0.67927,1,0.1972,0,"35,80","32,33,34,35,36,37,38,77,78,79,80,81,82,83",24,"21,22,23,24,25,26,27","35,80",24,45,2,0.2054794520547945,84,36,0.3470319634703196,0.1095890410958904,0.6857142857142857,24.0,,,,219,64.5,0.2945205479452055
P0A7Z4,6PST,G,1,-0.08869,0,-0.65546,1,"23,182","20,21,22,23,24,25,26,179,180,181,182,183,184,185",206,"203,204,205,206,207,208,209","23,182",206,159,3,0.4832826747720364,204,31,0.155015197568389,,,,0.3738601823708207,0.8367346938775511,123.0,329,161.0,0.4893617021276595
P0A7Z4,6PST,G,2,-0.82006,1,0.07211,0,"86,173","83,84,85,86,87,88,89,170,171,172,173,174,175,176",57,"54,55,56,57,58,59,60","86,173",57,87,18,0.2644376899696048,124,38,0.2066869300911854,0.1732522796352583,0.6627906976744186,57.0,,,,329,105.33333333333331,0.3201621073961499
P0A814,1HJR,C,1,-0.66445,0,-0.75927,1,"27,129","24,25,26,27,28,29,30,126,127,128,129,130,131,132",142,"139,140,141,142,143,144,145","28,130",143,102,5,0.5895953757225434,141,35,0.3236994219653179,,,,0.1734104046242774,0.6976744186046512,30.0,173,104.6,0.6046242774566474
P0A817,1P7L,D,1,0.0,0,0.95567,1,"11,148","8,9,10,11,12,13,14,145,146,147,148,149,150,151",264,"261,262,263,264,265,266,267","12,149",265,137,20,0.3567708333333333,244,38,0.2317708333333333,,,,0.3098958333333333,0.5063829787234042,119.0,384,158.8,0.4135416666666667
P0A817,1P7L,D,2,0.62049,1,0.50168,0,"44,241","41,42,43,44,45,46,47,238,239,240,241,242,243,244",20,"17,18,19,20,21,22,23","45,242",21,197,33,0.5130208333333334,291,40,0.1744791666666666,0.0546875,0.4666666666666667,21.0,,,,384,254.03030303030303,0.6615372474747475
P0A817,1P7L,D,3,0.72609,1,-0.03928,0,"256,295","253,254,255,256,257,258,259,292,293,294,295,296,297,298",123,"120,121,122,123,124,125,126","257,296",124,39,2,0.1015625,113,42,0.1744791666666666,0.3229166666666667,0.4824902723735408,124.0,,,,384,39.5,0.1028645833333333
P0A817,1P7L,D,4,1.17345,4,0.31,0,"74,352","71,72,73,74,75,76,77,349,350,351,352,353,354,355","8,20,41,55","5,6,7,8,9,10,11,17,18,19,20,21,22,23,38,39,40,41,42,43,44,52,53,54,55,56,57,58","75,353","9,21,42,56",278,130,0.7239583333333334,367,102,0.3411458333333333,0.0234375,0.12,9.0,,,,384,184.8923076923077,0.4814903846153846
P0A817,1P7L,D,5,0.6951,3,0.79301,1,"75,152","72,73,74,75,76,77,78,149,150,151,152,153,154,155","20,39,55,263","17,18,19,20,21,22,23,36,37,38,39,40,41,42,52,53,54,55,56,57,58,260,261,262,263,264,265,266","76,153","21,40,56,264",77,52,0.2005208333333333,192,88,0.3203125,0.0546875,0.2763157894736842,21.0,0.3125,0.5194805194805194,120.0,384,144.30769230769232,0.3758012820512821
P0A825,1DFO,B,1,0.00562,0,-0.95305,1,"35,203","32,33,34,35,36,37,38,200,201,202,203,204,205,206",265,"262,263,264,265,266,267,268","35,203",265,168,9,0.4028776978417266,260,35,0.2302158273381295,,,,0.3645083932853717,0.7102803738317757,152.0,417,187.66666666666663,0.4500399680255795
P0A825,1DFO,B,2,-1.41371,1,-0.05549,0,"232,371","229,230,231,232,233,234,235,368,369,370,371,372,373,374",95,"92,93,94,95,96,97,98","232,371",95,139,1,0.3333333333333333,257,33,0.2086330935251798,0.2278177458033573,0.4094827586206896,95.0,,,,417,139.0,0.3333333333333333
P0A825,1DFO,B,3,-0.09502,0,-1.16336,2,"40,232","37,38,39,40,41,42,43,229,230,231,232,233,234,235","238,269","235,236,237,238,239,240,241,266,267,268,269,270,271,272","40,232","238,269",192,9,0.460431654676259,265,68,0.2206235011990407,,,,0.354916067146283,0.8,148.0,417,180.77777777777777,0.4335198507860378
P0A825,1DFO,B,4,-0.6477,1,-0.90274,1,"176,347","173,174,175,176,177,178,179,344,345,346,347,348,349,350","94,361","91,92,93,94,95,96,97,358,359,360,361,362,363,364","176,347","94,361",171,76,0.4100719424460431,294,73,0.2661870503597122,0.2254196642685851,0.5340909090909091,94.0,0.1342925659472422,0.8,56.0,417,142.4078947368421,0.3415057427742017
P0A825,1DFO,B,5,0.72765,1,0.18655,0,"129,171","126,127,128,129,130,131,132,168,169,170,171,172,173,174",116,"113,114,115,116,117,118,119","129,171",116,42,8,0.1007194244604316,81,37,0.1606714628297362,0.2781774580335731,0.8992248062015504,116.0,,,,417,52.75,0.1264988009592326
P0A836,2NU8,B,1,-0.86553,1,0.05022,0,"54,213","51,52,53,54,55,56,57,210,211,212,213,214,215,216",47,"44,45,46,47,48,49,50","54,213",47,159,1,0.4097938144329897,211,38,0.1984536082474226,0.1211340206185567,0.8703703703703703,47.0,,,,388,159.0,0.4097938144329897
P0A836,2NU8,B,2,0.0,0,-0.75926,1,"9,46","6,7,8,9,10,11,12,43,44,45,46,47,48,49",98,"95,96,97,98,99,100,101","9,46",98,37,10,0.095360824742268,81,37,0.1984536082474226,,,,0.7474226804123711,0.847953216374269,290.0,388,44.2,0.1139175257731958
P0A836,2NU8,B,3,-0.03279,0,0.80274,1,"255,273","252,253,254,255,256,257,258,270,271,272,273,274,275,276",283,"280,281,282,283,284,285,286","255,273",283,18,18,0.0463917525773195,56,35,0.1391752577319587,,,,0.2706185567010309,0.9130434782608696,105.0,388,81.16666666666667,0.2091924398625429
P0A850,1W26,A,1,0.85021,1,0.0,0,"282,427","279,280,281,282,283,284,285,424,425,426,427,428,429,430",126,"123,124,125,126,127,128,129","282,427",126,145,12,0.3356481481481481,181,29,0.1203703703703703,0.2916666666666667,0.4468085106382978,126.0,,,,432,171.83333333333334,0.3977623456790123
P0A850,1W26,A,2,0.0255,0,-0.65113,1,"151,161","148,149,150,151,152,153,154,158,159,160,161,162,163,164",241,"238,239,240,241,242,243,244","151,161",241,10,4,0.0231481481481481,34,31,0.1134259259259259,,,,0.4421296296296296,0.7047970479704797,191.0,432,17.5,0.0405092592592592
P0A850,1W26,A,3,-0.77993,1,0.03421,0,"184,238","181,182,183,184,185,186,187,235,236,237,238,239,240,241",166,"163,164,165,166,167,168,169","184,238",166,54,1,0.125,79,34,0.1203703703703703,0.3842592592592592,0.9021739130434784,166.0,,,,432,54.0,0.125
P0A850,1W26,A,4,0.08606,0,-0.89468,1,"279,373","276,277,278,279,280,281,282,370,371,372,373,374,375,376",404,"401,402,403,404,405,406,407","279,373",404,94,1,0.2175925925925926,144,26,0.1527777777777778,,,,0.0648148148148148,0.4745762711864407,28.0,432,94.0,0.2175925925925926
P0A853,2C44,C,1,-0.02331,0,-0.71909,1,"46,386","43,44,45,46,47,48,49,383,384,385,386,387,388,389",421,"418,419,420,421,422,423,424","46,386",421,340,7,0.721868365180467,413,41,0.1634819532908704,,,,0.1061571125265392,0.5882352941176471,50.0,471,344.85714285714283,0.7321807703973309
P0A853,2C44,C,2,-1.45143,1,-0.13972,0,"273,424","270,271,272,273,274,275,276,421,422,423,424,425,426,427",99,"96,97,98,99,100,101,102","273,424",99,151,4,0.3205944798301486,283,38,0.1889596602972399,0.2101910828025477,0.3626373626373626,99.0,,,,471,165.5,0.351380042462845
P0A853,2C44,C,3,-0.63732,1,0.02487,0,"403,454","400,401,402,403,404,405,406,451,452,453,454,455,456,457",378,"375,376,377,378,379,380,381","403,454",378,51,12,0.10828025477707,121,37,0.1422505307855626,0.802547770700637,0.9379652605459056,378.0,,,,471,60.083333333333336,0.1275654635527247
P0A853,2C44,C,4,-0.62882,1,-0.88534,1,"134,401","131,132,133,134,135,136,137,398,399,400,401,402,403,404","98,417","95,96,97,98,99,100,101,414,415,416,417,418,419,420","134,401","98,417",267,98,0.5668789808917197,406,76,0.267515923566879,0.208067940552017,0.7313432835820896,98.0,0.1146496815286624,0.7714285714285715,54.0,471,175.51020408163265,0.372633129684995
P0A853,2C44,C,5,-0.0526,0,-1.21395,2,"63,272","60,61,62,63,64,65,66,269,270,271,272,273,274,275","279,318","276,277,278,279,280,281,282,315,316,317,318,319,320,321","63,272","279,318",209,20,0.4437367303609342,291,72,0.1889596602972399,,,,0.3248407643312102,0.7688442211055276,153.0,471,199.85,0.4243099787685774
P0A853,2C44,C,6,0.75718,1,0.25209,0,"139,227","136,137,138,139,140,141,142,224,225,226,227,228,229,230",131,"128,129,130,131,132,133,134","139,227",131,88,1,0.1868365180467091,153,41,0.1889596602972399,0.2781316348195329,0.9424460431654677,131.0,,,,471,88.0,0.1868365180467091
P0A855,2HQS,A,1,0.82493,1,-0.1366,0,"59,101","56,57,58,59,60,61,62,98,99,100,101,102,103,104",38,"35,36,37,38,39,40,41","58,100",37,42,38,0.0976744186046511,88,36,0.1651162790697674,0.0860465116279069,0.6379310344827587,37.0,,,,430,88.02631578947368,0.2047123623011016
P0A858,1TRE,A,1,0.0,0,0.90725,1,"4,193","1,2,3,4,5,6,7,190,191,192,193,194,195,196",209,"206,207,208,209,210,211,212","2,191",207,189,1,0.7411764705882353,237,40,0.2784313725490196,,,,0.188235294117647,0.75,48.0,255,189.0,0.7411764705882353
P0A858,1TRE,A,2,0.65873,1,0.0,0,"38,248","35,36,37,38,39,40,41,245,246,247,248,249,250,251",7,"4,5,6,7,8,9,10","36,246",5,210,23,0.8235294117647058,247,35,0.2470588235294117,0.0196078431372549,0.1388888888888889,5.0,,,,255,214.34782608695653,0.8405797101449276
P0A862,3HVS,A,1,-0.88997,1,0.19484,0,"37,110","34,35,36,37,38,39,40,107,108,109,110,111,112,113",30,"27,28,29,30,31,32,33","37,110",30,73,1,0.4345238095238095,108,30,0.2559523809523809,0.1785714285714285,0.8108108108108109,30.0,,,,168,73.0,0.4345238095238095
P0A862,3HVS,A,2,-0.37814,0,1.19282,1,"35,88","32,33,34,35,36,37,38,85,86,87,88,89,90,91",106,"103,104,105,106,107,108,109","35,88",106,53,5,0.3154761904761904,101,34,0.3273809523809524,,,,0.369047619047619,0.775,62.0,168,55.0,0.3273809523809524
P0A862,3HVS,A,3,0.72466,1,-0.05583,0,"77,140","74,75,76,77,78,79,80,137,138,139,140,141,142,143",50,"47,48,49,50,51,52,53","77,140",50,63,14,0.375,123,32,0.3452380952380952,0.2976190476190476,0.6493506493506493,50.0,,,,168,90.0,0.5357142857142857
P0A870,1ONR,A,1,0.0,0,0.62718,1,"8,233","5,6,7,8,9,10,11,230,231,232,233,234,235,236",242,"239,240,241,242,243,244,245","8,233",242,225,2,0.7097791798107256,283,35,0.2050473186119873,,,,0.2365930599369085,0.8928571428571429,75.0,317,227.5,0.7176656151419558
P0A870,1ONR,A,2,0.94685,1,-0.07967,0,"27,246","24,25,26,27,28,29,30,243,244,245,246,247,248,249",14,"11,12,13,14,15,16,17","27,246",14,219,5,0.6908517350157729,280,34,0.1892744479495268,0.0441640378548895,0.5185185185185185,14.0,,,,317,222.6,0.7022082018927445
P0A873,1P9P,A,1,-0.0141,0,0.97644,1,"85,102","82,83,84,85,86,87,88,99,100,101,102,103,104,105",130,"127,128,129,130,131,132,133","85,102",130,17,73,0.0666666666666666,48,29,0.2431372549019607,,,,0.4901960784313725,0.8169934640522876,125.0,255,60.50684931506849,0.2372817620198764
P0A873,1P9P,A,2,1.09098,1,-0.12771,0,"115,139","112,113,114,115,116,117,118,136,137,138,139,140,141,142",87,"84,85,86,87,88,89,90","115,139",87,24,36,0.0941176470588235,53,34,0.2431372549019607,0.3411764705882353,0.7565217391304347,87.0,,,,255,38.94444444444444,0.1527233115468409
P0A879,2DH5,A,1,-0.0215,0,0.636,1,"25,177","22,23,24,25,26,27,28,174,175,176,177,178,179,180",187,"184,185,186,187,188,189,190","25,177",187,152,4,0.3828715365239294,209,38,0.1662468513853904,,,,0.5289672544080605,0.9545454545454546,210.0,397,153.5,0.3866498740554156
P0A879,2DH5,A,2,-0.06587,0,0.62387,1,"73,355","70,71,72,73,74,75,76,352,353,354,355,356,357,358",375,"372,373,374,375,376,377,378","73,355",375,282,7,0.7103274559193955,342,42,0.2040302267002519,,,,0.0554156171284634,0.5238095238095238,22.0,397,291.1428571428572,0.7333573227779777
P0A879,2DH5,A,3,0.24887,0,0.86078,1,"194,280","191,192,193,194,195,196,197,277,278,279,280,281,282,283",309,"306,307,308,309,310,311,312","194,280",309,86,26,0.216624685138539,163,43,0.1763224181360201,,,,0.2216624685138539,0.7521367521367521,88.0,397,190.8846153846154,0.4808176709939934
P0A879,2DH5,A,4,0.82245,1,0.02747,0,"119,187","116,117,118,119,120,121,122,184,185,186,187,188,189,190",107,"104,105,106,107,108,109,110","119,187",107,68,4,0.1712846347607053,99,40,0.1914357682619647,0.2695214105793451,0.8991596638655462,107.0,,,,397,71.75,0.1807304785894206
P0A879,2DH5,A,5,0.83619,1,-0.04551,0,"240,373","237,238,239,240,241,242,243,370,371,372,373,374,375,376",228,"225,226,227,228,229,230,231","240,373",228,133,4,0.3350125944584383,203,43,0.2065491183879093,0.5743073047858942,0.95,228.0,,,,397,137.0,0.345088161209068
P0A879,2DH5,A,6,0.91458,1,-0.02296,0,"300,329","297,298,299,300,301,302,303,326,327,328,329,330,331,332",256,"253,254,255,256,257,258,259","300,329",256,29,15,0.0730478589420654,93,40,0.1662468513853904,0.6448362720403022,0.8533333333333334,256.0,,,,397,49.66666666666666,0.125104953820319
P0A894,5O5S,A,1,0.0,0,0.77579,1,"162,230","159,160,161,162,163,164,165,227,228,229,230,231,232,233",245,"242,243,244,245,246,247,248","162,230",245,68,4,0.2394366197183098,108,38,0.2394366197183098,,,,0.1373239436619718,0.7222222222222222,39.0,284,71.25,0.2508802816901408
P0A8A0,1KON,A,1,0.02972,0,-0.81683,1,"137,160","134,135,136,137,138,139,140,157,158,159,160,161,162,163",173,"170,171,172,173,174,175,176","137,160",173,23,1,0.0934959349593495,57,36,0.2398373983739837,,,,0.2967479674796748,0.8488372093023255,73.0,246,23.0,0.0934959349593495
P0A8A0,1KON,A,2,-0.9274,1,-0.0094,0,"173,201","170,171,172,173,174,175,176,198,199,200,201,202,203,204",138,"135,136,137,138,139,140,141","173,201",138,28,1,0.1138211382113821,57,35,0.2317073170731707,0.5609756097560976,0.7976878612716763,138.0,,,,246,28.0,0.1138211382113821
P0A8D6,5CB3,A,1,0.687,1,0.13957,0,"34,119","31,32,33,34,35,36,37,116,117,118,119,120,121,122",21,"18,19,20,21,22,23,24","34,119",21,85,1,0.480225988700565,131,40,0.3898305084745763,0.1186440677966101,0.6176470588235294,21.0,,,,177,85.0,0.480225988700565
P0A8D6,5CB3,A,2,0.0,0,0.70935,1,"5,141","2,3,4,5,6,7,8,138,139,140,141,142,143,144",156,"153,154,155,156,157,158,159","5,141",156,136,5,0.768361581920904,162,31,0.3107344632768362,,,,0.1186440677966101,0.5833333333333334,21.0,177,139.6,0.7887005649717513
P0A8F0,2EHJ,A,1,0.0,0,0.8509,1,"3,166","0,1,2,3,4,5,6,163,164,165,166,167,168,169",178,"175,176,177,178,179,180,181","3,166",178,163,2,0.7836538461538461,197,35,0.2788461538461538,,,,0.1442307692307692,0.7142857142857143,30.0,208,165.0,0.7932692307692307
P0A8F0,2EHJ,A,2,0.73902,1,0.25069,0,"87,129","84,85,86,87,88,89,90,126,127,128,129,130,131,132",72,"69,70,71,72,73,74,75","87,129",72,42,10,0.2019230769230769,84,31,0.3269230769230769,0.3461538461538461,0.8275862068965517,72.0,,,,208,62.1,0.2985576923076923
P0A8I3,5CAJ,A,1,-0.21508,0,-0.60091,1,"31,115","28,29,30,31,32,33,34,112,113,114,115,116,117,118",124,"121,122,123,124,125,126,127","31,115",124,84,3,0.3255813953488372,151,35,0.2713178294573643,,,,0.5193798449612403,0.9370629370629372,134.0,258,87.33333333333333,0.338501291989664
P0A8I3,5CAJ,A,2,0.6007,1,-0.23586,0,"90,213","87,88,89,90,91,92,93,210,211,212,213,214,215,216",4,"1,2,3,4,5,6,7","90,213",4,123,4,0.4767441860465116,193,35,0.2596899224806202,0.0155038759689922,0.0444444444444444,4.0,,,,258,126.25,0.4893410852713178
P0A8I5,3DXX,A,1,1.03441,1,-1.11289,1,"85,212","82,83,84,85,86,87,88,209,210,211,212,213,214,215","69,233","66,67,68,69,70,71,72,230,231,232,233,234,235,236","85,212","69,233",127,19,0.5313807531380753,182,73,0.3891213389121339,0.2887029288702928,0.8117647058823529,69.0,0.0251046025104602,0.2222222222222222,6.0,239,78.26315789473684,0.3274609116934596
P0A8I5,3DXX,A,2,0.0,0,0.93524,1,"42,100","39,40,41,42,43,44,45,97,98,99,100,101,102,103",117,"114,115,116,117,118,119,120","42,100",117,58,15,0.2426778242677824,98,34,0.2384937238493724,,,,0.5104602510460251,0.8776978417266187,122.0,239,63.13333333333333,0.2641562064156206
P0A8I8,5TWK,D,1,0.1695,0,1.04844,1,"72,108","69,70,71,72,73,74,75,105,106,107,108,109,110,111",120,"117,118,119,120,121,122,123","72,108",120,36,8,0.232258064516129,82,26,0.3354838709677419,,,,0.2258064516129032,0.7446808510638298,35.0,155,69.0,0.4451612903225806
P0A8I8,5TWK,D,2,0.61162,1,0.07595,0,"33,137","30,31,32,33,34,35,36,134,135,136,137,138,139,140",6,"3,4,5,6,7,8,9","33,137",6,104,15,0.6709677419354839,136,34,0.4193548387096774,0.0387096774193548,0.1818181818181818,6.0,,,,155,114.46666666666668,0.738494623655914
P0A8I8,5TWK,D,3,0.80636,1,-0.05344,0,"100,120","97,98,99,100,101,102,103,117,118,119,120,121,122,123",70,"67,68,69,70,71,72,73","100,120",70,20,31,0.1290322580645161,55,31,0.3806451612903225,0.4516129032258064,0.7,70.0,,,,155,44.0,0.2838709677419355
P0A8I8,5TWK,D,4,0.47342,0,1.69157,2,"31,88","28,29,30,31,32,33,34,85,86,87,88,89,90,91","100,119","97,98,99,100,101,102,103,116,117,118,119,120,121,122","31,88","100,119",57,67,0.3677419354838709,114,55,0.5612903225806452,,,,0.232258064516129,0.5373134328358209,36.0,155,56.74626865671642,0.3661049590755897
P0A8L1,6R1M,B,1,-0.01643,0,-0.97703,3,"21,333","18,19,20,21,22,23,24,330,331,332,333,334,335,336","340,341,390","337,338,339,340,341,342,343,338,339,340,341,342,343,344,387,388,389,390,391,392,393","21,333","340,341,390",312,1,0.7255813953488373,394,72,0.2325581395348837,,,,0.0930232558139534,0.4123711340206185,40.0,430,312.0,0.7255813953488373
P0A8L1,6R1M,B,2,0.05011,0,-0.66476,1,"138,279","135,136,137,138,139,140,141,276,277,278,279,280,281,282",286,"283,284,285,286,287,288,289","138,279",286,141,1,0.327906976744186,201,33,0.1511627906976744,,,,0.3348837209302325,0.9536423841059604,144.0,430,141.0,0.327906976744186
P0A8L1,6R1M,B,3,-0.10102,0,-0.76836,1,"282,354","279,280,281,282,283,284,285,351,352,353,354,355,356,357",391,"388,389,390,391,392,393,394","282,354",391,72,57,0.1674418604651162,175,40,0.1813953488372093,,,,0.0906976744186046,0.5131578947368421,39.0,430,202.5438596491228,0.471032231742146
P0A8L1,6R1M,B,4,-0.05538,0,-0.64668,5,"101,205","98,99,100,101,102,103,104,202,203,204,205,206,207,208","237,261,289,343,356","234,235,236,237,238,239,240,258,259,260,261,262,263,264,286,287,288,289,290,291,292,340,341,342,343,344,345,346,353,354,355,356,357,358,359","101,205","237,261,289,343,356",104,5,0.241860465116279,202,117,0.3558139534883721,,,,0.1720930232558139,0.3288888888888889,74.0,430,107.0,0.2488372093023255
P0A8M3,1QF6,A,1,-0.66647,1,0.05283,0,"91,152","88,89,90,91,92,93,94,149,150,151,152,153,154,155",79,"76,77,78,79,80,81,82","91,152",79,61,12,0.0950155763239875,115,33,0.0934579439252336,0.1230529595015576,0.8681318681318682,79.0,,,,642,63.083333333333336,0.0982606438213914
P0A8M3,1QF6,A,2,-0.14963,0,-0.71282,1,"374,472","371,372,373,374,375,376,377,469,470,471,472,473,474,475",512,"509,510,511,512,513,514,515","374,472",512,98,41,0.1526479750778816,168,36,0.1339563862928348,,,,0.2024922118380062,0.7647058823529411,130.0,642,164.2439024390244,0.2558316237367981
P0A8M3,1QF6,A,3,-0.81086,1,0.84327,1,"48,136","45,46,47,48,49,50,51,133,134,135,136,137,138,139","36,187","33,34,35,36,37,38,39,184,185,186,187,188,189,190","48,136","36,187",88,8,0.1370716510903426,157,56,0.1323987538940809,0.0560747663551401,0.75,36.0,0.7087227414330218,0.8992094861660079,455.0,642,119.0,0.1853582554517134
P0A8M3,1QF6,A,4,0.74917,3,-0.89793,1,"159,206","156,157,158,159,160,161,162,203,204,205,206,207,208,209","74,93,103,218","71,72,73,74,75,76,77,90,91,92,93,94,95,96,100,101,102,103,104,105,106,215,216,217,218,219,220,221","159,206","74,93,103,218",47,12,0.073208722741433,113,75,0.1479750778816199,0.1152647975077881,0.4654088050314465,74.0,0.660436137071651,0.9724770642201837,424.0,642,64.5,0.1004672897196261
P0A8M3,1QF6,A,5,0.76792,1,0.00705,0,"445,466","442,443,444,445,446,447,448,463,464,465,466,467,468,469",421,"418,419,420,421,422,423,424","445,466",421,21,25,0.0327102803738317,54,35,0.0996884735202492,0.6557632398753894,0.946067415730337,421.0,,,,642,39.12,0.0609345794392523
P0A8M3,1QF6,A,6,0.82687,1,-0.18153,0,"558,596","555,556,557,558,559,560,561,593,594,595,596,597,598,599",543,"540,541,542,543,544,545,546","558,596",543,38,23,0.0591900311526479,79,38,0.0965732087227414,0.8457943925233645,0.9731182795698924,543.0,,,,642,53.56521739130435,0.0834349180549912
P0A8N3,1BBU,A,1,0.0,0,0.60665,1,"21,119","18,19,20,21,22,23,24,116,117,118,119,120,121,122",144,"141,142,143,144,145,146,147","22,120",145,98,1,0.194059405940594,132,31,0.1188118811881188,,,,0.7128712871287128,0.935064935064935,360.0,505,98.0,0.194059405940594
P0A8N3,1BBU,A,2,-0.24214,0,-0.71932,1,"97,128","94,95,96,97,98,99,100,125,126,127,128,129,130,131",137,"134,135,136,137,138,139,140","98,129",138,31,2,0.0613861386138613,78,33,0.1168316831683168,,,,0.7267326732673267,0.976063829787234,367.0,505,38.5,0.0762376237623762
P0A8N3,1BBU,A,3,0.01218,0,-0.76047,1,"210,224","207,208,209,210,211,212,213,221,222,223,224,225,226,227",234,"231,232,233,234,235,236,237","211,225",235,14,1,0.0277227722772277,40,34,0.0891089108910891,,,,0.5346534653465347,0.9642857142857144,270.0,505,14.0,0.0277227722772277
P0A8N3,1BBU,A,4,-0.72515,1,-0.77483,1,"234,455","231,232,233,234,235,236,237,452,453,454,455,456,457,458","216,474","213,214,215,216,217,218,219,471,472,473,474,475,476,477","235,456","217,475",221,27,0.4376237623762376,290,65,0.1881188118811881,0.4297029702970297,0.9234042553191488,217.0,0.0594059405940594,0.6122448979591837,30.0,505,215.25925925925927,0.4262559589292263
P0A8N3,1BBU,A,5,0.15153,0,-0.87477,3,"244,399","241,242,243,244,245,246,247,396,397,398,399,400,401,402","413,423,474","410,411,412,413,414,415,416,420,421,422,423,424,425,426,471,472,473,474,475,476,477","245,400","414,424,475",155,3,0.3069306930693069,242,70,0.2158415841584158,,,,0.0594059405940594,0.2857142857142857,30.0,505,190.66666666666663,0.3775577557755775
P0A8N5,1e+24,A,1,-0.24386,0,-0.70971,1,"97,128","94,95,96,97,98,99,100,125,126,127,128,129,130,131",137,"134,135,136,137,138,139,140","98,129",138,31,1,0.0613861386138613,80,32,0.1168316831683168,,,,0.7267326732673267,0.976063829787234,367.0,505,31.0,0.0613861386138613
P0A8N5,1e+24,A,2,0.01133,0,-0.74611,1,"210,224","207,208,209,210,211,212,213,221,222,223,224,225,226,227",234,"231,232,233,234,235,236,237","211,225",235,14,1,0.0277227722772277,40,34,0.0891089108910891,,,,0.5346534653465347,0.9642857142857144,270.0,505,14.0,0.0277227722772277
P0A8N5,1e+24,A,3,-0.73985,1,-0.781,1,"234,455","231,232,233,234,235,236,237,452,453,454,455,456,457,458","216,474","213,214,215,216,217,218,219,471,472,473,474,475,476,477","235,456","217,475",221,32,0.4376237623762376,291,66,0.1900990099009901,0.4297029702970297,0.9234042553191488,217.0,0.0594059405940594,0.6122448979591837,30.0,505,210.5625,0.4169554455445544
P0A8N7,3A5Z,C,1,0.00903,0,-0.752,1,"43,58","40,41,42,43,44,45,46,55,56,57,58,59,60,61",72,"69,70,71,72,73,74,75","43,58",72,15,1,0.0461538461538461,42,29,0.1415384615384615,,,,0.7784615384615384,0.947565543071161,253.0,325,15.0,0.0461538461538461
P0A8N7,3A5Z,C,2,-0.70795,1,-0.76215,1,"72,277","69,70,71,72,73,74,75,274,275,276,277,278,279,280","47,298","44,45,46,47,48,49,50,295,296,297,298,299,300,301","72,277","47,298",205,34,0.6307692307692307,270,64,0.28,0.1446153846153846,0.6527777777777778,47.0,0.083076923076923,0.5625,27.0,325,209.0,0.6430769230769231
P0A8N7,3A5Z,C,3,0.19393,0,-0.9265,3,"82,222","79,80,81,82,83,84,85,219,220,221,222,223,224,225","236,246,296","233,234,235,236,237,238,239,243,244,245,246,247,248,249,293,294,295,296,297,298,299","82,222","236,246,296",140,4,0.4307692307692308,217,69,0.2984615384615384,,,,0.0892307692307692,0.2815533980582524,29.0,325,149.5,0.46
P0A8P1,2Z3O,A,1,0.06472,0,-0.85711,3,"42,147","39,40,41,42,43,44,45,144,145,146,147,148,149,150","156,170,186","153,154,155,156,157,158,159,167,168,169,170,171,172,173,183,184,185,186,187,188,189","42,147","156,170,186",105,4,0.4487179487179487,184,71,0.4444444444444444,,,,0.2051282051282051,0.5517241379310345,48.0,234,106.5,0.4551282051282051
P0A8P1,2Z3O,A,2,-0.26305,0,-0.95001,5,"52,110","49,50,51,52,53,54,55,107,108,109,110,111,112,113","132,143,157,169,188","129,130,131,132,133,134,135,140,141,142,143,144,145,146,154,155,156,157,158,159,160,166,167,168,169,170,171,172,185,186,187,188,189,190,191","52,110","132,143,157,169,188",58,21,0.2478632478632478,138,97,0.5384615384615384,,,,0.1965811965811965,0.3709677419354839,46.0,234,74.95238095238095,0.3203093203093203
P0A8P1,2Z3O,A,3,-0.77792,1,0.00251,0,"186,207","183,184,185,186,187,188,189,204,205,206,207,208,209,210",65,"62,63,64,65,66,67,68","186,207",65,21,65,0.0897435897435897,48,32,0.2393162393162393,0.2777777777777778,0.3494623655913978,65.0,,,,234,93.35384615384616,0.398948060486522
P0A8Q6,2W9R,A,1,-0.73488,1,0.0,0,"75,106","72,73,74,75,76,77,78,103,104,105,106,107,108,109",28,"25,26,27,28,29,30,31","75,106",28,31,2,0.2924528301886792,52,31,0.3584905660377358,0.2641509433962264,0.3733333333333333,28.0,,,,106,32.5,0.3066037735849056
P0A8R0,1Q5X,A,1,-0.10532,0,0.79815,1,"26,96","23,24,25,26,27,28,29,93,94,95,96,97,98,99",108,"105,106,107,108,109,110,111","26,96",108,70,2,0.4347826086956521,126,38,0.4037267080745341,,,,0.3291925465838509,0.8153846153846154,53.0,161,71.5,0.4440993788819876
P0A8R0,1Q5X,A,2,0.76926,1,0.00213,0,"51,127","48,49,50,51,52,53,54,124,125,126,127,128,129,130",44,"41,42,43,44,45,46,47","51,127",44,76,1,0.4720496894409938,114,32,0.3291925465838509,0.2732919254658385,0.8627450980392157,44.0,,,,161,76.0,0.4720496894409938
P0A8T7,6PST,J,1,0.0,0,-0.68821,1,"24,116","21,22,23,24,25,26,27,113,114,115,116,117,118,119",242,"239,240,241,242,243,244,245","24,116",242,92,1,0.0653873489694385,142,32,0.052594171997157,,,,0.828002842928216,0.9024012393493416,1165.0,1407,92.0,0.0653873489694385
P0A8T7,6PST,J,2,-0.65569,1,0.0028,0,"156,187","153,154,155,156,157,158,159,184,185,186,187,188,189,190",145,"142,143,144,145,146,147,148","156,187",145,31,5,0.0220326936744847,61,33,0.0376687988628287,0.1030561478322672,0.9294871794871796,145.0,,,,1407,33.0,0.0234541577825159
P0A8T7,6PST,J,3,-0.329,0,-0.72742,1,"496,903","493,494,495,496,497,498,499,900,901,902,903,904,905,906",918,"915,916,917,918,919,920,921","496,903",918,407,17,0.2892679459843639,471,33,0.0511727078891258,,,,0.347547974413646,0.9702380952380952,489.0,1407,419.8235294117647,0.2983820393829173
P0A8T7,6PST,J,4,-0.87375,1,-0.0738,0,"563,585","560,561,562,563,564,565,566,582,583,584,585,586,587,588",553,"550,551,552,553,554,555,556","563,585",553,22,2,0.0156361051883439,65,33,0.0376687988628287,0.3930348258706467,0.9822380106571936,553.0,,,,1407,22.5,0.0159914712153518
P0A8T7,6PST,J,5,-0.8424,1,-0.29677,0,"180,293","177,178,179,180,181,182,183,290,291,292,293,294,295,296",110,"107,108,109,110,111,112,113","180,293",110,113,12,0.0803127221037668,183,30,0.0490405117270788,0.0781805259417199,0.6111111111111112,110.0,,,,1407,150.0,0.1066098081023454
P0A8T7,6PST,J,6,-0.77191,1,0.13878,0,"598,728","595,596,597,598,599,600,601,725,726,727,728,729,730,731",508,"505,506,507,508,509,510,511","598,728",508,130,3,0.0923951670220327,185,35,0.0405117270788912,0.3610518834399431,0.8494983277591973,508.0,,,,1407,130.66666666666666,0.0928689883913764
P0A8T7,6PST,J,7,0.02747,0,-0.84268,1,"819,845","816,817,818,819,820,821,822,842,843,844,845,846,847,848",882,"879,880,881,882,883,884,885","819,845",882,26,5,0.0184790334044065,61,36,0.0419331911869225,,,,0.373134328358209,0.9341637010676156,525.0,1407,34.4,0.0244491826581378
P0A8T7,6PST,J,8,-0.92978,1,0.04674,0,"861,883","858,859,860,861,862,863,864,880,881,882,883,884,885,886",843,"840,841,842,843,844,845,846","861,883",843,22,7,0.0156361051883439,59,36,0.0440653873489694,0.5991471215351812,0.9790940766550522,843.0,,,,1407,35.57142857142857,0.0252817544928419
P0A8T7,6PST,J,9,0.83543,1,0.00735,0,"437,449","434,435,436,437,438,439,440,446,447,448,449,450,451,452",367,"364,365,366,367,368,369,370","437,449",367,12,49,0.0085287846481876,47,33,0.0497512437810945,0.2608386638237384,0.8398169336384439,367.0,,,,1407,46.204081632653065,0.0328387218426816
P0A8T7,6PST,J,10,-0.01911,0,1.09129,1,"353,372","350,351,352,353,354,355,356,369,370,371,372,373,374,375",446,"443,444,445,446,447,448,449","353,372",446,19,7,0.013503909026297,56,27,0.0341151385927505,,,,0.6830135039090263,0.9285024154589372,961.0,1407,24.0,0.0170575692963752
P0A8U0,3FFV,A,1,-0.00786,0,-0.6307,1,"27,42","24,25,26,27,28,29,30,39,40,41,42,43,44,45",50,"47,48,49,50,51,52,53","27,42",50,15,1,0.0828729281767955,36,29,0.2320441988950276,,,,0.7237569060773481,0.9424460431654677,131.0,181,15.0,0.0828729281767955
P0A8V0,2CBN,A,1,0.631,1,0.0,0,"16,299","13,14,15,16,17,18,19,296,297,298,299,300,301,302",8,"5,6,7,8,9,10,11","16,299",8,283,1,0.9278688524590164,303,37,0.1704918032786885,0.0262295081967213,0.5,8.0,,,,305,283.0,0.9278688524590164
P0A8V0,2CBN,A,2,0.62176,1,0.16238,0,"69,270","66,67,68,69,70,71,72,267,268,269,270,271,272,273",59,"56,57,58,59,60,61,62","69,270",59,201,1,0.659016393442623,247,31,0.2721311475409836,0.1934426229508196,0.855072463768116,59.0,,,,305,201.0,0.659016393442623
P0A8V0,2CBN,A,3,0.77632,1,0.10395,0,"248,270","245,246,247,248,249,250,251,267,268,269,270,271,272,273",232,"229,230,231,232,233,234,235","248,270",232,22,2,0.0721311475409836,73,41,0.2491803278688524,0.760655737704918,0.935483870967742,232.0,,,,305,27.0,0.0885245901639344
P0A8V2,6PST,I,1,-0.88158,1,0.03006,0,"314,336","311,312,313,314,315,316,317,333,334,335,336,337,338,339",296,"293,294,295,296,297,298,299","314,336",296,22,7,0.0163934426229508,55,32,0.0417287630402384,0.2205663189269746,0.9426751592356688,296.0,,,,1342,33.857142857142854,0.0252288694911645
P0A8V2,6PST,I,2,-0.01696,0,-0.88238,1,"678,1106","675,676,677,678,679,680,681,1103,1104,1105,1106,1107,1108,1109",1233,"1230,1231,1232,1233,1234,1235,1236","678,1106",1233,428,29,0.3189269746646795,513,40,0.0566318926974664,,,,0.0812220566318926,0.461864406779661,109.0,1342,467.2068965517241,0.3481422478030731
P0A8V2,6PST,I,3,-1.07451,1,-0.09116,0,"761,1236","758,759,760,761,762,763,764,1233,1234,1235,1236,1237,1238,1239",690,"687,688,689,690,691,692,693","761,1236",690,475,1,0.3539493293591654,577,34,0.0536512667660208,0.5141579731743666,0.9067017082785808,690.0,,,,1342,475.0,0.3539493293591654
P0A8V2,6PST,I,4,0.07734,0,-0.67083,1,"833,929","830,831,832,833,834,835,836,926,927,928,929,930,931,932",1053,"1050,1051,1052,1053,1054,1055,1056","833,929",1053,96,1,0.0715350223546944,123,33,0.0417287630402384,,,,0.2153502235469448,0.6997578692493946,289.0,1342,96.0,0.0715350223546944
P0A8V2,6PST,I,5,-0.69778,1,0.01801,0,"453,530","450,451,452,453,454,455,456,527,528,529,530,531,532,533",144,"141,142,143,144,145,146,147","453,530",144,77,3,0.0573770491803278,165,35,0.0581222056631892,0.1073025335320417,0.3178807947019867,144.0,,,,1342,147.33333333333334,0.109786388474913
P0A8V2,6PST,I,6,-0.11216,0,-0.8784,1,"670,700","667,668,669,670,671,672,673,697,698,699,700,701,702,703",796,"793,794,795,796,797,798,799","670,700",796,30,39,0.022354694485842,101,41,0.0655737704918032,,,,0.4068554396423249,0.8504672897196262,546.0,1342,154.51282051282053,0.1151362298903282
P0A8V2,6PST,I,7,-0.70748,1,0.0516,0,"603,655","600,601,602,603,604,605,606,652,653,654,655,656,657,658",591,"588,589,590,591,592,593,594","603,655",591,52,2,0.0387481371087928,83,36,0.0461997019374068,0.4403874813710879,0.9800995024875622,591.0,,,,1342,53.0,0.0394932935916542
P0A8V2,6PST,I,8,-1.52343,2,-0.0986,0,"414,584","411,412,413,414,415,416,417,581,582,583,584,585,586,587","148,403","145,146,147,148,149,150,151,400,401,402,403,404,405,406","414,584","148,403",170,35,0.1266766020864381,306,62,0.059612518628912,0.1102831594634873,0.357487922705314,148.0,,,,1342,129.88571428571427,0.0967851820310836
P0A8V2,6PST,I,9,-1.21515,1,-1.48551,1,"791,1175","788,789,790,791,792,793,794,1172,1173,1174,1175,1176,1177,1178","696,1232","693,694,695,696,697,698,699,1229,1230,1231,1232,1233,1234,1235","791,1175","696,1232",384,34,0.2861400894187779,495,66,0.0789865871833084,0.518628912071535,0.8798988621997471,696.0,0.081967213114754,0.6586826347305389,110.0,1342,464.9411764705882,0.3464539317962654
P0A8V2,6PST,I,10,-0.73433,1,0.79886,1,"599,623","596,597,598,599,600,601,602,620,621,622,623,624,625,626","592,652","589,590,591,592,593,594,595,649,650,651,652,653,654,655","599,623","592,652",24,10,0.0178837555886736,69,49,0.0476900149031296,0.4411326378539493,0.988313856427379,592.0,0.5141579731743666,0.9596662030598052,690.0,1342,29.7,0.0221311475409836
P0A8V2,6PST,I,11,-1.11068,1,1.01177,1,"764,831","761,762,763,764,765,766,767,828,829,830,831,832,833,834","692,1097","689,690,691,692,693,694,695,1094,1095,1096,1097,1098,1099,1100","764,831","692,1097",67,55,0.0499254843517138,159,69,0.0797317436661698,0.5156482861400894,0.9057591623036648,692.0,0.1825633383010432,0.4794520547945205,245.0,1342,152.96363636363637,0.1139818452784175
P0A8V2,6PST,I,12,0.60967,1,0.0311,0,"637,654","634,635,636,637,638,639,640,651,652,653,654,655,656,657",616,"613,614,615,616,617,618,619","637,654",616,17,1,0.0126676602086438,48,27,0.0424739195230998,0.4590163934426229,0.967032967032967,616.0,,,,1342,17.0,0.0126676602086438
P0A8V2,6PST,I,13,0.77454,1,0.02567,0,"347,433","344,345,346,347,348,349,350,430,431,432,433,434,435,436",209,"206,207,208,209,210,211,212","347,433",209,86,10,0.0640834575260804,131,29,0.0514157973174366,0.1557377049180328,0.6023054755043228,209.0,,,,1342,92.5,0.0689269746646795
P0A8V2,6PST,I,14,0.6226,1,0.08769,0,"1066,1096","1063,1064,1065,1066,1067,1068,1069,1093,1094,1095,1096,1097,1098,1099",817,"814,815,816,817,818,819,820","1066,1096",817,30,39,0.022354694485842,83,34,0.059612518628912,0.6087928464977646,0.7664165103189493,817.0,,,,1342,158.48717948717947,0.1180977492452902
P0A8V2,6PST,I,15,0.85496,1,-0.98662,1,"1089,1211","1086,1087,1088,1089,1090,1091,1092,1208,1209,1210,1211,1212,1213,1214","802,1228","799,800,801,802,803,804,805,1225,1226,1227,1228,1229,1230,1231","1089,1211","802,1228",122,23,0.0909090909090909,197,50,0.055886736214605,0.5976154992548435,0.736455463728191,802.0,0.0849478390461997,0.8702290076335878,114.0,1342,127.43478260869566,0.0949588544029028
P0A8Y5,1RKQ,A,1,0.22301,0,-0.81182,1,"81,113","78,79,80,81,82,83,84,110,111,112,113,114,115,116",152,"149,150,151,152,153,154,155","80,112",151,32,20,0.1185185185185185,78,32,0.2444444444444444,,,,0.4407407407407407,0.7531645569620253,119.0,270,69.05,0.2557407407407407
P0A901,1QWD,A,1,-0.79235,1,0.0,0,"60,172","57,58,59,60,61,62,63,169,170,171,172,173,174,175",46,"43,44,45,46,47,48,49","60,172",46,112,9,0.632768361581921,155,35,0.3163841807909605,0.2598870056497175,0.7666666666666667,46.0,,,,177,114.22222222222224,0.6453232893910861
P0A912,1OAP,A,1,0.65942,1,0.0,0,"108,148","105,106,107,108,109,110,111,145,146,147,148,149,150,151",86,"83,84,85,86,87,88,89","129,169",107,40,4,0.2312138728323699,82,43,0.3815028901734104,0.6184971098265896,0.8294573643410853,107.0,,,,173,42.0,0.2427745664739884
P0A935,2AE0,X,1,-0.78261,1,0.00819,0,"129,235","126,127,128,129,130,131,132,232,233,234,235,236,237,238",120,"117,118,119,120,121,122,123","149,255",140,106,1,0.2904109589041095,143,31,0.1780821917808219,0.3835616438356164,0.9395973154362416,140.0,,,,365,106.0,0.2904109589041095
P0A935,2AE0,X,2,-0.02987,0,0.75165,1,"247,262","244,245,246,247,248,249,250,259,260,261,262,263,264,265",296,"293,294,295,296,297,298,299","267,282",316,15,8,0.0410958904109589,56,39,0.1561643835616438,,,,0.1342465753424657,0.5903614457831325,49.0,365,175.5,0.4808219178082192
P0A935,2AE0,X,3,0.74636,1,0.06062,0,"275,309","272,273,274,275,276,277,278,306,307,308,309,310,311,312",259,"256,257,258,259,260,261,262","295,329",279,34,28,0.0931506849315068,93,39,0.2465753424657534,0.7643835616438356,0.9457627118644067,279.0,,,,365,52.42857142857143,0.1436399217221135
P0A935,2AE0,X,4,-0.81671,1,-0.78276,1,"133,184","130,131,132,133,134,135,136,181,182,183,184,185,186,187","120,234","117,118,119,120,121,122,123,231,232,233,234,235,236,237","153,204","140,254",51,31,0.1397260273972602,99,55,0.1835616438356164,0.3835616438356164,0.915032679738562,140.0,0.3041095890410959,0.6894409937888198,111.0,365,72.45161290322581,0.1984975695978789
P0A940,5D0O,A,1,-0.16956,0,-1.2169,1,"540,689","537,538,539,540,541,542,543,686,687,688,689,690,691,692",705,"702,703,704,705,706,707,708","540,689",705,149,4,0.1839506172839506,236,34,0.1,,,,0.1296296296296296,0.8677685950413223,105.0,810,165.5,0.204320987654321
P0A940,5D0O,A,2,-0.21865,0,-0.63685,1,"353,403","350,351,352,353,354,355,356,400,401,402,403,404,405,406",414,"411,412,413,414,415,416,417","353,403",414,50,2,0.0617283950617283,83,32,0.0543209876543209,,,,0.4888888888888889,0.972972972972973,396.0,810,52.5,0.0648148148148148
P0A940,5D0O,A,3,-0.94613,1,0.22043,0,"699,754","696,697,698,699,700,701,702,751,752,753,754,755,756,757",669,"666,667,668,669,670,671,672","699,754",669,55,9,0.0679012345679012,133,41,0.0839506172839506,0.825925925925926,0.9570815450643776,669.0,,,,810,68.88888888888889,0.0850480109739369
P0A940,5D0O,A,4,-0.76229,1,-1.12749,1,"561,677","558,559,560,561,562,563,564,674,675,676,677,678,679,680","540,705","537,538,539,540,541,542,543,702,703,704,705,706,707,708","561,677","540,705",116,20,0.1432098765432098,217,62,0.0975308641975308,0.6666666666666666,0.962566844919786,540.0,0.1296296296296296,0.7894736842105263,105.0,810,127.6,0.1575308641975308
P0A951,6CY6,A,1,0.03267,0,-0.65263,1,"121,143","118,119,120,121,122,123,124,140,141,142,143,144,145,146",162,"159,160,161,162,163,164,165","121,143",162,22,5,0.1182795698924731,45,34,0.2849462365591398,,,,0.1290322580645161,0.5581395348837209,24.0,186,43.0,0.2311827956989247
P0A953,2BUH,B,1,-0.2971,0,-0.6138,1,"163,389","160,161,162,163,164,165,166,386,387,388,389,390,391,392",397,"394,395,396,397,398,399,400","163,389",397,226,1,0.5566502463054187,319,49,0.1970443349753694,,,,0.022167487684729,0.5294117647058824,9.0,406,226.0,0.5566502463054187
P0A953,2BUH,B,2,-0.61232,1,0.4905,0,"229,302","226,227,228,229,230,231,232,299,300,301,302,303,304,305",5,"2,3,4,5,6,7,8","229,302",5,73,18,0.1798029556650246,189,36,0.2216748768472906,0.0123152709359605,0.0218340611353711,5.0,,,,406,102.88888888888889,0.2534209085933224
P0A953,2BUH,B,3,0.68201,1,-0.11377,0,"142,189","139,140,141,142,143,144,145,186,187,188,189,190,191,192",102,"99,100,101,102,103,104,105","142,189",102,47,10,0.1157635467980295,112,51,0.2142857142857142,0.2512315270935961,0.7183098591549296,102.0,,,,406,76.5,0.188423645320197
P0A953,2BUH,B,4,0.80779,1,-0.16068,0,"309,388","306,307,308,309,310,311,312,385,386,387,388,389,390,391",294,"291,292,293,294,295,296,297","309,388",294,79,2,0.1945812807881773,170,30,0.1945812807881773,0.7241379310344828,0.9514563106796116,294.0,,,,406,80.0,0.1970443349753694
P0A955,1EUA,A,1,0.15152,0,0.83597,1,"17,169","14,15,16,17,18,19,20,166,167,168,169,170,171,172",181,"178,179,180,181,182,183,184","17,169",181,152,2,0.7136150234741784,198,35,0.2676056338028169,,,,0.1502347417840375,0.7272727272727273,32.0,213,154.5,0.7253521126760564
P0A955,1EUA,A,2,0.89974,1,-0.2072,0,"41,186","38,39,40,41,42,43,44,183,184,185,186,187,188,189",17,"14,15,16,17,18,19,20","41,186",17,145,26,0.6807511737089202,190,34,0.3051643192488263,0.0798122065727699,0.4146341463414634,17.0,,,,213,163.19230769230768,0.7661610689779703
P0A959,4CVQ,A,1,-0.24262,0,-0.63672,1,"130,368","127,128,129,130,131,132,133,365,366,367,368,369,370,371",376,"373,374,375,376,377,378,379","130,368",376,238,13,0.5876543209876544,355,31,0.1629629629629629,,,,0.0716049382716049,0.7837837837837838,29.0,405,317.0,0.782716049382716
P0A959,4CVQ,A,2,-0.89212,1,0.04638,0,"249,279","246,247,248,249,250,251,252,276,277,278,279,280,281,282",100,"97,98,99,100,101,102,103","249,279",100,30,70,0.074074074074074,75,37,0.1604938271604938,0.2469135802469135,0.4016064257028112,100.0,,,,405,112.11428571428571,0.2768253968253968
P0A959,4CVQ,A,3,-0.06684,0,-1.57825,2,"54,242","51,52,53,54,55,56,57,239,240,241,242,243,244,245","252,282","249,250,251,252,253,254,255,279,280,281,282,283,284,285","54,242","252,282",188,26,0.4641975308641975,265,66,0.2246913580246913,,,,0.3037037037037037,0.754601226993865,123.0,405,169.65384615384616,0.4188983855650522
P0A959,4CVQ,A,4,0.70252,1,0.22792,0,"132,173","129,130,131,132,133,134,135,170,171,172,173,174,175,176",122,"119,120,121,122,123,124,125","132,173",122,41,5,0.1012345679012345,86,36,0.1950617283950617,0.3012345679012346,0.9242424242424242,122.0,,,,405,67.0,0.1654320987654321
P0A962,2P2D,D,1,0.6053,1,-0.14506,0,"41,136","38,39,40,41,42,43,44,133,134,135,136,137,138,139",11,"8,9,10,11,12,13,14","41,136",11,95,1,0.2810650887573964,164,36,0.2248520710059171,0.0325443786982248,0.2682926829268293,11.0,,,,338,95.0,0.2810650887573964
P0A988,3D1G,A,1,0.20751,0,-0.67336,1,"50,196","47,48,49,50,51,52,53,193,194,195,196,197,198,199",232,"229,230,231,232,233,234,235","50,196",232,146,18,0.3989071038251366,232,31,0.1857923497267759,,,,0.366120218579235,0.788235294117647,134.0,366,169.72222222222223,0.4637219186399514
P0A993,2QVR,A,1,-0.05542,0,0.6736,1,"127,243","124,125,126,127,128,129,130,240,241,242,243,244,245,246",255,"252,253,254,255,256,257,258","127,243",255,116,2,0.3493975903614458,209,34,0.253012048192771,,,,0.2319277108433735,0.8651685393258427,77.0,332,123.0,0.3704819277108434
P0A993,2QVR,A,2,0.71841,1,0.05189,0,"220,256","217,218,219,220,221,222,223,253,254,255,256,257,258,259",202,"199,200,201,202,203,204,205","220,256",202,36,30,0.108433734939759,82,32,0.2048192771084337,0.608433734939759,0.9181818181818182,202.0,,,,332,80.86666666666666,0.243574297188755
P0A998,4XGS,C,1,0.62957,1,-0.0307,0,"43,86","40,41,42,43,44,45,46,83,84,85,86,87,88,89",20,"17,18,19,20,21,22,23","43,86",20,43,24,0.2606060606060606,78,28,0.3939393939393939,0.1212121212121212,0.4651162790697674,20.0,,,,165,84.5,0.5121212121212121
P0A9A6,6UNX,A,1,0.60667,1,-0.12147,0,"25,186","22,23,24,25,26,27,28,183,184,185,186,187,188,189",17,"14,15,16,17,18,19,20","25,186",17,161,2,0.4203655352480417,198,38,0.1801566579634465,0.0443864229765013,0.68,17.0,,,,383,161.5,0.4216710182767624
P0A9A6,6UNX,A,2,0.67518,1,0.0,0,"282,310","279,280,281,282,283,284,285,307,308,309,310,311,312,313",265,"262,263,264,265,266,267,268","282,310",265,28,3,0.0731070496083551,82,35,0.2114882506527415,0.6919060052219321,0.9397163120567376,265.0,,,,383,30.0,0.0783289817232376
P0A9C9,3BIH,A,1,0.67889,1,-0.10377,0,"72,82","69,70,71,72,73,74,75,79,80,81,82,83,84,85",49,"46,47,48,49,50,51,52","72,82",49,10,3,0.0297619047619047,37,31,0.1636904761904762,0.1458333333333333,0.6805555555555556,49.0,,,,336,16.0,0.0476190476190476
P0A9C9,3BIH,A,2,0.014,0,0.69049,1,"124,192","121,122,123,124,125,126,127,189,190,191,192,193,194,195",204,"201,202,203,204,205,206,207","124,192",204,68,7,0.2023809523809523,106,31,0.1934523809523809,,,,0.3928571428571428,0.9166666666666666,132.0,336,69.71428571428571,0.2074829931972789
P0A9C9,3BIH,A,3,0.71605,1,0.06799,0,"170,206","167,168,169,170,171,172,173,203,204,205,206,207,208,209",159,"156,157,158,159,160,161,162","170,206",159,36,2,0.1071428571428571,74,37,0.1964285714285714,0.4732142857142857,0.9352941176470588,159.0,,,,336,38.0,0.1130952380952381
P0A9C9,3BIH,A,4,-0.79203,1,0.01643,0,"208,233","205,206,207,208,209,210,211,230,231,232,233,234,235,236",120,"117,118,119,120,121,122,123","208,233",120,25,18,0.0744047619047619,86,34,0.1994047619047619,0.3571428571428571,0.5769230769230769,120.0,,,,336,100.27777777777776,0.2984457671957671
P0A9E0,2ARC,B,1,-0.73211,1,0.14562,0,"65,85","62,63,64,65,66,67,68,82,83,84,85,86,87,88",55,"52,53,54,55,56,57,58","65,85",55,20,44,0.0684931506849315,69,31,0.1575342465753424,0.1883561643835616,0.8461538461538461,55.0,,,,292,45.86363636363637,0.1570672478206725
P0A9G6,1IGW,C,1,-0.06344,0,0.78436,1,"27,214","24,25,26,27,28,29,30,211,212,213,214,215,216,217",220,"217,218,219,220,221,222,223","27,214",220,187,2,0.4308755760368664,253,27,0.1359447004608295,,,,0.4930875576036866,0.9727272727272728,214.0,434,187.5,0.4320276497695852
P0A9G6,1IGW,C,2,-0.0246,0,0.9745,1,"45,125","42,43,44,45,46,47,48,122,123,124,125,126,127,128",154,"151,152,153,154,155,156,157","45,125",154,80,2,0.184331797235023,133,37,0.1566820276497695,,,,0.6451612903225806,0.906148867313916,280.0,434,82.0,0.1889400921658986
P0A9G6,1IGW,C,3,0.0603,0,0.97616,1,"67,337","64,65,66,67,68,69,70,334,335,336,337,338,339,340",348,"345,346,347,348,349,350,351","67,337",348,270,5,0.6221198156682027,322,35,0.1382488479262673,,,,0.1981566820276497,0.8865979381443299,86.0,434,273.6,0.6304147465437788
P0A9G6,1IGW,C,4,0.79564,1,-0.00489,0,"98,355","95,96,97,98,99,100,101,352,353,354,355,356,357,358",91,"88,89,90,91,92,93,94","98,355",91,257,22,0.5921658986175116,320,39,0.152073732718894,0.2096774193548387,0.9285714285714286,91.0,,,,434,283.45454545454544,0.6531210724759111
P0A9G8,1B9N,A,1,0.09704,0,-0.61907,1,"189,219","186,187,188,189,190,191,192,216,217,218,219,220,221,222",248,"245,246,247,248,249,250,251","189,219",248,30,42,0.1145038167938931,60,32,0.2557251908396946,,,,0.0534351145038167,0.3255813953488372,14.0,262,67.85714285714286,0.2589967284623773
P0A9H1,1MUG,A,1,0.0,0,0.84863,1,"2,19","-1,0,1,2,3,4,5,16,17,18,19,20,21,22",66,"63,64,65,66,67,68,69","2,19",66,17,12,0.1011904761904761,61,37,0.3928571428571428,,,,0.6071428571428571,0.6845637583892618,102.0,168,28.166666666666668,0.1676587301587301
P0A9H1,1MUG,A,2,0.80296,1,0.2195,0,"37,107","34,35,36,37,38,39,40,104,105,106,107,108,109,110",14,"11,12,13,14,15,16,17","37,107",14,70,32,0.4166666666666667,126,33,0.4523809523809524,0.0833333333333333,0.3783783783783784,14.0,,,,168,107.6875,0.6409970238095238
P0A9H3,3N75,A,1,-0.06468,0,-0.95506,1,"208,363","205,206,207,208,209,210,211,360,361,362,363,364,365,366",379,"376,377,378,379,380,381,382","208,363",379,155,2,0.2167832167832167,239,41,0.1034965034965035,,,,0.4699300699300699,0.9545454545454546,336.0,715,158.0,0.2209790209790209
P0A9H3,3N75,A,2,-0.87134,1,-0.75455,0,"270,654","267,268,269,270,271,272,273,651,652,653,654,655,656,657",217,"214,215,216,217,218,219,220","270,654",217,384,2,0.5370629370629371,500,31,0.1132867132867132,0.3034965034965035,0.8037037037037037,217.0,,,,715,393.0,0.5496503496503496
P0A9H3,3N75,A,3,-0.78595,1,-0.73158,1,"333,526","330,331,332,333,334,335,336,523,524,525,526,527,528,529","216,533","213,214,215,216,217,218,219,530,531,532,533,534,535,536","333,526","216,533",193,2,0.2699300699300699,305,66,0.151048951048951,0.3020979020979021,0.6486486486486487,216.0,0.2545454545454545,0.9629629629629628,182.0,715,205.5,0.2874125874125874
P0A9H3,3N75,A,4,-0.80768,1,-0.6615,1,"527,654","524,525,526,527,528,529,530,651,652,653,654,655,656,657","511,661","508,509,510,511,512,513,514,658,659,660,661,662,663,664","527,654","511,661",127,9,0.1776223776223776,226,68,0.1314685314685314,0.7146853146853147,0.969639468690702,511.0,0.0755244755244755,0.8852459016393442,54.0,715,73.33333333333333,0.1025641025641025
P0A9H3,3N75,A,5,-0.62997,1,-0.68698,1,"309,454","306,307,308,309,310,311,312,451,452,453,454,455,456,457","215,489","212,213,214,215,216,217,218,486,487,488,489,490,491,492","309,454","215,489",145,106,0.2027972027972027,243,68,0.1398601398601398,0.3006993006993007,0.6957928802588996,215.0,0.316083916083916,0.8659003831417624,226.0,715,199.10377358490567,0.2784668162026653
P0A9H3,3N75,A,6,0.6504,1,0.21557,0,"248,302","245,246,247,248,249,250,251,299,300,301,302,303,304,305",238,"235,236,237,238,239,240,241","248,302",238,54,3,0.0755244755244755,122,33,0.0993006993006993,0.3328671328671329,0.9596774193548387,238.0,,,,715,85.33333333333333,0.1193473193473193
P0A9J4,1YJQ,A,1,0.63811,1,0.06288,0,"218,267","215,216,217,218,219,220,221,264,265,266,267,268,269,270",180,"177,178,179,180,181,182,183","218,267",180,49,21,0.1617161716171617,104,34,0.2046204620462046,0.594059405940594,0.8256880733944955,180.0,,,,303,63.0,0.2079207920792079
P0A9J6,1RK2,B,1,0.65732,1,0.20881,0,"43,141","40,41,42,43,44,45,46,138,139,140,141,142,143,144",10,"7,8,9,10,11,12,13","43,141",10,98,5,0.3171521035598705,171,43,0.255663430420712,0.0323624595469255,0.2325581395348837,10.0,,,,309,215.6,0.6977346278317151
P0A9J6,1RK2,B,2,0.6659,3,-0.09433,0,"77,292","74,75,76,77,78,79,80,289,290,291,292,293,294,295","12,43,63","9,10,11,12,13,14,15,40,41,42,43,44,45,46,60,61,62,63,64,65,66","77,292","12,43,63",215,2,0.6957928802588996,280,78,0.3365695792880259,0.0388349514563106,0.1558441558441558,12.0,,,,309,216.0,0.6990291262135923
P0A9M0,3LJC,A,1,0.11573,0,-0.74052,1,"26,78","23,24,25,26,27,28,29,75,76,77,78,79,80,81",92,"89,90,91,92,93,94,95","26,78",92,52,1,0.0663265306122449,92,33,0.0548469387755102,,,,0.8826530612244898,0.980169971671388,692.0,784,52.0,0.0663265306122449
P0A9M0,3LJC,A,2,0.60071,1,-0.22805,0,"35,62","32,33,34,35,36,37,38,59,60,61,62,63,64,65",14,"11,12,13,14,15,16,17","35,62",14,27,4,0.034438775510204,58,32,0.072704081632653,0.0178571428571428,0.4,14.0,,,,784,28.5,0.0363520408163265
P0A9M2,5KNX,B,1,0.78035,1,0.27331,0,"56,102","53,54,55,56,57,58,59,99,100,101,102,103,104,105",43,"40,41,42,43,44,45,46","52,98",39,46,16,0.2584269662921348,88,32,0.3595505617977528,0.2191011235955056,0.75,39.0,,,,178,84.375,0.4740168539325842
P0A9M5,4JIT,B,1,0.63723,1,0.11481,0,"46,85","43,44,45,46,47,48,49,82,83,84,85,86,87,88",33,"30,31,32,33,34,35,36","46,85",33,39,8,0.2565789473684211,72,32,0.3947368421052631,0.2171052631578947,0.717391304347826,33.0,,,,152,60.125,0.3955592105263157
P0A9N4,3C8F,A,1,-0.62377,1,0.08194,0,"21,101","18,19,20,21,22,23,24,98,99,100,101,102,103,104",6,"3,4,5,6,7,8,9","22,102",7,80,2,0.3252032520325203,130,29,0.3048780487804878,0.0284552845528455,0.3181818181818182,7.0,,,,246,80.5,0.3272357723577235
P0A9N4,3C8F,A,2,0.74432,1,0.15975,0,"141,173","138,139,140,141,142,143,144,170,171,172,173,174,175,176",129,"126,127,128,129,130,131,132","142,174",130,32,2,0.1300813008130081,78,36,0.2642276422764227,0.5284552845528455,0.9154929577464788,130.0,,,,246,32.5,0.1321138211382113
P0A9P0,4JDR,B,1,0.72538,1,0.01553,0,"25,142","22,23,24,25,26,27,28,139,140,141,142,143,144,145",11,"8,9,10,11,12,13,14","25,142",11,117,4,0.2468354430379747,176,39,0.1476793248945147,0.0232067510548523,0.44,11.0,,,,474,167.75,0.3539029535864978
P0A9P0,4JDR,B,2,-0.07076,0,0.9636,1,"155,181","152,153,154,155,156,157,158,178,179,180,181,182,183,184",267,"264,265,266,267,268,269,270","155,181",267,26,18,0.0548523206751054,68,36,0.1371308016877637,,,,0.4367088607594936,0.7064846416382252,207.0,474,78.77777777777777,0.1661978434130332
P0A9P0,4JDR,B,3,0.89699,1,0.01771,0,"190,268","187,188,189,190,191,192,193,265,266,267,268,269,270,271",179,"176,177,178,179,180,181,182","190,268",179,78,8,0.1645569620253164,131,31,0.1371308016877637,0.3776371308016877,0.9421052631578948,179.0,,,,474,122.375,0.2581751054852321
P0A9P0,4JDR,B,4,0.9437,1,0.03459,0,"229,354","226,227,228,229,230,231,232,351,352,353,354,355,356,357",204,"201,202,203,204,205,206,207","229,354",204,125,37,0.2637130801687763,216,34,0.1476793248945147,0.430379746835443,0.8908296943231441,204.0,,,,474,157.94594594594594,0.3332192952446117
P0A9P4,1F6M,B,1,0.71012,1,-0.0108,0,"42,114","39,40,41,42,43,44,45,111,112,113,114,115,116,117",34,"31,32,33,34,35,36,37","43,115",35,72,22,0.2242990654205607,138,33,0.2398753894080997,0.1090342679127725,0.813953488372093,35.0,,,,321,232.3636363636364,0.723874256584537
P0A9P4,1F6M,B,2,0.0,0,0.70727,1,"5,93","2,3,4,5,6,7,8,90,91,92,93,94,95,96",104,"101,102,103,104,105,106,107","6,94",105,88,1,0.2741433021806853,132,33,0.146417445482866,,,,0.6728971962616822,0.9515418502202644,216.0,321,88.0,0.2741433021806853
P0A9P4,1F6M,B,3,-0.02907,0,0.98138,1,"119,151","116,117,118,119,120,121,122,148,149,150,151,152,153,154",239,"236,237,238,239,240,241,242","120,152",240,32,20,0.0996884735202492,72,38,0.2180685358255451,,,,0.2523364485981308,0.4792899408284023,81.0,321,83.2,0.259190031152648
P0A9P4,1F6M,B,4,0.87188,1,-0.00533,0,"164,240","161,162,163,164,165,166,167,237,238,239,240,241,242,243",149,"146,147,148,149,150,151,152","165,241",150,76,3,0.2367601246105919,113,38,0.2024922118380062,0.4672897196261682,0.9090909090909092,150.0,,,,321,80.33333333333333,0.2502596053997923
P0A9P6,5GI4,B,1,0.687,1,-0.02438,0,"239,371","236,237,238,239,240,241,242,368,369,370,371,372,373,374",223,"220,221,222,223,224,225,226","239,371",223,132,26,0.2098569157392686,157,31,0.0890302066772655,0.3545310015898251,0.9330543933054394,223.0,,,,629,150.15384615384616,0.2387183563654152
P0A9P6,5GI4,B,2,0.05467,0,0.67264,1,"247,291","244,245,246,247,248,249,250,288,289,290,291,292,293,294",299,"296,297,298,299,300,301,302","247,291",299,44,1,0.0699523052464228,77,39,0.0937996820349761,,,,0.5246422893481717,0.9763313609467456,330.0,629,44.0,0.0699523052464228
P0A9P6,5GI4,B,3,0.78522,1,0.18505,0,"261,320","258,259,260,261,262,263,264,317,318,319,320,321,322,323",250,"247,248,249,250,251,252,253","261,320",250,59,3,0.0937996820349761,98,33,0.1096979332273449,0.397456279809221,0.9578544061302682,250.0,,,,629,61.0,0.0969793322734499
P0A9P6,5GI4,B,4,0.0,0,1.11883,1,"222,329","219,220,221,222,223,224,225,326,327,328,329,330,331,332",346,"343,344,345,346,347,348,349","222,329",346,107,8,0.1701112877583465,145,36,0.0969793322734499,,,,0.4499205087440381,0.9433333333333334,283.0,629,115.25,0.1832273449920508
P0A9Q7,6SCG,A,1,0.0,0,-0.67157,1,"452,666","449,450,451,452,453,454,455,663,664,665,666,667,668,669",713,"710,711,712,713,714,715,716","452,666",713,214,3,0.2401795735129068,271,41,0.0695847362514029,,,,0.1997755331088664,0.7911111111111111,178.0,891,215.33333333333331,0.2416760194537972
P0A9Q7,6SCG,A,2,0.0,0,0.72016,1,"453,576","450,451,452,453,454,455,456,573,574,575,576,577,578,579",593,"590,591,592,593,594,595,596","453,576",593,123,1,0.138047138047138,184,39,0.0875420875420875,,,,0.3344556677890011,0.946031746031746,298.0,891,123.0,0.138047138047138
P0A9Q7,6SCG,A,3,0.31921,0,0.63672,1,"576,608","573,574,575,576,577,578,579,605,606,607,608,609,610,611",624,"621,622,623,624,625,626,627","576,608",624,32,6,0.0359147025813692,95,28,0.0650953984287317,,,,0.2996632996632997,0.9434628975265018,267.0,891,132.0,0.1481481481481481
P0A9Q7,6SCG,A,4,0.64436,1,0.35999,0,"503,541","500,501,502,503,504,505,506,538,539,540,541,542,543,544",482,"479,480,481,482,483,484,485","503,541",482,38,9,0.0426487093153759,82,38,0.0751964085297418,0.5409652076318743,0.9582504970178928,482.0,,,,891,82.66666666666667,0.0927796483352039
P0A9Q9,1GL3,A,1,0.79058,1,0.01591,0,"118,252","115,116,117,118,119,120,121,249,250,251,252,253,254,255",109,"106,107,108,109,110,111,112","118,252",109,134,2,0.3651226158038147,216,33,0.1525885558583106,0.2970027247956403,0.923728813559322,109.0,,,,367,135.0,0.3678474114441417
P0A9R4,1I7H,A,1,0.04293,0,-0.85851,1,"52,73","49,50,51,52,53,54,55,70,71,72,73,74,75,76",83,"80,81,82,83,84,85,86","52,73",83,21,18,0.1891891891891892,53,28,0.5045045045045045,,,,0.2522522522522522,0.7368421052631579,28.0,111,26.166666666666668,0.2357357357357357
P0A9S1,2BL4,A,1,0.0,0,0.80616,1,"9,147","6,7,8,9,10,11,12,144,145,146,147,148,149,150",174,"171,172,173,174,175,176,177","8,146",173,138,6,0.3612565445026178,194,37,0.1675392670157068,,,,0.5471204188481675,0.885593220338983,209.0,382,141.0,0.369109947643979
P0A9S1,2BL4,A,2,0.63681,1,-0.12142,0,"296,367","293,294,295,296,297,298,299,364,365,366,367,368,369,370",285,"282,283,284,285,286,287,288","295,366",284,71,3,0.1858638743455497,133,37,0.1963350785340314,0.743455497382199,0.9627118644067796,284.0,,,,382,72.0,0.1884816753926701
P0A9S1,2BL4,A,3,0.66011,1,0.3463,0,"55,93","52,53,54,55,56,57,58,90,91,92,93,94,95,96",34,"31,32,33,34,35,36,37","54,92",33,38,10,0.0994764397905759,83,38,0.1727748691099476,0.0863874345549738,0.6111111111111112,33.0,,,,382,88.8,0.2324607329842931
P0A9S1,2BL4,A,4,0.0,0,-0.66871,1,"6,213","3,4,5,6,7,8,9,210,211,212,213,214,215,216",253,"250,251,252,253,254,255,256","5,212",252,207,2,0.5418848167539267,273,40,0.1623036649214659,,,,0.3403141361256545,0.7647058823529411,130.0,382,209.0,0.5471204188481675
P0A9S1,2BL4,A,5,-0.60269,1,0.08019,0,"226,306","223,224,225,226,227,228,229,303,304,305,306,307,308,309",200,"197,198,199,200,201,202,203","225,305",199,80,9,0.2094240837696335,193,39,0.1963350785340314,0.5209424083769634,0.8844444444444445,199.0,,,,382,83.44444444444444,0.2184409540430482
P0A9S3,4UEJ,A,1,0.70792,1,0.19284,0,"176,234","173,174,175,176,177,178,179,231,232,233,234,235,236,237",164,"161,162,163,164,165,166,167","176,234",164,58,2,0.1676300578034682,101,37,0.2167630057803468,0.4739884393063583,0.9318181818181818,164.0,,,,346,60.5,0.1748554913294797
P0A9S3,4UEJ,A,2,-0.94592,3,0.18632,0,"119,323","116,117,118,119,120,121,122,320,321,322,323,324,325,326","34,60,83","31,32,33,34,35,36,37,57,58,59,60,61,62,63,80,81,82,83,84,85,86","119,323","34,60,83",204,22,0.5895953757225434,263,76,0.2976878612716763,0.0982658959537572,0.2857142857142857,34.0,,,,346,197.9090909090909,0.571991592222806
P0A9S5,5ZXL,B,1,0.48951,0,-0.82005,1,"142,190","139,140,141,142,143,144,145,187,188,189,190,191,192,193",248,"245,246,247,248,249,250,251","142,190",248,48,20,0.1307901907356948,137,42,0.1880108991825613,,,,0.3242506811989101,0.672316384180791,119.0,367,176.95,0.4821525885558583
P0A9S5,5ZXL,B,2,-0.61952,1,-0.02778,0,"218,303","215,216,217,218,219,220,221,300,301,302,303,304,305,306",171,"168,169,170,171,172,173,174","218,303",171,85,6,0.2316076294277929,183,36,0.2043596730245231,0.4659400544959128,0.7844036697247706,171.0,,,,367,88.0,0.2397820163487738
P0A9S5,5ZXL,B,3,0.0,0,0.74387,1,"11,124","8,9,10,11,12,13,14,121,122,123,124,125,126,127",150,"147,148,149,150,151,152,153","11,124",150,113,2,0.3079019073569482,164,37,0.1825613079019073,,,,0.5912806539509536,0.8930041152263375,217.0,367,114.5,0.3119891008174387
P0A9S5,5ZXL,B,4,0.6387,1,0.29959,0,"52,89","49,50,51,52,53,54,55,86,87,88,89,90,91,92",32,"29,30,31,32,33,34,35","52,89",32,37,6,0.1008174386920981,82,36,0.1880108991825613,0.0871934604904632,0.6153846153846154,32.0,,,,367,64.83333333333333,0.1766575840145322
P0A9T0,1PSD,A,1,0.70851,1,0.21474,0,"166,208","163,164,165,166,167,168,169,205,206,207,208,209,210,211",154,"151,152,153,154,155,156,157","166,208",154,42,4,0.1024390243902439,76,34,0.1634146341463414,0.375609756097561,0.927710843373494,154.0,,,,410,45.25,0.1103658536585365
P0A9T0,1PSD,A,2,-0.07555,0,-0.82436,1,"332,367","329,330,331,332,333,334,335,364,365,366,367,368,369,370",381,"378,379,380,381,382,383,384","332,367",381,35,11,0.0853658536585365,76,35,0.1219512195121951,,,,0.0707317073170731,0.6744186046511628,29.0,410,40.0,0.0975609756097561
P0A9T4,1LQA,A,1,-0.02633,0,0.7937,1,"15,297","12,13,14,15,16,17,18,294,295,296,297,298,299,300",306,"303,304,305,306,307,308,309","15,297",306,282,1,0.815028901734104,328,39,0.1994219653179191,,,,0.1156069364161849,0.8163265306122449,40.0,346,282.0,0.815028901734104
P0A9T4,1LQA,A,2,1.11927,1,0.0828,0,"96,261","93,94,95,96,97,98,99,258,259,260,261,262,263,264",88,"85,86,87,88,89,90,91","96,261",88,165,1,0.476878612716763,231,37,0.1965317919075144,0.2543352601156069,0.9166666666666666,88.0,,,,346,165.0,0.476878612716763
P0A9T4,1LQA,A,3,0.78745,1,-0.06787,0,"44,307","41,42,43,44,45,46,47,304,305,306,307,308,309,310",17,"14,15,16,17,18,19,20","44,307",17,263,16,0.7601156069364162,316,37,0.1878612716763005,0.0491329479768786,0.3863636363636363,17.0,,,,346,276.875,0.8002167630057804
P0A9V1,6MGF,A,1,0.03567,0,0.76378,1,"31,180","28,29,30,31,32,33,34,177,178,179,180,181,182,183",190,"187,188,189,190,191,192,193","31,180",190,149,5,0.6182572614107884,200,36,0.2448132780082987,,,,0.2116182572614107,0.8360655737704918,51.0,241,152.2,0.6315352697095435
P0A9W3,4FIN,A,1,0.07406,0,0.67312,1,"351,487","348,349,350,351,352,353,354,484,485,486,487,488,489,490",494,"491,492,493,494,495,496,497","351,487",494,136,1,0.245045045045045,202,37,0.1423423423423423,,,,0.1099099099099099,0.8970588235294118,61.0,555,136.0,0.245045045045045
P0A9W3,4FIN,A,2,0.78886,1,-0.13717,0,"495,512","492,493,494,495,496,497,498,509,510,511,512,513,514,515",352,"349,350,351,352,353,354,355","495,512",352,17,5,0.0306306306306306,59,37,0.1297297297297297,0.6342342342342342,0.7111111111111111,352.0,,,,555,123.6,0.2227027027027027
P0A9Z1,2PII,A,1,0.0,0,-0.79504,1,"7,33","4,5,6,7,8,9,10,30,31,32,33,34,35,36",59,"56,57,58,59,60,61,62","7,33",59,26,1,0.2321428571428571,50,29,0.4107142857142857,,,,0.4732142857142857,0.6708860759493671,53.0,112,26.0,0.2321428571428571
P0A9Z1,2PII,A,2,-0.64163,1,0.169,0,"58,87","55,56,57,58,59,60,61,84,85,86,87,88,89,90",8,"5,6,7,8,9,10,11","58,87",8,29,6,0.2589285714285714,68,27,0.4375,0.0714285714285714,0.1379310344827586,8.0,,,,112,45.16666666666666,0.4032738095238095
P0AA10,6XZ7,J,1,0.81365,1,0.0,0,"35,140","32,33,34,35,36,37,38,137,138,139,140,141,142,143",16,"13,14,15,16,17,18,19","35,140",16,105,4,0.7394366197183099,135,29,0.3873239436619718,0.1126760563380281,0.4571428571428571,16.0,,,,142,112.25,0.7904929577464789
P0AA25,6LUR,D,1,0.0,0,0.83262,1,"348,386","345,346,347,348,349,350,351,383,384,385,386,387,388,389",400,"397,398,399,400,401,402,403","5,43",57,38,5,0.3486238532110092,77,35,0.5137614678899083,,,,0.4770642201834862,0.7878787878787878,52.0,109,41.2,0.3779816513761468
P0AA25,6LUR,D,2,0.73762,1,-0.14392,0,"397,424","394,395,396,397,398,399,400,421,422,423,424,425,426,427",369,"366,367,368,369,370,371,372","54,81",26,27,26,0.2477064220183486,66,35,0.5596330275229358,0.2385321100917431,0.4814814814814814,26.0,,,,109,50.69230769230769,0.4650670430486944
P0AA37,2I82,A,1,0.01376,0,-0.74444,1,"90,136","87,88,89,90,91,92,93,133,134,135,136,137,138,139",155,"152,153,154,155,156,157,158","90,136",155,46,1,0.2100456621004566,96,31,0.273972602739726,,,,0.2922374429223744,0.7710843373493976,64.0,219,46.0,0.2100456621004566
P0AA37,2I82,A,2,-0.8339,1,0.13598,0,"149,176","146,147,148,149,150,151,152,173,174,175,176,177,178,179",100,"97,98,99,100,101,102,103","149,176",100,27,17,0.1232876712328767,78,32,0.2694063926940639,0.45662100456621,0.6711409395973155,100.0,,,,219,46.88235294117647,0.2140746709642761
P0AA39,1XPI,A,1,-0.8834,1,0.16269,0,"207,241","204,205,206,207,208,209,210,238,239,240,241,242,243,244",194,"191,192,193,194,195,196,197","207,241",194,34,35,0.1065830721003134,72,32,0.1598746081504702,0.6081504702194357,0.9371980676328504,194.0,,,,319,59.22857142857143,0.1856695029108822
P0AA43,1KSK,A,1,0.67633,1,-0.2095,0,"80,103","77,78,79,80,81,82,83,100,101,102,103,104,105,106",71,"68,69,70,71,72,73,74","80,103",71,23,5,0.0995670995670995,50,28,0.1818181818181818,0.3073593073593073,0.8875,71.0,,,,231,109.8,0.4753246753246753
P0AA43,1KSK,A,2,-0.629,1,-0.02234,0,"177,204","174,175,176,177,178,179,180,201,202,203,204,205,206,207",130,"127,128,129,130,131,132,133","177,204",130,27,2,0.1168831168831168,67,30,0.2424242424242424,0.5627705627705628,0.7344632768361582,130.0,,,,231,27.5,0.119047619047619
P0AA86,3K8N,A,1,-0.09892,0,1.04947,2,"53,76","50,51,52,53,54,55,56,73,74,75,76,77,78,79","102,126","99,100,101,102,103,104,105,123,124,125,126,127,128,129","53,76","102,126",23,1,0.1243243243243243,67,43,0.3621621621621622,,,,0.3189189189189189,0.5412844036697247,59.0,185,23.0,0.1243243243243243
P0AA86,3K8N,A,2,-0.13238,0,0.69131,1,"53,104","50,51,52,53,54,55,56,101,102,103,104,105,106,107",125,"122,123,124,125,126,127,128","53,104",125,51,9,0.2756756756756757,104,31,0.2972972972972973,,,,0.3243243243243243,0.7407407407407407,60.0,185,57.66666666666666,0.3117117117117117
P0AA86,3K8N,A,3,0.78637,1,-0.05036,0,"86,144","83,84,85,86,87,88,89,141,142,143,144,145,146,147",75,"72,73,74,75,76,77,78","86,144",75,58,21,0.3135135135135135,95,35,0.3405405405405405,0.4054054054054054,0.872093023255814,75.0,,,,185,72.95238095238095,0.3943371943371943
P0AA89,4ZVF,A,1,0.04236,0,-0.72248,1,"316,369","313,314,315,316,317,318,319,366,367,368,369,370,371,372",381,"378,379,380,381,382,383,384","316,369",381,53,18,0.1152173913043478,103,31,0.1217391304347826,,,,0.1717391304347826,0.8681318681318682,79.0,460,63.94444444444444,0.1390096618357487
P0AA89,4ZVF,A,2,-0.85505,1,-0.115,0,"379,435","376,377,378,379,380,381,382,432,433,434,435,436,437,438",329,"326,327,328,329,330,331,332","379,435",329,56,2,0.1217391304347826,107,40,0.1413043478260869,0.7152173913043478,0.8680738786279684,329.0,,,,460,59.0,0.1282608695652174
P0AAB4,5M1E,A,1,-1.51217,3,-0.02526,0,"291,327","288,289,290,291,292,293,294,324,325,326,327,328,329,330","159,180,190","156,157,158,159,160,161,162,177,178,179,180,181,182,183,187,188,189,190,191,192,193","291,327","159,180,190",36,15,0.0724346076458752,107,66,0.2112676056338028,0.3199195171026157,0.5463917525773195,159.0,,,,497,42.66666666666666,0.0858484238765928
P0AAB4,5M1E,A,2,-1.47325,1,-1.01439,1,"294,440","291,292,293,294,295,296,297,437,438,439,440,441,442,443","159,451","156,157,158,159,160,161,162,448,449,450,451,452,453,454","294,440","159,451",146,12,0.2937625754527163,248,68,0.193158953722334,0.3199195171026157,0.5408163265306123,159.0,0.0925553319919517,0.8070175438596491,46.0,497,56.66666666666666,0.1140174379610999
P0AAB4,5M1E,A,3,-0.04821,0,-0.76828,1,"188,281","185,186,187,188,189,190,191,278,279,280,281,282,283,284",304,"301,302,303,304,305,306,307","188,281",304,93,60,0.187122736418511,159,34,0.1066398390342052,,,,0.3883299798792756,0.8935185185185185,193.0,497,125.71666666666668,0.2529510395707579
P0AAB4,5M1E,A,4,-1.09709,1,-0.30447,0,"176,227","173,174,175,176,177,178,179,224,225,226,227,228,229,230",163,"160,161,162,163,164,165,166","176,227",163,51,20,0.1026156941649899,124,38,0.1509054325955734,0.3279678068410462,0.9261363636363636,163.0,,,,497,67.25,0.1353118712273641
P0AAB4,5M1E,A,5,-0.68473,1,-0.001,0,"229,332","226,227,228,229,230,231,232,329,330,331,332,333,334,335",219,"216,217,218,219,220,221,222","229,332",219,103,3,0.2072434607645875,206,37,0.1810865191146881,0.4406438631790744,0.9563318777292577,219.0,,,,497,104.33333333333331,0.209926224010731
P0AAC8,1R94,B,1,-0.7109,1,-0.01593,0,"40,71","37,38,39,40,41,42,43,68,69,70,71,72,73,74",28,"25,26,27,28,29,30,31","40,71",28,31,8,0.2897196261682243,55,31,0.4766355140186916,0.2616822429906542,0.7,28.0,,,,107,38.75,0.3621495327102804
P0AAI3,1LV7,A,1,0.01707,0,0.88248,1,"190,285","187,188,189,190,191,192,193,282,283,284,285,286,287,288",297,"294,295,296,297,298,299,300","187,282",294,95,5,0.1475155279503105,152,40,0.1055900621118012,,,,0.5434782608695652,0.9668508287292816,350.0,644,98.0,0.1521739130434782
P0AAI5,6OLT,A,1,0.83946,1,-0.08814,0,"314,396","311,312,313,314,315,316,317,393,394,395,396,397,398,399",300,"297,298,299,300,301,302,303","315,397",301,82,5,0.198547215496368,171,35,0.2009685230024213,0.7288135593220338,0.9555555555555556,301.0,,,,413,85.8,0.2077481840193704
P0AAI5,6OLT,A,2,0.61374,1,-0.02026,0,"152,186","149,150,151,152,153,154,155,183,184,185,186,187,188,189",100,"97,98,99,100,101,102,103","153,187",101,34,6,0.0823244552058111,94,37,0.1743341404358353,0.2445520581113801,0.6601307189542484,101.0,,,,413,68.83333333333333,0.1666666666666666
P0AAI5,6OLT,A,3,0.0,0,-0.83243,1,"3,99","0,1,2,3,4,5,6,96,97,98,99,100,101,102",240,"237,238,239,240,241,242,243","4,100",241,96,3,0.2324455205811138,189,44,0.1912832929782082,,,,0.4164648910411622,0.549520766773163,172.0,413,151.66666666666666,0.3672316384180791
P0AAI5,6OLT,A,4,-0.73185,1,0.66139,0,"229,305","226,227,228,229,230,231,232,302,303,304,305,306,307,308",5,"2,3,4,5,6,7,8","230,306",6,76,82,0.1840193704600484,198,32,0.2300242130750605,0.0145278450363196,0.0260869565217391,6.0,,,,413,140.0,0.3389830508474576
P0AAI9,2G2O,A,1,0.07339,0,-1.65515,2,"91,160","88,89,90,91,92,93,94,157,158,159,160,161,162,163","170,199","167,168,169,170,171,172,173,196,197,198,199,200,201,202","91,160","170,199",69,3,0.2233009708737864,158,58,0.3300970873786408,,,,0.3559870550161812,0.738255033557047,110.0,309,55.66666666666666,0.1801510248112189
P0AAI9,2G2O,A,2,-0.79858,1,-0.00857,0,"168,194","165,166,167,168,169,170,171,191,192,193,194,195,196,197",133,"130,131,132,133,134,135,136","168,194",133,26,39,0.0841423948220064,65,39,0.1941747572815534,0.43042071197411,0.7916666666666666,133.0,,,,309,76.43589743589743,0.2473653638702182
P0AAJ3,1KQF,B,1,-0.69458,1,-0.12342,0,"162,223","159,160,161,162,163,164,165,220,221,222,223,224,225,226",31,"28,29,30,31,32,33,34","162,223",31,61,44,0.2074829931972789,106,32,0.2619047619047619,0.1054421768707483,0.191358024691358,31.0,,,,294,131.47727272727272,0.4472016079158936
P0AAR3,2DXA,A,1,-0.72869,1,0.17693,0,"59,87","56,57,58,59,60,61,62,84,85,86,87,88,89,90",50,"47,48,49,50,51,52,53","59,87",50,28,24,0.1761006289308176,66,34,0.320754716981132,0.3144654088050314,0.847457627118644,50.0,,,,159,57.583333333333336,0.3621593291404612
P0AAV8,6OTV,B,1,-0.17129,0,-0.62126,1,"156,321","153,154,155,156,157,158,159,318,319,320,321,322,323,324",342,"339,340,341,342,343,344,345","150,315",336,165,2,0.4714285714285714,210,37,0.1971428571428571,,,,0.04,0.4,14.0,350,165.5,0.4728571428571428
P0AAV8,6OTV,B,2,-0.14465,0,0.60835,1,"19,158","16,17,18,19,20,21,22,155,156,157,158,159,160,161",343,"340,341,342,343,344,345,346","13,152",337,139,3,0.3971428571428571,182,34,0.1828571428571428,,,,0.0371428571428571,0.0656565656565656,13.0,350,142.33333333333334,0.4066666666666667
P0AAZ4,3PVS,D,1,0.03498,0,0.77534,1,"52,130","49,50,51,52,53,54,55,127,128,129,130,131,132,133",138,"135,136,137,138,139,140,141","52,130",138,78,1,0.174496644295302,128,40,0.145413870246085,,,,0.6912751677852349,0.9747634069400632,309.0,447,78.0,0.174496644295302
P0AAZ4,3PVS,D,2,0.66574,1,0.03933,0,"63,162","60,61,62,63,64,65,66,159,160,161,162,163,164,165",54,"51,52,53,54,55,56,57","63,162",54,99,2,0.2214765100671141,128,34,0.1387024608501118,0.1208053691275167,0.8571428571428571,54.0,,,,447,99.5,0.2225950782997763
P0AB71,1DOS,A,1,0.0,0,1.05122,1,"11,93","8,9,10,11,12,13,14,90,91,92,93,94,95,96",104,"101,102,103,104,105,106,107","12,94",105,82,6,0.2284122562674094,152,39,0.1754874651810584,,,,0.7075208913649025,0.958490566037736,254.0,359,85.83333333333333,0.2390900649953574
P0AB71,1DOS,A,2,1.07255,1,0.0,0,"103,358","100,101,102,103,104,105,106,355,356,357,358,359,360,361",34,"31,32,33,34,35,36,37","104,359",35,255,35,0.7103064066852368,314,39,0.2395543175487465,0.0974930362116991,0.3365384615384615,35.0,,,,359,295.9714285714286,0.824432948666932
P0AB74,1GVF,B,1,0.0,0,1.13137,1,"3,63","0,1,2,3,4,5,6,60,61,62,63,64,65,66",77,"74,75,76,77,78,79,80","3,63",77,60,4,0.2097902097902098,116,32,0.1923076923076923,,,,0.7307692307692307,0.937219730941704,209.0,286,63.75,0.2229020979020979
P0AB77,1FC4,B,1,-1.00354,1,0.04885,0,"251,277","248,249,250,251,252,253,254,274,275,276,277,278,279,280",107,"104,105,106,107,108,109,110","251,277",107,26,35,0.0653266331658291,73,39,0.2085427135678391,0.2688442211055276,0.4262948207171315,107.0,,,,398,92.0,0.2311557788944723
P0AB77,1FC4,B,2,-0.5584,0,-0.79277,1,"186,355","183,184,185,186,187,188,189,352,353,354,355,356,357,358",365,"362,363,364,365,366,367,368","186,355",365,169,26,0.4246231155778894,289,32,0.1658291457286432,,,,0.0829145728643216,0.7674418604651163,33.0,398,305.2307692307692,0.7669114804793197
P0AB77,1FC4,B,3,-0.03547,0,-0.92665,3,"52,213","49,50,51,52,53,54,55,210,211,212,213,214,215,216","240,253,278","237,238,239,240,241,242,243,250,251,252,253,254,255,256,275,276,277,278,279,280,281","52,213","240,253,278",161,4,0.4045226130653266,253,84,0.3190954773869346,,,,0.3015075376884422,0.6486486486486487,120.0,398,163.25,0.4101758793969849
P0AB77,1FC4,B,4,-0.05685,0,-1.20838,2,"61,247","58,59,60,61,62,63,64,244,245,246,247,248,249,250","253,282","250,251,252,253,254,255,256,279,280,281,282,283,284,285","61,247","253,282",186,16,0.4673366834170854,252,69,0.2236180904522613,,,,0.2914572864321608,0.7682119205298014,116.0,398,173.0625,0.4348304020100502
P0AB77,1FC4,B,5,0.75332,1,0.13011,0,"139,179","136,137,138,139,140,141,142,176,177,178,179,180,181,182",129,"126,127,128,129,130,131,132","139,179",129,40,6,0.100502512562814,81,37,0.2010050251256281,0.3241206030150754,0.9280575539568344,129.0,,,,398,55.833333333333336,0.140284757118928
P0AB80,1IYE,A,1,0.79436,1,-0.04344,0,"179,268","176,177,178,179,180,181,182,265,266,267,268,269,270,271",140,"137,138,139,140,141,142,143","180,269",141,89,2,0.2880258899676375,150,32,0.1682847896440129,0.4563106796116505,0.7833333333333333,141.0,,,,309,89.5,0.2896440129449838
P0AB80,1IYE,A,2,0.3802,0,0.66257,1,"67,160","64,65,66,67,68,69,70,157,158,159,160,161,162,163",181,"178,179,180,181,182,183,184","68,161",182,93,13,0.3009708737864077,178,34,0.2588996763754045,,,,0.4110032362459547,0.8581081081081081,127.0,309,116.0,0.3754045307443365
P0AB80,1IYE,A,3,0.62077,1,0.02001,0,"52,220","49,50,51,52,53,54,55,217,218,219,220,221,222,223",37,"34,35,36,37,38,39,40","53,221",38,168,13,0.5436893203883495,248,38,0.2588996763754045,0.1229773462783171,0.7169811320754716,38.0,,,,309,220.0,0.7119741100323624
P0AB83,2ABK,A,1,-0.65056,1,0.0029,0,"44,184","41,42,43,44,45,46,47,181,182,183,184,185,186,187",36,"33,34,35,36,37,38,39","44,184",36,140,1,0.6635071090047393,179,31,0.2890995260663507,0.1706161137440758,0.8181818181818182,36.0,,,,211,140.0,0.6635071090047393
P0AB83,2ABK,A,2,0.0,0,-0.80948,1,"10,150","7,8,9,10,11,12,13,147,148,149,150,151,152,153",175,"172,173,174,175,176,177,178","10,150",175,140,7,0.6635071090047393,178,32,0.3459715639810427,,,,0.1706161137440758,0.5901639344262295,36.0,211,144.57142857142858,0.6851726472579553
P0AB85,4XGV,A,1,0.14019,0,-0.84133,1,"60,117","57,58,59,60,61,62,63,114,115,116,117,118,119,120",162,"159,160,161,162,163,164,165","79,136",181,57,3,0.1623931623931624,117,29,0.1623931623931624,,,,0.4843304843304843,0.7906976744186046,170.0,351,61.0,0.1737891737891738
P0AB87,2FUA,A,1,-0.73476,1,-0.01956,0,"121,196","118,119,120,121,122,123,124,193,194,195,196,197,198,199",109,"106,107,108,109,110,111,112","121,196",109,75,5,0.3488372093023256,131,30,0.2372093023255814,0.5069767441860465,0.9008264462809916,109.0,,,,215,79.8,0.3711627906976744
P0AB89,2PTQ,B,1,-0.06601,0,-0.74916,1,"16,309","13,14,15,16,17,18,19,306,307,308,309,310,311,312",353,"350,351,352,353,354,355,356","16,309",353,293,2,0.6425438596491229,363,32,0.131578947368421,,,,0.2258771929824561,0.7006802721088435,103.0,456,295.0,0.6469298245614035
P0AB89,2PTQ,B,2,-0.79017,1,0.04543,0,"177,378","174,175,176,177,178,179,180,375,376,377,378,379,380,381",166,"163,164,165,166,167,168,169","177,378",166,201,17,0.4407894736842105,267,32,0.1118421052631579,0.3640350877192982,0.9378531073446328,166.0,,,,456,253.94117647058823,0.5568885448916409
P0AB91,5CKS,B,1,-0.02429,0,0.76798,1,"54,289","51,52,53,54,55,56,57,286,287,288,289,290,291,292",298,"295,296,297,298,299,300,301","54,289",298,235,1,0.6714285714285714,302,32,0.1914285714285714,,,,0.1485714285714285,0.8524590163934426,52.0,350,235.0,0.6714285714285714
P0AB91,5CKS,B,2,0.31179,0,0.63606,1,"276,307","273,274,275,276,277,278,279,304,305,306,307,308,309,310",328,"325,326,327,328,329,330,331","276,307",328,31,2,0.0885714285714285,86,30,0.1571428571428571,,,,0.0628571428571428,0.5116279069767442,22.0,350,32.0,0.0914285714285714
P0AB91,5CKS,B,3,-0.06901,0,0.81662,1,"26,124","23,24,25,26,27,28,29,121,122,123,124,125,126,127",139,"136,137,138,139,140,141,142","26,124",139,98,23,0.28,167,36,0.2,,,,0.6028571428571429,0.9336283185840708,211.0,350,102.34782608695652,0.2924223602484472
P0AB91,5CKS,B,4,1.10529,1,-0.07407,0,"75,305","72,73,74,75,76,77,78,302,303,304,305,306,307,308",57,"54,55,56,57,58,59,60","75,305",57,230,34,0.6571428571428571,302,36,0.2057142857142857,0.1628571428571428,0.76,57.0,,,,350,251.6764705882353,0.7190756302521009
P0AB91,5CKS,B,5,0.88606,1,0.62252,1,"113,312","110,111,112,113,114,115,116,309,310,311,312,313,314,315","95,323","92,93,94,95,96,97,98,320,321,322,323,324,325,326","113,312","95,323",199,6,0.5685714285714286,287,59,0.22,0.2714285714285714,0.8407079646017699,95.0,0.0771428571428571,0.7105263157894737,27.0,350,210.66666666666663,0.6019047619047618
P0ABA6,1FS0,G,1,-0.03662,0,0.82924,1,"67,157","64,65,66,67,68,69,70,154,155,156,157,158,159,160",166,"163,164,165,166,167,168,169","67,157",166,90,1,0.313588850174216,134,30,0.181184668989547,,,,0.4216027874564459,0.9307692307692308,121.0,287,90.0,0.313588850174216
P0ABA6,1FS0,G,2,0.62327,1,-0.0158,0,"106,167","103,104,105,106,107,108,109,164,165,166,167,168,169,170",76,"73,74,75,76,77,78,79","106,167",76,61,16,0.2125435540069686,100,31,0.1986062717770035,0.2648083623693379,0.7169811320754716,76.0,,,,287,80.75,0.2813588850174216
P0ABB8,3GWI,A,1,-0.67089,1,0.0,0,"487,536","484,485,486,487,488,489,490,533,534,535,536,537,538,539",480,"477,478,479,480,481,482,483","487,536",480,49,1,0.05456570155902,90,29,0.0523385300668151,0.534521158129176,0.9856262833675564,480.0,,,,898,49.0,0.05456570155902
P0ABD3,3E1P,L,1,0.63641,1,0.05284,0,"51,94","48,49,50,51,52,53,54,91,92,93,94,95,96,97",18,"15,16,17,18,19,20,21","51,94",18,43,47,0.2721518987341772,85,32,0.379746835443038,0.1139240506329113,0.3529411764705882,18.0,,,,158,85.02127659574468,0.5381093455426879
P0ABH7,4G6B,A,1,-0.04361,0,0.72846,1,"164,248","161,162,163,164,165,166,167,245,246,247,248,249,250,251",388,"385,386,387,388,389,390,391","165,249",389,84,35,0.1967213114754098,164,33,0.1709601873536299,,,,0.0889929742388758,0.2134831460674157,38.0,427,105.4,0.2468384074941452
P0ABH7,4G6B,A,2,0.10769,0,-0.72226,1,"303,342","300,301,302,303,304,305,306,339,340,341,342,343,344,345",359,"356,357,358,359,360,361,362","304,343",360,39,13,0.0913348946135831,81,36,0.1288056206088993,,,,0.1569086651053864,0.7976190476190477,67.0,427,53.69230769230769,0.1257431093496667
P0ABH9,6W1Z,A,1,0.60734,1,-0.00296,0,"220,346","217,218,219,220,221,222,223,343,344,345,346,347,348,349",212,"209,210,211,212,213,214,215","220,346",212,126,1,0.1662269129287599,167,37,0.0817941952506596,0.2796833773087071,0.9636363636363636,212.0,,,,758,126.0,0.1662269129287599
P0ABH9,6W1Z,A,2,-0.07388,0,0.68667,1,"211,287","208,209,210,211,212,213,214,284,285,286,287,288,289,290",320,"317,318,319,320,321,322,323","211,287",320,76,5,0.100263852242744,129,38,0.0857519788918205,,,,0.5778364116094987,0.929936305732484,438.0,758,99.2,0.1308707124010554
P0ABH9,6W1Z,A,3,-0.04276,0,0.74845,1,"492,566","489,490,491,492,493,494,495,563,564,565,566,567,568,569",603,"600,601,602,603,604,605,606","492,566",603,74,11,0.0976253298153034,125,36,0.0897097625329815,,,,0.204485488126649,0.8072916666666666,155.0,758,93.8181818181818,0.1237706884144878
P0ABH9,6W1Z,A,4,0.6727,1,0.0632,0,"504,650","501,502,503,504,505,506,507,647,648,649,650,651,652,653",492,"489,490,491,492,493,494,495","504,650",492,146,4,0.1926121372031662,178,39,0.0923482849604221,0.6490765171503958,0.9761904761904762,492.0,,,,758,151.5,0.1998680738786279
P0ABI4,5N77,B,1,-0.64704,1,0.14773,0,"86,180","83,84,85,86,87,88,89,177,178,179,180,181,182,183",78,"75,76,77,78,79,80,81","86,180",78,94,10,0.2974683544303797,160,37,0.1835443037974683,0.2468354430379747,0.9069767441860463,78.0,,,,316,98.5,0.3117088607594936
P0ABJ1,1CYW,A,1,0.0,0,0.62237,1,"134,254","131,132,133,134,135,136,137,251,252,253,254,255,256,257",265,"262,263,264,265,266,267,268","134,254",265,120,1,0.3809523809523809,156,27,0.2222222222222222,,,,0.1587301587301587,0.819672131147541,50.0,315,120.0,0.3809523809523809
P0ABK2,6RKO,B,1,0.0,0,-1.0409,1,"8,237","5,6,7,8,9,10,11,234,235,236,237,238,239,240",312,"309,310,311,312,313,314,315","8,237",312,229,12,0.604221635883905,301,31,0.1715039577836411,,,,0.1767810026385224,0.4718309859154929,67.0,379,232.83333333333331,0.6143359718557608
P0ABK2,6RKO,B,2,-0.72127,1,-0.10378,0,"248,313","245,246,247,248,249,250,251,310,311,312,313,314,315,316",229,"226,227,228,229,230,231,232","248,313",229,65,28,0.1715039577836411,114,29,0.1530343007915567,0.604221635883905,0.9233870967741936,229.0,,,,379,79.89285714285714,0.2107990953637391
P0ABK2,6RKO,B,3,0.6098,1,0.20996,0,"56,187","53,54,55,56,57,58,59,184,185,186,187,188,189,190",27,"24,25,26,27,28,29,30","56,187",27,131,18,0.3456464379947229,206,32,0.1767810026385224,0.0712401055408971,0.4821428571428571,27.0,,,,379,148.5,0.391820580474934
P0ABK5,5J43,E,1,0.00181,0,0.68285,1,"28,281","25,26,27,28,29,30,31,278,279,280,281,282,283,284",298,"295,296,297,298,299,300,301","28,281",298,253,9,0.7832817337461301,294,39,0.2198142414860681,,,,0.0773993808049535,0.5952380952380952,25.0,323,257.22222222222223,0.7963536291709666
P0ABK5,5J43,E,2,0.71005,1,0.02085,0,"77,141","74,75,76,77,78,79,80,138,139,140,141,142,143,144",66,"63,64,65,66,67,68,69","77,141",66,64,1,0.1981424148606811,92,35,0.2383900928792569,0.2043343653250774,0.8571428571428571,66.0,,,,323,64.0,0.1981424148606811
P0ABK5,5J43,E,3,0.80369,1,0.0,0,"100,305","97,98,99,100,101,102,103,302,303,304,305,306,307,308",90,"87,88,89,90,91,92,93","100,305",90,205,1,0.6346749226006192,266,42,0.2291021671826625,0.2786377708978328,0.9,90.0,,,,323,205.0,0.6346749226006192
P0ABK5,5J43,E,4,0.94009,1,0.01129,0,"181,298","178,179,180,181,182,183,184,295,296,297,298,299,300,301",173,"170,171,172,173,174,175,176","181,298",173,117,1,0.3622291021671827,171,40,0.2631578947368421,0.5356037151702786,0.9558011049723756,173.0,,,,323,117.0,0.3622291021671827
P0ABK5,5J43,E,5,0.7367,1,-0.05535,0,"227,250","224,225,226,227,228,229,230,247,248,249,250,251,252,253",204,"201,202,203,204,205,206,207","227,250",204,23,16,0.0712074303405572,70,39,0.1733746130030959,0.631578947368421,0.8986784140969163,204.0,,,,323,41.25,0.1277089783281733
P0ABK9,2RDZ,A,1,0.0,0,-0.84087,1,"42,128","39,40,41,42,43,44,45,125,126,127,128,129,130,131",157,"154,155,156,157,158,159,160","42,128",157,86,8,0.1799163179916318,157,36,0.1297071129707113,,,,0.6715481171548117,0.9171428571428571,321.0,478,91.875,0.1922071129707113
P0ABK9,2RDZ,A,2,0.00107,0,-0.70628,1,"51,292","48,49,50,51,52,53,54,289,290,291,292,293,294,295",299,"296,297,298,299,300,301,302","51,292",299,241,1,0.50418410041841,326,26,0.0774058577405857,,,,0.3744769874476987,0.9623655913978496,179.0,478,241.0,0.50418410041841
P0ABK9,2RDZ,A,3,-0.11225,0,-0.61288,1,"262,382","259,260,261,262,263,264,265,379,380,381,382,383,384,385",389,"386,387,388,389,390,391,392","262,382",389,120,1,0.2510460251046025,195,27,0.1297071129707113,,,,0.1861924686192468,0.9270833333333334,89.0,478,120.0,0.2510460251046025
P0ABK9,2RDZ,A,4,-0.71225,1,0.00761,0,"86,437","83,84,85,86,87,88,89,434,435,436,437,438,439,440",75,"72,73,74,75,76,77,78","86,437",75,351,8,0.7343096234309623,417,30,0.1108786610878661,0.1569037656903765,0.872093023255814,75.0,,,,478,358.625,0.7502615062761506
P0ABK9,2RDZ,A,5,-0.80873,1,0.03297,0,"143,184","140,141,142,143,144,145,146,181,182,183,184,185,186,187",127,"124,125,126,127,128,129,130","143,184",127,41,10,0.0857740585774058,105,34,0.1631799163179916,0.2656903765690376,0.8881118881118881,127.0,,,,478,66.0,0.1380753138075313
P0ABK9,2RDZ,A,6,-0.70926,3,0.0,0,"152,466","149,150,151,152,153,154,155,463,464,465,466,467,468,469","75,86,104","72,73,74,75,76,77,78,83,84,85,86,87,88,89,101,102,103,104,105,106,107","152,466","75,86,104",314,15,0.6569037656903766,386,68,0.2175732217573222,0.1569037656903765,0.4934210526315789,75.0,,,,478,319.6666666666667,0.6687587168758717
P0ABP8,3ONV,C,1,-0.01394,0,0.83496,1,"13,49","10,11,12,13,14,15,16,46,47,48,49,50,51,52",59,"56,57,58,59,60,61,62","14,50",60,36,4,0.1506276150627615,69,41,0.2803347280334728,,,,0.7489539748953975,0.9470899470899472,179.0,239,37.5,0.1569037656903765
P0ABP8,3ONV,C,2,0.76045,1,0.06439,0,"28,88","25,26,27,28,29,30,31,85,86,87,88,89,90,91",17,"14,15,16,17,18,19,20","29,89",18,60,19,0.2510460251046025,113,34,0.2970711297071129,0.0753138075313807,0.6206896551724138,18.0,,,,239,178.3684210526316,0.7463113851574543
P0ABP8,3ONV,C,3,0.1408,0,1.20288,1,"66,111","63,64,65,66,67,68,69,108,109,110,111,112,113,114",181,"178,179,180,181,182,183,184","67,112",182,45,10,0.1882845188284518,129,43,0.2719665271966527,,,,0.2384937238493724,0.4488188976377952,57.0,239,59.0,0.2468619246861924
P0ABP8,3ONV,C,4,1.04828,1,0.04196,0,"171,206","168,169,170,171,172,173,174,203,204,205,206,207,208,209",92,"89,90,91,92,93,94,95","172,207",93,35,37,0.1464435146443514,103,37,0.2133891213389121,0.3891213389121339,0.5406976744186046,93.0,,,,239,74.0,0.309623430962343
P0ABQ0,1U7Z,B,1,0.75666,1,0.12553,0,"220,272","217,218,219,220,221,222,223,269,270,271,272,273,274,275",192,"189,190,191,192,193,194,195","220,272",192,52,9,0.1280788177339901,103,38,0.1748768472906404,0.4729064039408867,0.8727272727272727,192.0,,,,406,61.22222222222222,0.1507936507936507
P0ABQ4,1DDR,B,1,0.61382,1,0.17563,0,"54,94","51,52,53,54,55,56,57,91,92,93,94,95,96,97",40,"37,38,39,40,41,42,43","54,94",40,40,2,0.2515723270440251,67,33,0.3710691823899371,0.2515723270440251,0.7407407407407407,40.0,,,,159,42.0,0.2641509433962264
P0ABS5,3B39,A,1,0.01394,0,0.77003,1,"246,267","243,244,245,246,247,248,249,264,265,266,267,268,269,270",281,"278,279,280,281,282,283,284","246,267",281,21,28,0.036144578313253,56,38,0.1118760757314974,,,,0.5163511187607573,0.9554140127388536,300.0,581,84.28571428571429,0.1450700762232604
P0ABS5,3B39,A,2,0.87537,1,-0.21806,0,"273,346","270,271,272,273,274,275,276,343,344,345,346,347,348,349",262,"259,260,261,262,263,264,265","273,346",262,73,15,0.1256454388984509,128,28,0.1032702237521514,0.4509466437177281,0.9597069597069596,262.0,,,,581,78.46666666666667,0.1350545037292025
P0ABT2,1F33,F,1,0.80325,1,-0.03659,0,"62,114","59,60,61,62,63,64,65,111,112,113,114,115,116,117",40,"37,38,39,40,41,42,43","62,114",40,52,40,0.311377245508982,104,33,0.4131736526946107,0.2395209580838323,0.6451612903225806,40.0,,,,167,70.975,0.425
P0ABY7,2AVU,F,1,0.45567,0,0.63672,1,"32,92","29,30,31,32,33,34,35,89,90,91,92,93,94,95",120,"117,118,119,120,121,122,123","32,92",120,60,10,0.3125,99,25,0.3125,,,,0.375,0.72,72.0,192,76.5,0.3984375
P0ABZ6,1M5Y,A,1,-0.58193,0,0.67046,1,"183,260","180,181,182,183,184,185,186,257,258,259,260,261,262,263",267,"264,265,266,267,268,269,270","183,260",267,77,1,0.1799065420560747,117,40,0.1378504672897196,,,,0.3761682242990654,0.9583333333333334,161.0,428,77.0,0.1799065420560747
P0ABZ6,1M5Y,A,2,-0.65662,1,0.00375,0,"343,382","340,341,342,343,344,345,346,379,380,381,382,383,384,385",285,"282,283,284,285,286,287,288","343,382",285,39,14,0.0911214953271028,63,30,0.1074766355140186,0.6658878504672897,0.8309037900874635,285.0,,,,428,61.57142857142857,0.1438584779706275
P0AC13,1AJ0,A,1,0.92953,1,0.02201,0,"52,259","49,50,51,52,53,54,55,256,257,258,259,260,261,262",17,"14,15,16,17,18,19,20","52,259",17,207,8,0.7340425531914894,250,35,0.1985815602836879,0.0602836879432624,0.3269230769230769,17.0,,,,282,210.25,0.7455673758865248
P0AC19,1B9L,H,1,-0.61598,1,-0.04622,0,"29,69","26,27,28,29,30,31,32,66,67,68,69,70,71,72",16,"13,14,15,16,17,18,19","29,69",16,40,2,0.3333333333333333,83,33,0.3833333333333333,0.1333333333333333,0.5517241379310345,16.0,,,,120,43.0,0.3583333333333333
P0AC38,1JSW,B,1,-0.82793,1,-0.00522,0,"197,405","194,195,196,197,198,199,200,402,403,404,405,406,407,408",185,"182,183,184,185,186,187,188","197,405",185,208,5,0.4351464435146444,275,32,0.100418410041841,0.3870292887029288,0.9390862944162436,185.0,,,,478,233.2,0.4878661087866108
P0AC41,2WDQ,A,1,-0.97353,3,-1.17468,1,"130,283","127,128,129,130,131,132,133,280,281,282,283,284,285,286","36,52,119,354","33,34,35,36,37,38,39,49,50,51,52,53,54,55,116,117,118,119,120,121,122,351,352,353,354,355,356,357","130,283","36,52,119,354",153,1,0.2602040816326531,346,145,0.2857142857142857,0.0612244897959183,0.2769230769230769,36.0,0.3979591836734694,0.7672131147540984,234.0,588,153.0,0.2602040816326531
P0AC41,2WDQ,A,2,0.76259,1,-1.1407,1,"213,250","210,211,212,213,214,215,216,247,248,249,250,251,252,253","204,353","201,202,203,204,205,206,207,350,351,352,353,354,355,356","213,250","204,353",37,11,0.0629251700680272,121,71,0.1530612244897959,0.3469387755102041,0.9577464788732394,204.0,0.3996598639455782,0.6952662721893491,235.0,588,112.36363636363636,0.1910946196660482
P0AC41,2WDQ,A,3,0.79039,1,-0.92058,1,"71,121","68,69,70,71,72,73,74,118,119,120,121,122,123,124","54,133","51,52,53,54,55,56,57,130,131,132,133,134,135,136","71,121","54,133",50,12,0.0850340136054421,125,57,0.1615646258503401,0.0918367346938775,0.7605633802816901,54.0,0.7738095238095238,0.974304068522484,455.0,588,56.0,0.0952380952380952
P0AC41,2WDQ,A,4,0.78559,1,-0.78708,1,"88,394","85,86,87,88,89,90,91,391,392,393,394,395,396,397","36,404","33,34,35,36,37,38,39,401,402,403,404,405,406,407","88,394","36,404",306,13,0.5204081632653061,451,69,0.2108843537414966,0.0612244897959183,0.4090909090909091,36.0,0.3129251700680272,0.9484536082474226,184.0,588,314.38461538461536,0.5346677132391418
P0AC41,2WDQ,A,5,-0.29027,0,0.70647,1,"248,307","245,246,247,248,249,250,251,304,305,306,307,308,309,310",349,"346,347,348,349,350,351,352","248,307",349,59,4,0.1003401360544217,112,39,0.0901360544217687,,,,0.4064625850340136,0.8505338078291815,239.0,588,61.0,0.1037414965986394
P0AC41,2WDQ,A,6,0.98321,1,-0.31007,0,"21,408","18,19,20,21,22,23,24,405,406,407,408,409,410,411",14,"11,12,13,14,15,16,17","21,408",14,387,12,0.6581632653061225,487,48,0.1445578231292517,0.0238095238095238,0.6666666666666666,14.0,,,,588,390.0,0.6632653061224489
P0AC41,2WDQ,A,7,0.8338,1,-0.18371,0,"145,405","142,143,144,145,146,147,148,402,403,404,405,406,407,408",37,"34,35,36,37,38,39,40","145,405",37,260,77,0.4421768707482993,401,33,0.1530612244897959,0.0629251700680272,0.2551724137931034,37.0,,,,588,431.53246753246754,0.7338987543069175
P0AC41,2WDQ,A,8,0.73661,1,-0.20918,0,"71,133","68,69,70,71,72,73,74,130,131,132,133,134,135,136",54,"51,52,53,54,55,56,57","71,133",54,62,4,0.1054421768707483,133,38,0.1445578231292517,0.0918367346938775,0.7605633802816901,54.0,,,,588,65.75,0.1118197278911564
P0AC41,2WDQ,A,9,-0.77703,3,0.04196,0,"294,473","291,292,293,294,295,296,297,470,471,472,473,474,475,476","167,177,222","164,165,166,167,168,169,170,174,175,176,177,178,179,180,219,220,221,222,223,224,225","294,473","167,177,222",179,30,0.304421768707483,334,89,0.238095238095238,0.2840136054421768,0.5680272108843537,167.0,,,,588,251.03333333333333,0.4269274376417233
P0AC41,2WDQ,A,10,-0.60868,3,0.12607,0,"398,538","395,396,397,398,399,400,401,535,536,537,538,539,540,541","222,238,356","219,220,221,222,223,224,225,235,236,237,238,239,240,241,353,354,355,356,357,358,359","398,538","222,238,356",140,4,0.238095238095238,254,86,0.2125850340136054,0.3775510204081632,0.5577889447236181,222.0,,,,588,140.75,0.2393707482993197
P0AC41,2WDQ,A,11,-0.06064,0,-0.75597,1,"307,338","304,305,306,307,308,309,310,335,336,337,338,339,340,341",347,"344,345,346,347,348,349,350","307,338",347,31,2,0.0527210884353741,71,32,0.0833333333333333,,,,0.4098639455782313,0.964,241.0,588,32.0,0.0544217687074829
P0AC41,2WDQ,A,12,0.06581,0,-0.96128,1,"51,117","48,49,50,51,52,53,54,114,115,116,117,118,119,120",134,"131,132,133,134,135,136,137","51,117",134,66,3,0.1122448979591836,136,38,0.119047619047619,,,,0.7721088435374149,0.9639065817409768,454.0,588,67.33333333333333,0.1145124716553288
P0AC41,2WDQ,A,13,-0.71867,1,-0.08202,0,"252,354","249,250,251,252,253,254,255,351,352,353,354,355,356,357",244,"241,242,243,244,245,246,247","252,354",244,102,7,0.173469387755102,147,42,0.1292517006802721,0.4149659863945578,0.9682539682539684,244.0,,,,588,116.0,0.1972789115646258
P0AC41,2WDQ,A,14,0.74912,1,-1.12577,3,"79,235","76,77,78,79,80,81,82,232,233,234,235,236,237,238","36,358,394,405","33,34,35,36,37,38,39,355,356,357,358,359,360,361,391,392,393,394,395,396,397,402,403,404,405,406,407,408","79,235","36,358,394,405",156,72,0.2653061224489796,340,127,0.2619047619047619,0.0612244897959183,0.4556962025316455,36.0,0.3112244897959184,0.5184135977337111,183.0,588,235.77777777777777,0.4009826152683295
P0AC55,2NUU,H,1,0.0,0,-1.0107,1,"9,39","6,7,8,9,10,11,12,36,37,38,39,40,41,42",58,"55,56,57,58,59,60,61","9,39",58,30,1,0.2678571428571428,56,30,0.4553571428571428,,,,0.4821428571428571,0.7397260273972602,54.0,112,30.0,0.2678571428571428
P0AC55,2NUU,H,2,-0.60808,1,0.17725,0,"58,87","55,56,57,58,59,60,61,84,85,86,87,88,89,90",8,"5,6,7,8,9,10,11","58,87",8,29,4,0.2589285714285714,65,27,0.4464285714285714,0.0714285714285714,0.1379310344827586,8.0,,,,112,43.0,0.3839285714285714
P0AC69,2WCI,A,1,0.63468,1,-0.11013,0,"29,53","26,27,28,29,30,31,32,50,51,52,53,54,55,56",22,"19,20,21,22,23,24,25","29,53",22,24,25,0.208695652173913,56,29,0.3565217391304348,0.1913043478260869,0.7586206896551724,22.0,,,,115,48.72,0.4236521739130435
P0AC81,1F9Z,A,1,0.0,0,0.69559,1,"5,43","2,3,4,5,6,7,8,40,41,42,43,44,45,46",55,"52,53,54,55,56,57,58","5,43",55,38,2,0.2814814814814815,66,32,0.362962962962963,,,,0.5925925925925926,0.8695652173913043,80.0,135,42.5,0.3148148148148148
P0AC81,1F9Z,A,2,0.72239,1,0.02558,0,"46,77","43,44,45,46,47,48,49,74,75,76,77,78,79,80",9,"6,7,8,9,10,11,12","46,77",9,31,5,0.2296296296296296,65,26,0.5037037037037037,0.0666666666666666,0.1956521739130435,9.0,,,,135,71.6,0.5303703703703704
P0AC84,6RZ0,A,1,0.7041,1,-0.11621,0,"58,164","55,56,57,58,59,60,61,161,162,163,164,165,166,167",51,"48,49,50,51,52,53,54","58,164",51,106,2,0.4223107569721115,162,40,0.3346613545816733,0.2031872509960159,0.8793103448275862,51.0,,,,251,106.5,0.4243027888446215
P0ACB0,1B79,A,1,0.60023,1,0.0,0,"54,122","51,52,53,54,55,56,57,119,120,121,122,123,124,125",37,"34,35,36,37,38,39,40","55,123",38,68,7,0.1443736730360934,93,36,0.1316348195329087,0.0806794055201698,0.6909090909090909,38.0,,,,471,70.71428571428571,0.1501364877161055
P0ACB2,1I8J,B,1,0.85036,1,0.09427,0,"203,272","200,201,202,203,204,205,206,269,270,271,272,273,274,275",194,"191,192,193,194,195,196,197","204,273",195,69,5,0.2129629629629629,129,33,0.2191358024691358,0.6018518518518519,0.9558823529411764,195.0,,,,324,78.4,0.2419753086419753
P0ACB2,1I8J,B,2,-0.01598,0,0.86833,1,"30,297","27,28,29,30,31,32,33,294,295,296,297,298,299,300",309,"306,307,308,309,310,311,312","31,298",310,267,10,0.8240740740740741,292,33,0.1975308641975308,,,,0.0432098765432098,0.5384615384615384,14.0,324,273.8,0.8450617283950618
P0ACB2,1I8J,B,3,0.76455,1,0.19636,0,"54,80","51,52,53,54,55,56,57,77,78,79,80,81,82,83",35,"32,33,34,35,36,37,38","55,81",36,26,35,0.0802469135802469,74,38,0.1944444444444444,0.1111111111111111,0.6545454545454545,36.0,,,,324,203.77142857142857,0.6289241622574956
P0ACC7,2OI6,A,1,-0.05077,0,-0.80451,1,"130,142","127,128,129,130,131,132,133,139,140,141,142,143,144,145",167,"164,165,166,167,168,169,170","130,142",167,12,3,0.0263157894736842,41,29,0.1337719298245614,,,,0.6337719298245614,0.9203821656050956,289.0,456,15.666666666666666,0.0343567251461988
P0ACC7,2OI6,A,2,-1.00501,1,-0.23482,0,"149,206","146,147,148,149,150,151,152,203,204,205,206,207,208,209",141,"138,139,140,141,142,143,144","149,206",141,57,2,0.125,114,30,0.1074561403508772,0.3092105263157895,0.9463087248322148,141.0,,,,456,60.0,0.131578947368421
P0ACC7,2OI6,A,3,-0.67859,1,-0.61048,1,"156,192","153,154,155,156,157,158,159,189,190,191,192,193,194,195","140,198","137,138,139,140,141,142,143,195,196,197,198,199,200,201","156,192","140,198",36,17,0.0789473684210526,91,55,0.131578947368421,0.3070175438596491,0.8974358974358975,140.0,0.5657894736842105,0.9772727272727272,258.0,456,46.11764705882353,0.1011351909184726
P0ACC7,2OI6,A,4,0.72829,1,-0.0409,0,"170,217","167,168,169,170,171,172,173,214,215,216,217,218,219,220",127,"124,125,126,127,128,129,130","170,217",127,47,3,0.1030701754385964,98,37,0.1293859649122807,0.2785087719298245,0.7470588235294118,127.0,,,,456,50.333333333333336,0.1103801169590643
P0ACD8,6FPW,L,1,-0.12258,0,0.88992,1,"115,307","112,113,114,115,116,117,118,304,305,306,307,308,309,310",411,"408,409,410,411,412,413,414","115,307",411,192,18,0.321608040201005,307,40,0.1641541038525963,,,,0.3115577889447236,0.6413793103448275,186.0,597,206.27777777777777,0.3455239158756746
P0ACD8,6FPW,L,2,0.71128,1,-0.05064,0,"326,418","323,324,325,326,327,328,329,415,416,417,418,419,420,421",301,"298,299,300,301,302,303,304","326,418",301,92,10,0.1541038525963149,162,40,0.1055276381909547,0.5041876046901173,0.9233128834355828,301.0,,,,597,115.0,0.1926298157453936
P0ACD8,6FPW,L,3,0.72283,1,0.0268,0,"182,203","179,180,181,182,183,184,185,200,201,202,203,204,205,206",132,"129,130,131,132,133,134,135","182,203",132,21,34,0.0351758793969849,56,30,0.0988274706867671,0.2211055276381909,0.7252747252747253,132.0,,,,597,64.05882352941177,0.1073012119420632
P0ACD8,6FPW,L,4,0.07474,0,-0.61959,1,"290,440","287,288,289,290,291,292,293,437,438,439,440,441,442,443",446,"443,444,445,446,447,448,449","290,440",446,150,7,0.2512562814070351,234,31,0.0804020100502512,,,,0.2529313232830821,0.961783439490446,151.0,597,153.57142857142858,0.2572385738214884
P0ACD8,6FPW,L,5,0.77391,3,0.14204,0,"321,506","318,319,320,321,322,323,324,503,504,505,506,507,508,509","91,101,305","88,89,90,91,92,93,94,98,99,100,101,102,103,104,302,303,304,305,306,307,308","321,506","91,101,305",185,9,0.3098827470686767,312,93,0.1943048576214405,0.152428810720268,0.2834890965732087,91.0,,,,597,134.0,0.2244556113902847
P0ACD8,6FPW,L,6,-0.6986,3,0.087,0,"360,541","357,358,359,360,361,362,363,538,539,540,541,542,543,544","91,105,347","88,89,90,91,92,93,94,102,103,104,105,106,107,108,344,345,346,347,348,349,350","360,541","91,105,347",181,1,0.3031825795644891,324,105,0.2110552763819095,0.152428810720268,0.2527777777777777,91.0,,,,597,181.0,0.3031825795644891
P0ACE0,6EN9,L,1,-0.14363,0,0.91746,1,"96,287","93,94,95,96,97,98,99,284,285,286,287,288,289,290",378,"375,376,377,378,379,380,381","96,287",378,191,22,0.3368606701940035,308,43,0.1781305114638448,,,,0.3333333333333333,0.675,189.0,567,205.3181818181818,0.3621131954465287
P0ACE0,6EN9,L,2,0.7468,1,-0.04713,0,"304,384","301,302,303,304,305,306,307,381,382,383,384,385,386,387",282,"279,280,281,282,283,284,285","304,384",282,80,19,0.1410934744268077,157,40,0.109347442680776,0.4973544973544973,0.9276315789473684,282.0,,,,567,109.05263157894736,0.1923326835607537
P0ACE0,6EN9,L,3,0.86995,1,-0.87085,1,"137,404","134,135,136,137,138,139,140,401,402,403,404,405,406,407","118,423","115,116,117,118,119,120,121,420,421,422,423,424,425,426","137,404","118,423",267,55,0.4708994708994709,425,62,0.1763668430335097,0.2081128747795414,0.8613138686131386,118.0,0.2539682539682539,0.8834355828220859,144.0,567,99.76363636363637,0.1759499759499759
P0ACI0,1D5Y,A,1,0.04948,0,-0.6917,1,"133,261","130,131,132,133,134,135,136,258,259,260,261,262,263,264",284,"281,282,283,284,285,286,287","133,261",284,128,2,0.4429065743944637,183,34,0.2041522491349481,,,,0.0173010380622837,0.1785714285714285,5.0,289,129.0,0.4463667820069204
P0ACI0,1D5Y,A,2,-0.01394,0,-0.99138,1,"138,179","135,136,137,138,139,140,141,176,177,178,179,180,181,182",201,"198,199,200,201,202,203,204","138,179",201,41,3,0.1418685121107266,83,37,0.2076124567474048,,,,0.3044982698961938,0.8,88.0,289,42.333333333333336,0.1464821222606689
P0ACI0,1D5Y,A,3,-1.756,2,-0.97478,1,"198,262","195,196,197,198,199,200,201,259,260,261,262,263,264,265","139,180,284","136,137,138,139,140,141,142,177,178,179,180,181,182,183,281,282,283,284,285,286,287","198,262","139,180,284",64,47,0.2214532871972318,140,82,0.328719723183391,0.4809688581314879,0.702020202020202,139.0,0.0173010380622837,0.1851851851851851,5.0,289,73.1063829787234,0.2529632629021571
P0ACI0,1D5Y,A,4,0.62667,1,-0.45585,0,"79,148","76,77,78,79,80,81,82,145,146,147,148,149,150,151",63,"60,61,62,63,64,65,66","79,148",63,69,3,0.2387543252595155,153,31,0.2214532871972318,0.2179930795847751,0.7974683544303798,63.0,,,,289,69.33333333333333,0.2399077277970011
P0ACI3,4FE7,A,1,0.65384,1,0.18919,0,"143,188","140,141,142,143,144,145,146,185,186,187,188,189,190,191",123,"120,121,122,123,124,125,126","143,188",123,45,7,0.1147959183673469,82,35,0.1683673469387755,0.3137755102040816,0.8601398601398601,123.0,,,,392,56.0,0.1428571428571428
P0ACI6,2CG4,A,1,-0.8808,1,0.03172,0,"105,137","102,103,104,105,106,107,108,134,135,136,137,138,139,140",73,"70,71,72,73,74,75,76","105,137",73,32,2,0.2105263157894736,69,33,0.2828947368421052,0.4802631578947368,0.6952380952380952,73.0,,,,152,33.0,0.2171052631578947
P0ACJ8,1I5Z,B,1,0.15439,0,-1.01988,1,"32,51","29,30,31,32,33,34,35,48,49,50,51,52,53,54",84,"81,82,83,84,85,86,87","33,52",85,19,6,0.0904761904761904,64,31,0.2238095238095238,,,,0.5952380952380952,0.7911392405063291,125.0,210,30.83333333333333,0.1468253968253968
P0ACJ8,1I5Z,B,2,-0.7945,1,-0.05105,0,"75,99","72,73,74,75,76,77,78,96,97,98,99,100,101,102",38,"35,36,37,38,39,40,41","76,100",39,24,41,0.1142857142857142,69,32,0.219047619047619,0.1857142857142857,0.5131578947368421,39.0,,,,210,64.65853658536585,0.3078977932636469
P0ACN4,1TF1,A,1,-0.01449,0,-0.64621,1,"13,137","10,11,12,13,14,15,16,134,135,136,137,138,139,140",147,"144,145,146,147,148,149,150","98,222",232,124,1,0.4575645756457565,163,41,0.2619926199261992,,,,0.1439114391143911,0.7959183673469388,39.0,271,124.0,0.4575645756457565
P0ACP1,2IKS,A,1,0.60298,1,-0.62111,0,"75,293","72,73,74,75,76,77,78,290,291,292,293,294,295,296",67,"64,65,66,67,68,69,70","75,293",67,218,1,0.6526946107784432,265,37,0.2065868263473053,0.2005988023952095,0.8933333333333333,67.0,,,,334,218.0,0.6526946107784432
P0ACP1,2IKS,A,2,0.67153,1,0.2573,0,"201,243","198,199,200,201,202,203,204,240,241,242,243,244,245,246",183,"180,181,182,183,184,185,186","201,243",183,42,3,0.1257485029940119,86,33,0.2095808383233532,0.5479041916167665,0.9104477611940298,183.0,,,,334,55.333333333333336,0.1656686626746507
P0ACP7,1QPZ,A,1,0.63691,1,0.06885,0,"90,117","87,88,89,90,91,92,93,114,115,116,117,118,119,120",61,"58,59,60,61,62,63,64","90,117",61,27,34,0.0791788856304985,57,32,0.1524926686217008,0.1788856304985337,0.6777777777777778,61.0,,,,341,165.26470588235293,0.4846472313265482
P0ACP7,1QPZ,A,2,0.64473,1,0.19913,0,"200,244","197,198,199,200,201,202,203,241,242,243,244,245,246,247",181,"178,179,180,181,182,183,184","200,244",181,44,7,0.1290322580645161,89,38,0.2287390029325513,0.530791788856305,0.905,181.0,,,,341,57.71428571428572,0.1692501047339757
P0ACQ4,1I6A,A,1,0.61727,1,0.06635,0,"209,238","206,207,208,209,210,211,212,235,236,237,238,239,240,241",191,"188,189,190,191,192,193,194","209,238",191,29,2,0.0950819672131147,60,32,0.2229508196721311,0.6262295081967213,0.9138755980861244,191.0,,,,305,29.5,0.0967213114754098
P0ACQ4,1I6A,A,2,0.64461,1,0.02541,0,"117,284","114,115,116,117,118,119,120,281,282,283,284,285,286,287",96,"93,94,95,96,97,98,99","117,284",96,167,14,0.5475409836065573,198,34,0.2131147540983606,0.3147540983606557,0.8205128205128205,96.0,,,,305,178.21428571428572,0.5843091334894613
P0ACQ4,1I6A,A,3,0.76345,1,-0.67415,1,"105,161","102,103,104,105,106,107,108,158,159,160,161,162,163,164","96,269","93,94,95,96,97,98,99,266,267,268,269,270,271,272","105,161","96,269",56,21,0.1836065573770491,96,64,0.2786885245901639,0.3147540983606557,0.9142857142857144,96.0,0.1180327868852459,0.25,36.0,305,97.47619047619048,0.3195940671350508
P0ACQ4,1I6A,A,4,-0.72781,1,0.04661,0,"239,259","236,237,238,239,240,241,242,256,257,258,259,260,261,262",166,"163,164,165,166,167,168,169","239,259",166,20,27,0.0655737704918032,53,39,0.2098360655737705,0.5442622950819672,0.694560669456067,166.0,,,,305,67.85185185185185,0.2224650880388585
P0ACX3,2HIQ,B,1,0.0,0,-0.656,1,"14,49","11,12,13,14,15,16,17,46,47,48,49,50,51,52",57,"54,55,56,57,58,59,60","7,42",50,35,1,0.3465346534653465,61,27,0.4455445544554455,,,,0.504950495049505,0.864406779661017,51.0,101,35.0,0.3465346534653465
P0ACY1,3BM1,A,1,0.26974,0,-0.619,1,"95,147","92,93,94,95,96,97,98,144,145,146,147,148,149,150",155,"152,153,154,155,156,157,158","95,147",155,52,2,0.2841530054644808,105,34,0.3060109289617486,,,,0.1530054644808743,0.7777777777777778,28.0,183,52.5,0.2868852459016393
P0AD27,6XLP,A,1,0.12385,0,0.71276,3,"263,379","260,261,262,263,264,265,266,376,377,378,379,380,381,382","397,448,472","394,395,396,397,398,399,400,445,446,447,448,449,450,451,469,470,471,472,473,474,475","263,379","397,448,472",116,1,0.1979522184300341,223,86,0.1860068259385665,,,,0.1945392491467577,0.5507246376811594,114.0,586,116.0,0.1979522184300341
P0AD27,6XLP,A,2,1.57975,2,-0.83771,1,"278,455","275,276,277,278,279,280,281,452,453,454,455,456,457,458","265,270,473","262,263,264,265,266,267,268,267,268,269,270,271,272,273,470,471,472,473,474,475,476","278,455","265,270,473",177,172,0.3020477815699658,264,69,0.1604095563139931,0.4522184300341297,0.9532374100719424,265.0,0.1928327645051194,0.8625954198473282,113.0,586,175.4127906976744,0.2993392332724819
P0AD27,6XLP,A,3,0.65016,1,0.03072,0,"352,396","349,350,351,352,353,354,355,393,394,395,396,397,398,399",343,"340,341,342,343,344,345,346","352,396",343,44,2,0.0750853242320819,94,40,0.1160409556313993,0.5853242320819113,0.9744318181818182,343.0,,,,586,45.0,0.0767918088737201
P0AD27,6XLP,A,4,-0.75559,1,0.05592,0,"62,177","59,60,61,62,63,64,65,174,175,176,177,178,179,180",23,"20,21,22,23,24,25,26","62,177",23,115,51,0.1962457337883959,156,22,0.0870307167235494,0.0392491467576791,0.3709677419354839,23.0,,,,586,177.23529411764707,0.3024493073679984
P0AD27,6XLP,A,5,-0.80992,1,0.06978,0,"469,530","466,467,468,469,470,471,472,527,528,529,530,531,532,533",296,"293,294,295,296,297,298,299","469,530",296,61,18,0.1040955631399317,140,45,0.136518771331058,0.5051194539249146,0.6311300639658849,296.0,,,,586,79.94444444444444,0.1364239666287447
P0AD27,6XLP,A,6,-0.61362,3,0.29593,0,"114,204","111,112,113,114,115,116,117,201,202,203,204,205,206,207","26,59,101","23,24,25,26,27,28,29,56,57,58,59,60,61,62,98,99,100,101,102,103,104","114,204","26,59,101",90,8,0.1535836177474402,149,63,0.1723549488054607,0.0443686006825938,0.2280701754385964,26.0,,,,586,330.625,0.5642064846416383
P0AD61,4YNG,C,1,0.77084,1,-0.18255,0,"23,315","20,21,22,23,24,25,26,312,313,314,315,316,317,318",7,"4,5,6,7,8,9,10","23,315",7,292,10,0.6212765957446809,341,46,0.1617021276595744,0.0148936170212765,0.3043478260869565,7.0,,,,470,298.5,0.6351063829787233
P0AD61,4YNG,C,2,0.86689,1,-0.06068,0,"387,452","384,385,386,387,388,389,390,449,450,451,452,453,454,455",374,"371,372,373,374,375,376,377","387,452",374,65,3,0.1382978723404255,129,38,0.1829787234042553,0.7957446808510639,0.96640826873385,374.0,,,,470,74.0,0.1574468085106383
P0AD65,6G9F,A,1,-1.18763,1,-0.17928,0,"125,181","122,123,124,125,126,127,128,178,179,180,181,182,183,184",86,"83,84,85,86,87,88,89","125,181",86,56,1,0.0884676145339652,118,31,0.1153238546603475,0.1358609794628752,0.688,86.0,,,,633,56.0,0.0884676145339652
P0AD65,6G9F,A,2,-0.68279,1,0.00593,0,"204,298","201,202,203,204,205,206,207,295,296,297,298,299,300,301",173,"170,171,172,173,174,175,176","204,298",173,94,1,0.1484992101105845,196,28,0.1058451816745655,0.273301737756714,0.8480392156862745,173.0,,,,633,94.0,0.1484992101105845
P0AD65,6G9F,A,3,-0.75418,1,-0.05435,0,"155,234","152,153,154,155,156,157,158,231,232,233,234,235,236,237",64,"61,62,63,64,65,66,67","155,234",64,79,10,0.1248025276461295,153,30,0.1090047393364928,0.1011058451816745,0.4129032258064516,64.0,,,,633,126.5,0.1998420221169036
P0AD65,6G9F,A,4,0.02241,0,-0.6011,1,"322,419","319,320,321,322,323,324,325,416,417,418,419,420,421,422",459,"456,457,458,459,460,461,462","322,419",459,97,17,0.1532385466034755,168,41,0.1169036334913112,,,,0.2748815165876777,0.8130841121495327,174.0,633,148.88235294117646,0.2352011894805315
P0AD65,6G9F,A,5,-0.71386,1,0.03844,0,"455,547","452,453,454,455,456,457,458,544,545,546,547,548,549,550",331,"328,329,330,331,332,333,334","455,547",331,92,25,0.1453396524486571,190,37,0.1011058451816745,0.5229067930489731,0.7274725274725274,331.0,,,,633,135.8,0.2145339652448657
P0AD96,1Z15,A,1,0.20097,0,-1.02255,1,"32,261","29,30,31,32,33,34,35,258,259,260,261,262,263,264",278,"275,276,277,278,279,280,281","55,284",301,229,7,0.6239782016348774,295,35,0.1771117166212534,,,,0.1798365122615803,0.7951807228915663,66.0,367,237.0,0.6457765667574932
P0AD96,1Z15,A,2,0.71066,1,0.16264,0,"158,198","155,156,157,158,159,160,161,195,196,197,198,199,200,201",142,"139,140,141,142,143,144,145","181,221",165,40,12,0.108991825613079,77,35,0.1798365122615803,0.4495912806539509,0.9116022099447514,165.0,,,,367,56.333333333333336,0.1534968210717529
P0ADC3,5NAA,A,1,-1.8401,2,0.02429,0,"113,252","110,111,112,113,114,115,116,249,250,251,252,253,254,255","65,97","62,63,64,65,66,67,68,94,95,96,97,98,99,100","113,252","65,97",139,3,0.3483709273182957,195,58,0.2105263157894736,0.162907268170426,0.5752212389380531,65.0,,,,399,148.0,0.3709273182957393
P0ADC3,5NAA,A,2,0.70764,1,0.02742,0,"184,203","181,182,183,184,185,186,187,200,201,202,203,204,205,206",145,"142,143,144,145,146,147,148","184,203",145,19,16,0.0476190476190476,64,36,0.1804511278195488,0.3634085213032581,0.7880434782608695,145.0,,,,399,35.5,0.0889724310776942
P0ADC3,5NAA,A,3,-0.0058,0,0.82888,1,"132,158","129,130,131,132,133,134,135,155,156,157,158,159,160,161",187,"184,185,186,187,188,189,190","132,158",187,26,33,0.0651629072681704,63,36,0.1328320802005012,,,,0.531328320802005,0.8796680497925311,212.0,399,51.75757575757576,0.1297182349813928
P0ADC3,5NAA,A,4,0.01143,0,-0.79625,1,"67,96","64,65,66,67,68,69,70,93,94,95,96,97,98,99",222,"219,220,221,222,223,224,225","67,96",222,29,14,0.0726817042606516,66,38,0.1604010025062656,,,,0.4436090225563909,0.5841584158415841,177.0,399,86.71428571428571,0.217329036877909
P0ADC3,5NAA,A,5,-1.15553,3,0.03919,0,"199,253","196,197,198,199,200,201,202,250,251,252,253,254,255,256","66,97,114","63,64,65,66,67,68,69,94,95,96,97,98,99,100,111,112,113,114,115,116,117","199,253","66,97,114",54,2,0.1353383458646616,125,71,0.2406015037593984,0.1654135338345864,0.3316582914572864,66.0,,,,399,56.0,0.1403508771929824
P0ADE8,1NRK,A,1,0.9622,1,0.02035,0,"120,189","117,118,119,120,121,122,123,186,187,188,189,190,191,192",20,"17,18,19,20,21,22,23","120,189",20,69,3,0.2116564417177914,111,37,0.2085889570552147,0.0613496932515337,0.1666666666666666,20.0,,,,326,70.0,0.2147239263803681
P0ADE8,1NRK,A,2,0.0,0,0.74846,1,"6,21","3,4,5,6,7,8,9,18,19,20,21,22,23,24",183,"180,181,182,183,184,185,186","6,21",183,15,17,0.0460122699386503,48,30,0.1503067484662576,,,,0.4386503067484663,0.4688524590163934,143.0,326,92.88235294117646,0.2849151930710934
P0ADE8,1NRK,A,3,-0.03709,0,-0.86403,1,"248,280","245,246,247,248,249,250,251,277,278,279,280,281,282,283",293,"290,291,292,293,294,295,296","248,280",293,32,29,0.0981595092024539,77,41,0.205521472392638,,,,0.1012269938650306,0.717391304347826,33.0,326,138.68965517241378,0.4254283900994288
P0ADE8,1NRK,A,4,-0.9862,1,-0.93545,1,"85,152","82,83,84,85,86,87,88,149,150,151,152,153,154,155","30,162","27,28,29,30,31,32,33,159,160,161,162,163,164,165","85,152","30,162",67,23,0.205521472392638,130,67,0.2730061349693251,0.0920245398773006,0.3529411764705882,30.0,0.5030674846625767,0.942528735632184,164.0,326,75.47826086956522,0.2315284075753534
P0ADF8,5YPY,A,1,-0.66028,1,0.11819,0,"51,78","48,49,50,51,52,53,54,75,76,77,78,79,80,81",16,"13,14,15,16,17,18,19","49,76",14,27,1,0.28125,59,31,0.46875,0.1458333333333333,0.2857142857142857,14.0,,,,96,27.0,0.28125
P0ADG4,6IB8,B,1,-0.08131,0,0.81994,1,"125,193","122,123,124,125,126,127,128,190,191,192,193,194,195,196",201,"198,199,200,201,202,203,204","125,193",201,68,9,0.2546816479400749,131,35,0.3033707865168539,,,,0.247191011235955,0.8918918918918919,66.0,267,96.44444444444444,0.3612151477320016
P0ADG4,6IB8,B,2,0.79263,1,0.13935,0,"175,204","172,173,174,175,176,177,178,201,202,203,204,205,206,207",153,"150,151,152,153,154,155,156","175,204",153,29,23,0.1086142322097378,86,30,0.2359550561797752,0.5730337078651685,0.8742857142857143,153.0,,,,267,73.56521739130434,0.2755251587689301
P0ADI4,2FQ1,A,1,0.0,0,1.307,1,"8,46","5,6,7,8,9,10,11,43,44,45,46,47,48,49",200,"197,198,199,200,201,202,203","8,46",200,38,36,0.1333333333333333,101,38,0.2421052631578947,,,,0.2982456140350877,0.3556485355648535,85.0,285,130.75,0.4587719298245614
P0ADI4,2FQ1,A,2,0.63041,1,0.11992,0,"67,147","64,65,66,67,68,69,70,144,145,146,147,148,149,150",32,"29,30,31,32,33,34,35","67,147",32,80,31,0.2807017543859649,122,32,0.2105263157894736,0.1122807017543859,0.4776119402985074,32.0,,,,285,119.41935483870968,0.4190152801358234
P0ADI4,2FQ1,A,3,0.76692,1,0.10305,0,"95,126","92,93,94,95,96,97,98,123,124,125,126,127,128,129",78,"75,76,77,78,79,80,81","95,126",78,31,12,0.1087719298245614,70,33,0.2245614035087719,0.2736842105263158,0.8210526315789474,78.0,,,,285,41.91666666666666,0.1470760233918128
P0ADI7,1J2R,A,1,0.86393,1,0.08954,0,"77,114","74,75,76,77,78,79,80,111,112,113,114,115,116,117",67,"64,65,66,67,68,69,70","66,103",56,37,2,0.1968085106382978,73,33,0.2819148936170212,0.2978723404255319,0.8484848484848485,56.0,,,,188,37.5,0.1994680851063829
P0ADI7,1J2R,A,2,0.63939,1,0.24815,0,"34,94","31,32,33,34,35,36,37,91,92,93,94,95,96,97",26,"23,24,25,26,27,28,29","23,83",15,60,49,0.3191489361702128,109,37,0.3191489361702128,0.0797872340425532,0.6521739130434783,15.0,,,,188,124.93877551020408,0.6645679548415111
P0ADP7,6H6O,A,1,0.62989,1,-0.00029,0,"61,119","58,59,60,61,62,63,64,116,117,118,119,120,121,122",48,"45,46,47,48,49,50,51","50,108",37,58,1,0.2885572139303483,93,30,0.3233830845771144,0.1840796019900497,0.74,37.0,,,,201,58.0,0.2885572139303483
P0ADR6,4ATN,A,1,0.07973,0,-0.73221,1,"71,149","68,69,70,71,72,73,74,146,147,148,149,150,151,152",160,"157,158,159,160,161,162,163","71,149",160,78,7,0.2131147540983606,118,39,0.2103825136612022,,,,0.5628415300546448,0.9493087557603688,206.0,366,102.42857142857144,0.2798594847775176
P0ADR6,4ATN,A,2,0.01784,0,-0.60159,1,"199,339","196,197,198,199,200,201,202,336,337,338,339,340,341,342",350,"347,348,349,350,351,352,353","199,339",350,140,12,0.3825136612021858,178,32,0.1584699453551912,,,,0.0437158469945355,0.5925925925925926,16.0,366,261.4166666666667,0.7142531876138434
P0ADR6,4ATN,A,3,0.60241,1,-0.12697,0,"137,148","134,135,136,137,138,139,140,145,146,147,148,149,150,151",100,"97,98,99,100,101,102,103","137,148",100,11,13,0.0300546448087431,36,34,0.1393442622950819,0.273224043715847,0.7299270072992701,100.0,,,,366,32.53846153846154,0.0889029003783102
P0ADR6,4ATN,A,4,0.74718,1,0.14433,0,"229,275","226,227,228,229,230,231,232,272,273,274,275,276,277,278",215,"212,213,214,215,216,217,218","229,275",215,46,7,0.1256830601092896,78,35,0.1639344262295081,0.587431693989071,0.9388646288209608,215.0,,,,366,61.85714285714285,0.1690085870413739
P0ADR8,6GFM,A,1,-0.72659,1,1.1172,1,"54,220","51,52,53,54,55,56,57,217,218,219,220,221,222,223","38,231","35,36,37,38,39,40,41,228,229,230,231,232,233,234","55,221","39,232",166,23,0.3656387665198238,262,64,0.171806167400881,0.0859030837004405,0.7090909090909091,39.0,0.4889867841409692,0.9527896995708156,222.0,454,171.7391304347826,0.3782800229841026
P0ADR8,6GFM,A,2,1.48323,1,0.07678,0,"188,254","185,186,187,188,189,190,191,251,252,253,254,255,256,257",152,"149,150,151,152,153,154,155","189,255",153,66,38,0.145374449339207,154,37,0.1541850220264317,0.3370044052863436,0.8095238095238095,153.0,,,,454,136.52631578947367,0.3007187572455367
P0ADV7,5UWA,A,1,-0.074,0,-0.64179,1,"72,153","69,70,71,72,73,74,75,150,151,152,153,154,155,156",164,"161,162,163,164,165,166,167","72,153",164,81,2,0.3838862559241706,136,34,0.2654028436018957,,,,0.2227488151658767,0.8103448275862069,47.0,211,83.5,0.3957345971563981
P0ADX9,2FPO,A,1,-0.03178,0,-0.60809,1,"46,175","43,44,45,46,47,48,49,172,173,174,175,176,177,178",185,"182,183,184,185,186,187,188","46,175",185,129,1,0.6515151515151515,163,30,0.2373737373737373,,,,0.0656565656565656,0.5652173913043478,13.0,198,129.0,0.6515151515151515
P0ADX9,2FPO,A,2,0.60102,1,0.16064,0,"70,125","67,68,69,70,71,72,73,122,123,124,125,126,127,128",56,"53,54,55,56,57,58,59","70,125",56,55,3,0.2777777777777778,104,33,0.3383838383838384,0.2828282828282828,0.8,56.0,,,,198,67.66666666666667,0.3417508417508417
P0ADY3,6XZ7,K,1,0.0,0,-0.6089,1,"11,63","8,9,10,11,12,13,14,60,61,62,63,64,65,66",84,"81,82,83,84,85,86,87","11,63",84,52,2,0.4227642276422764,87,33,0.5528455284552846,,,,0.3170731707317073,0.65,39.0,123,52.5,0.4268292682926829
P0ADY7,6QDW,m,1,0.1501,0,-0.82776,1,"40,73","37,38,39,40,41,42,43,70,71,72,73,74,75,76",93,"90,91,92,93,94,95,96","40,73",93,33,28,0.2426470588235294,76,32,0.4117647058823529,,,,0.3161764705882353,0.6825396825396826,43.0,136,60.60714285714285,0.445640756302521
P0AE01,4XBO,A,1,0.66069,1,0.96349,1,"17,116","14,15,16,17,18,19,20,113,114,115,116,117,118,119","7,130","4,5,6,7,8,9,10,127,128,129,130,131,132,133","17,116","7,130",99,1,0.4024390243902439,153,65,0.3861788617886179,0.0284552845528455,0.4117647058823529,7.0,0.4715447154471545,0.8923076923076924,116.0,246,99.0,0.4024390243902439
P0AE01,4XBO,A,2,0.89098,1,0.69685,1,"86,122","83,84,85,86,87,88,89,119,120,121,122,123,124,125","78,130","75,76,77,78,79,80,81,127,128,129,130,131,132,133","86,122","78,130",36,2,0.1463414634146341,88,47,0.2398373983739837,0.3170731707317073,0.9069767441860463,78.0,0.4715447154471545,0.935483870967742,116.0,246,36.5,0.1483739837398374
P0AE01,4XBO,A,3,0.0,0,1.71272,2,"5,100","2,3,4,5,6,7,8,97,98,99,100,101,102,103","111,130","108,109,110,111,112,113,114,127,128,129,130,131,132,133","5,100","111,130",95,66,0.3861788617886179,148,61,0.3577235772357723,,,,0.4715447154471545,0.7945205479452054,116.0,246,71.12121212121212,0.289110618378911
P0AE01,4XBO,A,4,0.7907,1,-0.13782,0,"24,146","21,22,23,24,25,26,27,143,144,145,146,147,148,149",8,"5,6,7,8,9,10,11","24,146",8,122,17,0.4959349593495935,159,36,0.2967479674796748,0.032520325203252,0.3333333333333333,8.0,,,,246,125.82352941176472,0.5114777618364419
P0AE01,4XBO,A,5,1.11901,1,-0.0852,0,"116,145","113,114,115,116,117,118,119,142,143,144,145,146,147,148",79,"76,77,78,79,80,81,82","116,145",79,29,43,0.1178861788617886,60,36,0.2560975609756097,0.3211382113821138,0.6810344827586207,79.0,,,,246,44.69767441860465,0.1816978634902628
P0AE08,5B8A,H,1,-0.64969,0,0.97784,1,"21,76","18,19,20,21,22,23,24,73,74,75,76,77,78,79",96,"93,94,95,96,97,98,99","21,76",96,55,9,0.2941176470588235,108,35,0.3048128342245989,,,,0.4866310160427807,0.8198198198198198,91.0,187,60.77777777777778,0.3250148544266191
P0AE08,5B8A,H,2,0.82022,1,-0.09047,0,"50,120","47,48,49,50,51,52,53,117,118,119,120,121,122,123",38,"35,36,37,38,39,40,41","50,120",38,70,22,0.374331550802139,110,31,0.3582887700534759,0.2032085561497326,0.76,38.0,,,,187,88.5909090909091,0.4737481769567331
P0AE12,1T8R,A,1,-0.68795,1,0.01267,0,"86,119","83,84,85,86,87,88,89,116,117,118,119,120,121,122",55,"52,53,54,55,56,57,58","86,119",55,33,1,0.0681818181818181,73,40,0.134297520661157,0.1136363636363636,0.6395348837209303,55.0,,,,484,33.0,0.0681818181818181
P0AE12,1T8R,A,2,1.15184,1,-0.11846,0,"387,431","384,385,386,387,388,389,390,428,429,430,431,432,433,434",307,"304,305,306,307,308,309,310","387,431",307,44,5,0.0909090909090909,120,32,0.1074380165289256,0.6342975206611571,0.7932816537467701,307.0,,,,484,47.2,0.0975206611570248
P0AE12,1T8R,A,3,-0.02744,0,0.75772,1,"198,264","195,196,197,198,199,200,201,261,262,263,264,265,266,267",274,"271,272,273,274,275,276,277","198,264",274,66,17,0.1363636363636363,106,35,0.1301652892561983,,,,0.4338842975206611,0.9545454545454546,210.0,484,69.70588235294117,0.1440204180845892
P0AE12,1T8R,A,4,0.60441,1,-0.03304,0,"209,303","206,207,208,209,210,211,212,300,301,302,303,304,305,306",202,"199,200,201,202,203,204,205","209,303",202,94,15,0.1942148760330578,150,36,0.146694214876033,0.4173553719008264,0.9665071770334928,202.0,,,,484,208.66666666666663,0.431129476584022
P0AE12,1T8R,A,5,0.20939,0,1.06628,1,"286,330","283,284,285,286,287,288,289,327,328,329,330,331,332,333",406,"403,404,405,406,407,408,409","286,330",406,44,12,0.0909090909090909,127,37,0.1177685950413223,,,,0.1611570247933884,0.5064935064935064,78.0,484,61.833333333333336,0.1277548209366391
P0AE12,1T8R,A,6,0.63928,1,-0.03993,0,"328,377","325,326,327,328,329,330,331,374,375,376,377,378,379,380",321,"318,319,320,321,322,323,324","328,377",321,49,62,0.1012396694214876,98,36,0.1363636363636363,0.6632231404958677,0.9786585365853658,321.0,,,,484,91.7741935483871,0.1896161023727006
P0AE18,2GGC,A,1,-0.64697,1,0.67642,1,"79,221","76,77,78,79,80,81,82,218,219,220,221,222,223,224","71,233","68,69,70,71,72,73,74,230,231,232,233,234,235,236","79,221","71,233",142,13,0.5378787878787878,221,70,0.3371212121212121,0.2689393939393939,0.8987341772151899,71.0,0.1174242424242424,0.7209302325581395,31.0,264,141.07692307692307,0.5343822843822843
P0AE22,2B82,A,1,0.67148,1,0.303,0,"101,165","98,99,100,101,102,103,104,162,163,164,165,166,167,168",41,"38,39,40,41,42,43,44","126,190",66,64,16,0.270042194092827,108,35,0.2742616033755274,0.2784810126582278,0.5238095238095238,66.0,,,,237,101.75,0.4293248945147679
P0AE67,6TG7,A,1,0.70632,1,0.06099,0,"25,55","22,23,24,25,26,27,28,52,53,54,55,56,57,58",8,"5,6,7,8,9,10,11","25,55",8,30,15,0.2325581395348837,68,34,0.4728682170542636,0.0620155038759689,0.32,8.0,,,,129,81.86666666666666,0.6346253229974159
P0AE70,5CR2,A,1,-0.04945,0,-0.66505,1,"51,64","48,49,50,51,52,53,54,61,62,63,64,65,66,67",72,"69,70,71,72,73,74,75","51,64",72,13,2,0.1171171171171171,36,32,0.4594594594594595,,,,0.3513513513513513,0.8297872340425532,39.0,111,22.5,0.2027027027027027
P0AE70,5CR2,A,2,-1.01574,3,0.04984,0,"68,91","65,66,67,68,69,70,71,88,89,90,91,92,93,94","13,30,49","10,11,12,13,14,15,16,27,28,29,30,31,32,33,46,47,48,49,50,51,52","68,91","13,30,49",23,19,0.2072072072072072,65,63,0.6756756756756757,0.1171171171171171,0.1911764705882352,13.0,,,,111,35.31578947368421,0.3181602655286866
P0AE78,5YZ2,B,1,0.0,0,-0.65711,1,"73,168","70,71,72,73,74,75,76,165,166,167,168,169,170,171",178,"175,176,177,178,179,180,181","73,168",178,95,2,0.3253424657534247,119,36,0.1678082191780822,,,,0.3904109589041096,0.9193548387096774,114.0,292,97.0,0.3321917808219178
P0AE82,4BIW,A,1,0.03492,0,0.64524,1,"291,403","288,289,290,291,292,293,294,400,401,402,403,404,405,406",420,"417,418,419,420,421,422,423","291,403",420,112,2,0.2450765864332603,161,27,0.1159737417943107,,,,0.0809628008752735,0.6851851851851852,37.0,457,114.0,0.24945295404814
P0AEA2,4UV2,E,1,0.75419,1,-0.12855,0,"72,123","69,70,71,72,73,74,75,120,121,122,123,124,125,126",36,"33,34,35,36,37,38,39","87,138",51,51,37,0.1841155234657039,83,30,0.2274368231046931,0.1841155234657039,0.5862068965517241,51.0,,,,277,119.64864864864865,0.4319445799590203
P0AEB2,6NTZ,A,1,0.62846,1,0.0046,0,"60,288","57,58,59,60,61,62,63,285,286,287,288,289,290,291",51,"48,49,50,51,52,53,54","60,288",51,228,2,0.56575682382134,251,41,0.1464019851116625,0.1265508684863523,0.85,51.0,,,,403,230.0,0.5707196029776674
P0AEB2,6NTZ,A,2,0.02864,0,-0.71105,1,"68,172","65,66,67,68,69,70,71,169,170,171,172,173,174,175",188,"185,186,187,188,189,190,191","68,172",188,104,3,0.2580645161290322,157,33,0.1339950372208436,,,,0.533498759305211,0.9307359307359307,215.0,403,105.33333333333331,0.2613730355665839
P0AEB2,6NTZ,A,3,-0.73591,1,0.15081,0,"183,246","180,181,182,183,184,185,186,243,244,245,246,247,248,249",72,"69,70,71,72,73,74,75","183,246",72,63,39,0.1563275434243176,128,37,0.1315136476426799,0.1786600496277915,0.3934426229508196,72.0,,,,403,87.3076923076923,0.216644397785837
P0AEC8,3BY8,A,1,0.16349,0,-0.68194,1,"100,152","97,98,99,100,101,102,103,149,150,151,152,153,154,155",162,"159,160,161,162,163,164,165","100,152",162,52,16,0.0957642725598526,87,41,0.1104972375690607,,,,0.7016574585635359,0.9744245524296676,381.0,543,87.0,0.1602209944751381
P0AEE3,1TE0,A,1,-0.03644,0,-0.81032,1,"90,119","87,88,89,90,91,92,93,116,117,118,119,120,121,122",130,"127,128,129,130,131,132,133","90,119",130,29,1,0.0816901408450704,76,33,0.1633802816901408,,,,0.6338028169014085,0.9533898305084746,225.0,355,29.0,0.0816901408450704
P0AEE3,1TE0,A,2,0.0305,0,-0.62066,1,"189,217","186,187,188,189,190,191,192,214,215,216,217,218,219,220",234,"231,232,233,234,235,236,237","189,217",234,28,3,0.0788732394366197,92,34,0.180281690140845,,,,0.3408450704225352,0.8768115942028986,121.0,355,31.0,0.0873239436619718
P0AEE3,1TE0,A,3,0.73194,1,0.76143,1,"93,202","90,91,92,93,94,95,96,199,200,201,202,203,204,205","84,212","81,82,83,84,85,86,87,209,210,211,212,213,214,215","93,202","84,212",109,13,0.3070422535211267,181,64,0.2647887323943662,0.2366197183098591,0.9032258064516128,84.0,0.4028169014084507,0.934640522875817,143.0,355,119.46153846153848,0.3365113759479957
P0AEE3,1TE0,A,4,0.64932,1,-0.01724,0,"92,215","89,90,91,92,93,94,95,212,213,214,215,216,217,218",83,"80,81,82,83,84,85,86","92,215",83,123,3,0.3464788732394366,186,38,0.2478873239436619,0.2338028169014084,0.9021739130434784,83.0,,,,355,141.66666666666666,0.3990610328638497
P0AEE3,1TE0,A,5,-0.16322,0,0.66905,1,"124,189","121,122,123,124,125,126,127,186,187,188,189,190,191,192",236,"233,234,235,236,237,238,239","124,189",236,65,1,0.1830985915492957,143,38,0.1943661971830985,,,,0.3352112676056338,0.7168674698795181,119.0,355,65.0,0.1830985915492957
P0AEE5,2GBP,A,1,0.62205,1,0.18418,0,"158,183","155,156,157,158,159,160,161,180,181,182,183,184,185,186",146,"143,144,145,146,147,148,149","181,206",169,25,13,0.0753012048192771,67,37,0.1987951807228915,0.5090361445783133,0.9337016574585636,169.0,,,,332,59.84615384615385,0.1802594995366079
P0AEG4,1A2J,A,1,0.74824,1,-0.01334,0,"46,153","43,44,45,46,47,48,49,150,151,152,153,154,155,156",23,"20,21,22,23,24,25,26","65,172",42,107,26,0.5144230769230769,144,31,0.2932692307692308,0.2019230769230769,0.6461538461538462,42.0,,,,208,129.80769230769232,0.6240754437869823
P0AEG6,1EEJ,B,1,-0.06242,0,0.79724,1,"81,105","78,79,80,81,82,83,84,102,103,104,105,106,107,108",117,"114,115,116,117,118,119,120","101,125",137,24,2,0.1016949152542373,63,33,0.2415254237288135,,,,0.4194915254237288,0.8918918918918919,99.0,236,25.5,0.1080508474576271
P0AEG6,1EEJ,B,2,0.83288,1,-0.03507,0,"104,183","101,102,103,104,105,106,107,180,181,182,183,184,185,186",93,"90,91,92,93,94,95,96","124,203",113,79,22,0.3347457627118644,122,37,0.2627118644067797,0.4788135593220339,0.9112903225806452,113.0,,,,236,87.5909090909091,0.3711479198767334
P0AEJ2,3HWO,A,1,-0.10736,0,-0.84465,3,"47,256","44,45,46,47,48,49,50,253,254,255,256,257,258,259","295,330,343","292,293,294,295,296,297,298,327,328,329,330,331,332,333,340,341,342,343,344,345,346","47,256","295,330,343",209,1,0.5345268542199488,350,74,0.248081841432225,,,,0.1227621483375959,0.3555555555555555,48.0,391,209.0,0.5345268542199488
P0AEJ2,3HWO,A,2,-0.71229,1,-0.28577,0,"88,342","85,86,87,88,89,90,91,339,340,341,342,343,344,345",76,"73,74,75,76,77,78,79","88,342",76,254,1,0.649616368286445,347,37,0.2122762148337595,0.1943734015345268,0.8636363636363636,76.0,,,,391,254.0,0.649616368286445
P0AEJ2,3HWO,A,3,-0.1519,0,-0.84876,1,"32,75","29,30,31,32,33,34,35,72,73,74,75,76,77,78",90,"87,88,89,90,91,92,93","32,75",90,43,4,0.1099744245524296,81,31,0.1713554987212276,,,,0.7698209718670077,0.9525316455696202,301.0,391,49.25,0.1259590792838874
P0AEJ2,3HWO,A,4,0.24266,0,-0.70459,1,"147,241","144,145,146,147,148,149,150,238,239,240,241,242,243,244",359,"356,357,358,359,360,361,362","147,241",359,94,84,0.2404092071611253,217,36,0.2199488491048593,,,,0.0818414322250639,0.2133333333333333,32.0,391,208.9047619047619,0.5342832785288029
P0AEJ2,3HWO,A,5,-0.87219,1,0.10844,0,"276,347","273,274,275,276,277,278,279,344,345,346,347,348,349,350",210,"207,208,209,210,211,212,213","276,347",210,71,8,0.1815856777493606,176,36,0.2352941176470588,0.5370843989769821,0.7608695652173914,210.0,,,,391,94.5,0.2416879795396419
P0AEJ4,5XGA,A,1,0.0,0,-0.61987,1,"10,100","7,8,9,10,11,12,13,97,98,99,100,101,102,103",112,"109,110,111,112,113,114,115","43,133",145,90,1,0.2,107,27,0.1266666666666666,,,,0.6777777777777778,0.9621451104100948,305.0,450,90.0,0.2
P0AEJ4,5XGA,A,2,0.07498,0,-0.69658,3,"18,79","15,16,17,18,19,20,21,76,77,78,79,80,81,82","89,101,112","86,87,88,89,90,91,92,98,99,100,101,102,103,104,109,110,111,112,113,114,115","51,112","122,134,145",61,9,0.1355555555555555,87,57,0.1733333333333333,,,,0.6777777777777778,0.9023668639053254,305.0,450,63.55555555555556,0.1412345679012345
P0AEJ6,5YSN,A,1,0.13278,0,1.02959,3,"123,305","120,121,122,123,124,125,126,302,303,304,305,306,307,308","323,349,359","320,321,322,323,324,325,326,346,347,348,349,350,351,352,356,357,358,359,360,361,362","123,305","323,349,359",182,32,0.401766004415011,295,76,0.271523178807947,,,,0.2075055187637969,0.6351351351351351,94.0,453,233.625,0.515728476821192
P0AEJ6,5YSN,A,2,-0.08142,0,1.22865,3,"72,249","69,70,71,72,73,74,75,246,247,248,249,250,251,252","285,312,322","282,283,284,285,286,287,288,309,310,311,312,313,314,315,319,320,321,322,323,324,325","72,249","285,312,322",177,15,0.390728476821192,297,74,0.2229580573951435,,,,0.2891832229580574,0.6421568627450981,131.0,453,182.26666666666668,0.402354672553348
P0AEJ6,5YSN,A,3,0.82972,1,0.28848,0,"258,292","255,256,257,258,259,260,261,289,290,291,292,293,294,295",247,"244,245,246,247,248,249,250","258,292",247,34,5,0.075055187637969,86,42,0.1611479028697571,0.5452538631346578,0.9573643410852714,247.0,,,,453,39.4,0.0869757174392936
P0AEJ6,5YSN,A,4,0.26022,0,0.75626,1,"373,396","370,371,372,373,374,375,376,393,394,395,396,397,398,399",407,"404,405,406,407,408,409,410","373,396",407,23,1,0.0507726269315673,76,38,0.1346578366445916,,,,0.1015452538631346,0.8070175438596491,46.0,453,23.0,0.0507726269315673
P0AEJ6,5YSN,A,5,-0.03036,0,1.07982,1,"141,350","138,139,140,141,142,143,144,347,348,349,350,351,352,353",358,"355,356,357,358,359,360,361","141,350",358,209,24,0.4613686534216336,312,42,0.1611479028697571,,,,0.2097130242825607,0.9223300970873788,95.0,453,229.75,0.5071743929359823
P0AEJ6,5YSN,A,6,1.02985,1,0.03448,0,"219,426","216,217,218,219,220,221,222,423,424,425,426,427,428,429",160,"157,158,159,160,161,162,163","219,426",160,207,50,0.4569536423841059,309,44,0.1810154525386313,0.3532008830022075,0.730593607305936,160.0,,,,453,239.78,0.5293156732891833
P0AEJ6,5YSN,A,7,0.72854,1,0.86257,1,"34,294","31,32,33,34,35,36,37,291,292,293,294,295,296,297","23,323","20,21,22,23,24,25,26,320,321,322,323,324,325,326","34,294","23,323",260,6,0.5739514348785872,378,74,0.2295805739514348,0.0507726269315673,0.6764705882352942,23.0,0.2869757174392936,0.8176100628930818,130.0,453,265.0,0.5849889624724062
P0AEJ8,2Z9H,A,1,0.12012,0,-0.73703,1,"46,66","43,44,45,46,47,48,49,63,64,65,66,67,68,69",78,"75,76,77,78,79,80,81","46,66",78,20,6,0.2105263157894736,52,31,0.5157894736842106,,,,0.1789473684210526,0.5862068965517241,17.0,95,34.333333333333336,0.3614035087719298
P0AEK0,4FZY,A,1,-0.55033,0,-0.78257,1,"29,125","26,27,28,29,30,31,32,122,123,124,125,126,127,128",142,"139,140,141,142,143,144,145","29,125",142,96,1,0.4363636363636363,147,36,0.2545454545454545,,,,0.3545454545454545,0.8210526315789474,78.0,220,96.0,0.4363636363636363
P0AEK2,1Q7B,C,1,0.63331,1,0.11363,0,"21,84","18,19,20,21,22,23,24,81,82,83,84,85,86,87",8,"5,6,7,8,9,10,11","21,84",8,63,10,0.2581967213114754,109,35,0.2950819672131147,0.0327868852459016,0.3809523809523809,8.0,,,,244,163.1,0.6684426229508197
P0AEK4,1QSG,D,1,0.94099,1,0.08999,0,"156,200","153,154,155,156,157,158,159,197,198,199,200,201,202,203",145,"142,143,144,145,146,147,148","156,200",145,44,5,0.1679389312977099,113,39,0.2824427480916031,0.5534351145038168,0.9294871794871796,145.0,,,,262,47.0,0.1793893129770992
P0AEK4,1QSG,D,2,0.64925,1,0.13261,0,"28,89","25,26,27,28,29,30,31,86,87,88,89,90,91,92",9,"6,7,8,9,10,11,12","28,89",9,61,22,0.232824427480916,105,29,0.2404580152671755,0.0343511450381679,0.3214285714285714,9.0,,,,262,167.22727272727272,0.6382720333102012
P0AEL6,3TLK,A,1,0.0,0,0.80899,1,"37,130","34,35,36,37,38,39,40,127,128,129,130,131,132,133",142,"139,140,141,142,143,144,145","37,130",142,93,3,0.2924528301886792,139,29,0.1698113207547169,,,,0.5534591194968553,0.9361702127659576,176.0,318,94.0,0.2955974842767295
P0AEL6,3TLK,A,2,0.9812,1,0.0901,0,"79,266","76,77,78,79,80,81,82,263,264,265,266,267,268,269",71,"68,69,70,71,72,73,74","79,266",71,187,2,0.5880503144654088,262,34,0.2169811320754717,0.2232704402515723,0.8987341772151899,71.0,,,,318,198.0,0.6226415094339622
P0AEL6,3TLK,A,3,0.76439,1,0.0418,0,"60,120","57,58,59,60,61,62,63,117,118,119,120,121,122,123",50,"47,48,49,50,51,52,53","60,120",50,60,37,0.1886792452830188,106,36,0.2264150943396226,0.1572327044025157,0.8333333333333334,50.0,,,,318,147.1081081081081,0.4626041135475097
P0AEL6,3TLK,A,4,0.60795,1,0.09107,0,"219,265","216,217,218,219,220,221,222,262,263,264,265,266,267,268",194,"191,192,193,194,195,196,197","219,265",194,46,13,0.1446540880503144,98,31,0.2075471698113207,0.610062893081761,0.8858447488584474,194.0,,,,318,82.53846153846153,0.2595549104983067
P0AEM0,4DT4,A,1,-0.76213,1,0.0,0,"34,141","31,32,33,34,35,36,37,138,139,140,141,142,143,144",13,"10,11,12,13,14,15,16","34,141",13,107,1,0.7181208053691275,133,35,0.3557046979865771,0.087248322147651,0.3823529411764705,13.0,,,,149,107.0,0.7181208053691275
P0AEM0,4DT4,A,2,0.03602,0,-0.60941,1,"79,114","76,77,78,79,80,81,82,111,112,113,114,115,116,117",123,"120,121,122,123,124,125,126","79,114",123,35,1,0.2348993288590604,51,31,0.2818791946308724,,,,0.174496644295302,0.7428571428571429,26.0,149,35.0,0.2348993288590604
P0AEN1,1QFJ,A,1,0.74981,1,0.10882,0,"120,198","117,118,119,120,121,122,123,195,196,197,198,199,200,201",106,"103,104,105,106,107,108,109","121,199",107,78,7,0.334763948497854,116,35,0.2918454935622318,0.4592274678111588,0.8842975206611571,107.0,,,,233,93.85714285714286,0.4028203556100552
P0AEN8,2WCV,B,1,0.04113,0,0.72788,1,"29,50","26,27,28,29,30,31,32,47,48,49,50,51,52,53",122,"119,120,121,122,123,124,125","29,50",122,21,26,0.15,51,34,0.4,,,,0.1285714285714285,0.2,18.0,140,37.23076923076923,0.2659340659340659
P0AEN8,2WCV,B,2,1.03412,1,-0.6238,1,"53,123","50,51,52,53,54,55,56,120,121,122,123,124,125,126","26,132","23,24,25,26,27,28,29,129,130,131,132,133,134,135","53,123","26,132",70,50,0.5,121,49,0.5571428571428572,0.1857142857142857,0.490566037735849,26.0,0.0571428571428571,0.4705882352941176,8.0,140,78.04,0.5574285714285715
P0AEN8,2WCV,B,3,1.7437,2,-0.39851,0,"89,125","86,87,88,89,90,91,92,122,123,124,125,126,127,128","28,71","25,26,27,28,29,30,31,68,69,70,71,72,73,74","89,125","28,71",36,59,0.2571428571428571,84,60,0.6214285714285714,0.2,0.3146067415730337,28.0,,,,140,62.1864406779661,0.4441888619854722
P0AEP3,2E3D,C,1,-0.94449,1,-0.19322,0,"199,246","196,197,198,199,200,201,202,243,244,245,246,247,248,249",180,"177,178,179,180,181,182,183","199,246",180,47,29,0.1556291390728476,99,30,0.1821192052980132,0.5960264900662252,0.9045226130653268,180.0,,,,302,62.37931034482759,0.2065540077643297
P0AEP3,2E3D,C,2,0.64857,1,-0.00073,0,"215,259","212,213,214,215,216,217,218,256,257,258,259,260,261,262",168,"165,166,167,168,169,170,171","215,259",168,44,2,0.1456953642384106,96,36,0.2218543046357615,0.5562913907284768,0.7813953488372093,168.0,,,,302,46.0,0.152317880794702
P0AEP7,2PAN,B,1,-0.61892,1,0.0,0,"381,585","378,379,380,381,382,383,384,582,583,584,585,586,587,588",361,"358,359,360,361,362,363,364","381,585",361,204,9,0.3440134907251265,284,30,0.1011804384485666,0.6087689713322091,0.94750656167979,361.0,,,,593,208.22222222222223,0.3511335956529886
P0AEP7,2PAN,B,2,0.64862,1,0.15206,0,"398,478","395,396,397,398,399,400,401,475,476,477,478,479,480,481",390,"387,388,389,390,391,392,393","398,478",390,80,2,0.1349072512647554,172,39,0.133220910623946,0.657672849915683,0.9798994974874372,390.0,,,,593,121.0,0.2040472175379426
P0AEP7,2PAN,B,3,0.2408,0,0.75423,1,"98,143","95,96,97,98,99,100,101,140,141,142,143,144,145,146",161,"158,159,160,161,162,163,164","98,143",161,45,21,0.0758853288364249,99,43,0.1433389544688027,,,,0.7284991568296796,0.96,432.0,593,102.14285714285714,0.1722476511683931
P0AEP7,2PAN,B,4,0.61198,1,0.13657,0,"37,73","34,35,36,37,38,39,40,70,71,72,73,74,75,76",22,"19,20,21,22,23,24,25","37,73",22,36,15,0.0607082630691399,91,35,0.1247892074198988,0.0370994940978077,0.5945945945945946,22.0,,,,593,85.8,0.1446880269814502
P0AEP7,2PAN,B,5,0.96156,0,1.19726,1,"155,216","152,153,154,155,156,157,158,213,214,215,216,217,218,219",320,"317,318,319,320,321,322,323","155,216",320,61,14,0.102866779089376,173,35,0.1315345699831366,,,,0.460370994940978,0.7241379310344828,273.0,593,139.92857142857142,0.2359672368104071
P0AEP7,2PAN,B,6,0.64098,1,-0.08945,0,"226,275","223,224,225,226,227,228,229,272,273,274,275,276,277,278",207,"204,205,206,207,208,209,210","226,275",207,49,113,0.0826306913996627,126,37,0.1129848229342327,0.3490725126475548,0.915929203539823,207.0,,,,593,156.8230088495575,0.2644570132370278
P0AEP7,2PAN,B,7,0.00053,0,0.76195,1,"469,535","466,467,468,469,470,471,472,532,533,534,535,536,537,538",552,"549,550,551,552,553,554,555","469,535",552,66,25,0.1112984822934232,117,41,0.1146711635750421,,,,0.0691399662731871,0.7068965517241379,41.0,593,136.68,0.2304890387858347
P0AEP7,2PAN,B,8,0.71087,3,-0.33044,0,"292,567","289,290,291,292,293,294,295,564,565,566,567,568,569,570","211,251,277","208,209,210,211,212,213,214,248,249,250,251,252,253,254,274,275,276,277,278,279,280","292,567","211,251,277",275,5,0.463743676222597,395,79,0.178752107925801,0.3558178752107925,0.7226027397260274,211.0,,,,593,278.0,0.4688026981450253
P0AEQ3,1WDN,A,1,-0.0771,0,-0.73703,1,"68,85","65,66,67,68,69,70,71,82,83,84,85,86,87,88",185,"182,183,184,185,186,187,188","90,107",207,17,33,0.0685483870967741,44,32,0.2338709677419354,,,,0.1653225806451612,0.2907801418439716,41.0,248,93.6969696969697,0.3778103616813294
P0AEQ3,1WDN,A,2,-0.73144,1,-0.00573,0,"155,180","152,153,154,155,156,157,158,177,178,179,180,181,182,183",90,"87,88,89,90,91,92,93","177,202",112,25,11,0.1008064516129032,52,35,0.2177419354838709,0.4516129032258064,0.632768361581921,112.0,,,,248,55.81818181818182,0.2250733137829912
P0AEQ3,1WDN,A,3,0.64916,1,0.11678,0,"123,155","120,121,122,123,124,125,126,152,153,154,155,156,157,158",112,"109,110,111,112,113,114,115","145,177",134,32,2,0.1290322580645161,65,37,0.2459677419354838,0.5403225806451613,0.9241379310344828,134.0,,,,248,33.5,0.1350806451612903
P0AER0,1FX8,A,1,0.38597,0,0.68358,1,"75,160","72,73,74,75,76,77,78,157,158,159,160,161,162,163",203,"200,201,202,203,204,205,206","75,160",203,85,25,0.302491103202847,162,40,0.2846975088967972,,,,0.2775800711743772,0.6446280991735537,78.0,281,122.84,0.437153024911032
P0AES0,2IO9,B,1,0.02728,0,-0.99366,1,"101,117","98,99,100,101,102,103,104,114,115,116,117,118,119,120",189,"186,187,188,189,190,191,192","101,117",189,16,44,0.0258481421647819,55,31,0.1050080775444265,,,,0.6946688206785138,0.8565737051792829,430.0,619,59.38636363636363,0.0959391981201351
P0AES0,2IO9,B,2,0.03453,0,-0.75544,1,"498,533","495,496,497,498,499,500,501,530,531,532,533,534,535,536",567,"564,565,566,567,568,569,570","498,533",567,35,14,0.0565428109854604,73,35,0.1098546042003231,,,,0.0840064620355412,0.6046511627906976,52.0,619,105.28571428571428,0.1700900069236095
P0AES0,2IO9,B,3,-0.6271,1,-0.03401,0,"546,570","543,544,545,546,547,548,549,567,568,569,570,571,572,573",530,"527,528,529,530,531,532,533","546,570",530,24,10,0.0387722132471728,60,32,0.0936995153473344,0.8562197092084006,0.9706959706959708,530.0,,,,619,56.4,0.0911147011308562
P0AES0,2IO9,B,4,-0.07465,0,0.66957,3,"245,345","242,243,244,245,246,247,248,342,343,344,345,346,347,348","584,596,612","581,582,583,584,585,586,587,593,594,595,596,597,598,599,609,610,611,612,613,614,615","245,345","584,596,612",100,40,0.1615508885298869,209,76,0.1663974151857835,,,,0.011308562197092,0.0255474452554744,7.0,619,130.85,0.211389337641357
P0AES0,2IO9,B,5,0.18051,0,0.84145,1,"425,466","422,423,424,425,426,427,428,463,464,465,466,467,468,469",478,"475,476,477,478,479,480,481","425,466",478,41,23,0.0662358642972536,86,23,0.0791599353796446,,,,0.2277867528271405,0.9215686274509804,141.0,619,131.1304347826087,0.2118423825244082
P0AES0,2IO9,B,6,0.81367,1,-0.05141,0,"372,588","369,370,371,372,373,374,375,585,586,587,588,589,590,591",334,"331,332,333,334,335,336,337","372,588",334,216,32,0.3489499192245557,303,30,0.1211631663974151,0.5395799676898223,0.8978494623655914,334.0,,,,619,244.90625,0.3956482229402261
P0AES0,2IO9,B,7,0.85925,1,0.08869,0,"399,439","396,397,398,399,400,401,402,436,437,438,439,440,441,442",383,"380,381,382,383,384,385,386","399,439",383,40,6,0.0646203554119547,80,32,0.1033925686591276,0.6187399030694669,0.9598997493734336,383.0,,,,619,44.5,0.0718901453957996
P0AES2,4GYP,A,1,-0.78336,1,1.14349,3,"34,162","31,32,33,34,35,36,37,159,160,161,162,163,164,165","23,342,353,367","20,21,22,23,24,25,26,339,340,341,342,343,344,345,350,351,352,353,354,355,356,364,365,366,367,368,369,370","34,162","23,342,353,367",128,71,0.2869955156950672,236,108,0.3026905829596412,0.0515695067264574,0.6764705882352942,23.0,0.1771300448430493,0.278169014084507,79.0,446,179.9154929577465,0.4033979662729741
P0AES2,4GYP,A,2,-0.16553,0,1.12646,3,"22,164","19,20,21,22,23,24,25,161,162,163,164,165,166,167","342,353,367","339,340,341,342,343,344,345,350,351,352,353,354,355,356,364,365,366,367,368,369,370","22,164","342,353,367",142,7,0.3183856502242152,253,76,0.2713004484304933,,,,0.1771300448430493,0.2801418439716312,79.0,446,159.28571428571428,0.3571428571428571
P0AES2,4GYP,A,3,-0.75127,1,0.11409,0,"35,413","32,33,34,35,36,37,38,410,411,412,413,414,415,416",19,"16,17,18,19,20,21,22","35,413",19,378,35,0.8475336322869955,424,38,0.1390134529147982,0.0426008968609865,0.5428571428571428,19.0,,,,446,399.9428571428571,0.896732863549007
P0AES2,4GYP,A,4,-0.00675,0,0.86246,1,"147,348","144,145,146,147,148,149,150,345,346,347,348,349,350,351",365,"362,363,364,365,366,367,368","147,348",365,201,22,0.4506726457399103,280,33,0.179372197309417,,,,0.1816143497757847,0.826530612244898,81.0,446,223.54545454545453,0.5012229922543824
P0AES2,4GYP,A,5,0.76697,1,0.03811,0,"201,370","198,199,200,201,202,203,204,367,368,369,370,371,372,373",147,"144,145,146,147,148,149,150","201,370",147,169,33,0.3789237668161435,248,36,0.1591928251121076,0.3295964125560538,0.7313432835820896,147.0,,,,446,206.63636363636363,0.4633102323685283
P0AES4,2Y3P,B,1,0.75083,1,-0.67952,1,"76,148","73,74,75,76,77,78,79,145,146,147,148,149,150,151","49,155","46,47,48,49,50,51,52,152,153,154,155,156,157,158","76,148","49,155",72,10,0.0822857142857142,138,51,0.0651428571428571,0.056,0.6447368421052632,49.0,0.8228571428571428,0.9903713892709766,720.0,875,74.4,0.0850285714285714
P0AES4,2Y3P,B,2,-0.05694,0,-0.72772,1,"256,290","253,254,255,256,257,258,259,287,288,289,290,291,292,293",306,"303,304,305,306,307,308,309","256,290",306,34,1,0.0388571428571428,84,30,0.0548571428571428,,,,0.6502857142857142,0.9726495726495726,569.0,875,34.0,0.0388571428571428
P0AES4,2Y3P,B,3,0.12868,0,-0.67285,1,"63,104","60,61,62,63,64,65,66,101,102,103,104,105,106,107",125,"122,123,124,125,126,127,128","63,104",125,41,3,0.0468571428571428,87,36,0.0594285714285714,,,,0.8571428571428571,0.9727626459143968,750.0,875,42.0,0.048
P0AES4,2Y3P,B,4,-0.7694,1,0.29604,0,"112,219","109,110,111,112,113,114,115,216,217,218,219,220,221,222",98,"95,96,97,98,99,100,101","112,219",98,107,9,0.1222857142857142,211,29,0.0788571428571428,0.112,0.875,98.0,,,,875,157.66666666666666,0.1801904761904761
P0AES4,2Y3P,B,5,0.66366,1,-0.01326,0,"432,482","429,430,431,432,433,434,435,479,480,481,482,483,484,485",380,"377,378,379,380,381,382,383","432,482",380,50,4,0.0571428571428571,82,27,0.0537142857142857,0.4342857142857143,0.8796296296296297,380.0,,,,875,53.75,0.0614285714285714
P0AES6,1EI1,A,1,-0.02264,0,0.70937,1,"26,98","23,24,25,26,27,28,29,95,96,97,98,99,100,101",119,"116,117,118,119,120,121,122","26,98",119,72,6,0.0895522388059701,144,33,0.072139303482587,,,,0.8519900497512438,0.970254957507082,685.0,804,79.5,0.0988805970149253
P0AES6,1EI1,A,2,0.84419,1,-0.14386,0,"113,271","110,111,112,113,114,115,116,268,269,270,271,272,273,274",43,"40,41,42,43,44,45,46","113,271",43,158,17,0.1965174129353233,261,27,0.0920398009950248,0.0534825870646766,0.3805309734513274,43.0,,,,804,204.58823529411765,0.2544629792215394
P0AET8,1FMC,B,1,0.67661,1,0.0,0,"154,255","151,152,153,154,155,156,157,252,253,254,255,256,257,258",146,"143,144,145,146,147,148,149","154,255",146,101,1,0.396078431372549,148,37,0.2470588235294117,0.5725490196078431,0.948051948051948,146.0,,,,255,101.0,0.396078431372549
P0AET8,1FMC,B,2,0.71136,1,0.09547,0,"31,91","28,29,30,31,32,33,34,88,89,90,91,92,93,94",13,"10,11,12,13,14,15,16","31,91",13,60,22,0.2352941176470588,101,33,0.2705882352941176,0.0509803921568627,0.4193548387096774,13.0,,,,255,161.5,0.6333333333333333
P0AEU0,1HSL,A,1,0.70359,1,0.0,0,"17,231","14,15,16,17,18,19,20,228,229,230,231,232,233,234",10,"7,8,9,10,11,12,13","39,253",32,214,1,0.823076923076923,236,34,0.2461538461538461,0.123076923076923,0.8205128205128205,32.0,,,,260,214.0,0.823076923076923
P0AEU0,1HSL,A,2,0.60383,1,0.13781,0,"125,159","122,123,124,125,126,127,128,156,157,158,159,160,161,162",115,"112,113,114,115,116,117,118","147,181",137,34,1,0.1307692307692307,65,34,0.2461538461538461,0.5269230769230769,0.9319727891156464,137.0,,,,260,34.0,0.1307692307692307
P0AEU0,1HSL,A,3,0.69991,1,-0.80968,1,"33,87","30,31,32,33,34,35,36,84,85,86,87,88,89,90","8,197","5,6,7,8,9,10,11,194,195,196,197,198,199,200","55,109","30,219",54,71,0.2076923076923077,102,64,0.3538461538461538,0.1153846153846153,0.5454545454545454,30.0,0.1576923076923077,0.271523178807947,41.0,260,116.95774647887325,0.4498374864572047
P0AEU0,1HSL,A,4,-0.72538,1,0.02867,0,"159,185","156,157,158,159,160,161,162,182,183,184,185,186,187,188",93,"90,91,92,93,94,95,96","181,207",115,26,14,0.1,57,36,0.2423076923076923,0.4423076923076923,0.6353591160220995,115.0,,,,260,67.92857142857143,0.2612637362637363
P0AEV9,2e+85,B,1,0.84007,1,0.0,0,"84,151","81,82,83,84,85,86,87,148,149,150,151,152,153,154",74,"71,72,73,74,75,76,77","84,151",74,67,3,0.4294871794871794,121,32,0.3333333333333333,0.4743589743589743,0.8809523809523809,74.0,,,,156,69.0,0.4423076923076923
P0AEV9,2e+85,B,2,0.6273,1,-0.00391,0,"22,61","19,20,21,22,23,24,25,58,59,60,61,62,63,64",5,"2,3,4,5,6,7,8","22,61",5,39,26,0.25,79,38,0.4230769230769231,0.032051282051282,0.2272727272727272,5.0,,,,156,91.73076923076924,0.5880177514792899
P0AEW6,6VWO,A,1,-0.78623,1,-0.04067,0,"322,336","319,320,321,322,323,324,325,333,334,335,336,337,338,339",295,"292,293,294,295,296,297,298","322,336",295,14,13,0.032258064516129,46,38,0.1382488479262673,0.6797235023041475,0.9161490683229814,295.0,,,,434,22.153846153846157,0.0510457284650833
P0AEW6,6VWO,A,2,0.79607,1,0.05624,0,"129,149","126,127,128,129,130,131,132,146,147,148,149,150,151,152",115,"112,113,114,115,116,117,118","129,149",115,20,4,0.0460829493087557,59,38,0.1612903225806451,0.2649769585253456,0.8914728682170543,115.0,,,,434,23.25,0.0535714285714285
P0AEW6,6VWO,A,3,0.23442,0,-1.40868,2,"272,313","269,270,271,272,273,274,275,310,311,312,313,314,315,316","319,336","316,317,318,319,320,321,322,333,334,335,336,337,338,339","272,313","319,336",41,8,0.0944700460829493,93,49,0.1705069124423963,,,,0.2258064516129032,0.8099173553719008,98.0,434,42.0,0.0967741935483871
P0AEX9,1ANF,A,1,0.07911,0,-0.6659,1,"64,96","61,62,63,64,65,66,67,93,94,95,96,97,98,99",104,"101,102,103,104,105,106,107","90,122",130,32,1,0.0808080808080808,71,31,0.1565656565656565,,,,0.6717171717171717,0.9708029197080292,266.0,396,32.0,0.0808080808080808
P0AEX9,1ANF,A,2,0.05908,0,-0.60599,1,"61,108","58,59,60,61,62,63,64,105,106,107,108,109,110,111",263,"260,261,262,263,264,265,266","87,134",289,47,4,0.1186868686868686,87,38,0.1843434343434343,,,,0.2702020202020202,0.4083969465648855,107.0,396,143.5,0.3623737373737373
P0AEX9,1ANF,A,3,0.63435,1,0.14555,0,"20,61","17,18,19,20,21,22,23,58,59,60,61,62,63,64",9,"6,7,8,9,10,11,12","46,87",35,41,24,0.1035353535353535,81,33,0.1944444444444444,0.0883838383838383,0.7608695652173914,35.0,,,,396,254.79166666666663,0.6434132996632996
P0AEX9,1ANF,A,4,-1.34632,3,-0.01526,0,"158,339","155,156,157,158,159,160,161,336,337,338,339,340,341,342","111,114,149","108,109,110,111,112,113,114,111,112,113,114,115,116,117,146,147,148,149,150,151,152","184,365","137,140,175",181,113,0.457070707070707,289,85,0.3207070707070707,0.3459595959595959,0.7445652173913043,137.0,,,,396,125.69026548672566,0.3173996603200143
P0AEX9,1ANF,A,5,-2.07652,4,0.04443,0,"176,331","173,174,175,176,177,178,179,328,329,330,331,332,333,334","111,114,148,158","108,109,110,111,112,113,114,111,112,113,114,115,116,117,145,146,147,148,149,150,151,155,156,157,158,159,160,161","202,357","137,140,174,184",155,4,0.3914141414141414,271,105,0.3585858585858585,0.3459595959595959,0.6782178217821783,137.0,,,,396,147.0,0.3712121212121212
P0AEY8,4ZP0,A,1,0.78646,1,0.87309,1,"62,236","59,60,61,62,63,64,65,233,234,235,236,237,238,239","28,354","25,26,27,28,29,30,31,351,352,353,354,355,356,357","62,236","28,354",174,126,0.424390243902439,265,58,0.2512195121951219,0.0682926829268292,0.4516129032258064,28.0,0.1365853658536585,0.3218390804597701,56.0,410,161.16666666666666,0.3930894308943089
P0AEY8,4ZP0,A,2,-0.10697,0,0.68823,1,"57,108","54,55,56,57,58,59,60,105,106,107,108,109,110,111",114,"111,112,113,114,115,116,117","57,108",114,51,14,0.124390243902439,119,33,0.1463414634146341,,,,0.7219512195121951,0.9801324503311258,296.0,410,61.42857142857143,0.1498257839721254
P0AEY8,4ZP0,A,3,0.60372,1,0.06104,0,"133,193","130,131,132,133,134,135,136,190,191,192,193,194,195,196",24,"21,22,23,24,25,26,27","133,193",24,60,4,0.1463414634146341,116,30,0.1634146341463414,0.0585365853658536,0.1804511278195488,24.0,,,,410,119.5,0.2914634146341463
P0AEY8,4ZP0,A,4,0.02256,0,0.84103,1,"231,295","228,229,230,231,232,233,234,292,293,294,295,296,297,298",326,"323,324,325,326,327,328,329","231,295",326,64,2,0.1560975609756097,120,39,0.1780487804878048,,,,0.2048780487804878,0.7304347826086957,84.0,410,64.5,0.1573170731707317
P0AEY8,4ZP0,A,5,0.73269,1,0.0,0,"341,398","338,339,340,341,342,343,344,395,396,397,398,399,400,401",226,"223,224,225,226,227,228,229","341,398",226,57,41,0.1390243902439024,115,33,0.1292682926829268,0.551219512195122,0.6627565982404692,226.0,,,,410,86.7560975609756,0.211600237953599
P0AEZ3,3Q9L,B,1,0.0,0,0.88436,1,"4,106","1,2,3,4,5,6,7,103,104,105,106,107,108,109",118,"115,116,117,118,119,120,121","4,106",118,102,2,0.3777777777777777,162,38,0.2407407407407407,,,,0.562962962962963,0.926829268292683,152.0,270,104.0,0.3851851851851852
P0AEZ3,3Q9L,B,2,0.0447,0,0.65371,1,"41,60","38,39,40,41,42,43,44,57,58,59,60,61,62,63",88,"85,86,87,88,89,90,91","41,60",88,19,4,0.0703703703703703,58,34,0.2111111111111111,,,,0.674074074074074,0.8666666666666667,182.0,270,25.75,0.0953703703703703
P0AEZ3,3Q9L,B,3,0.62874,3,-0.31234,0,"79,229","76,77,78,79,80,81,82,226,227,228,229,230,231,232","6,21,36","3,4,5,6,7,8,9,18,19,20,21,22,23,24,33,34,35,36,37,38,39","79,229","6,21,36",150,1,0.5555555555555556,235,92,0.4185185185185185,0.0222222222222222,0.0759493670886076,6.0,,,,270,150.0,0.5555555555555556
P0AEZ9,1MKZ,B,1,0.82334,1,-0.0284,0,"33,74","30,31,32,33,34,35,36,71,72,73,74,75,76,77",14,"11,12,13,14,15,16,17","33,74",14,41,20,0.2411764705882353,90,39,0.4117647058823529,0.0823529411764705,0.4242424242424242,14.0,,,,170,97.05,0.5708823529411765
P0AF12,4WKC,A,1,-0.09369,0,1.15323,1,"52,97","49,50,51,52,53,54,55,94,95,96,97,98,99,100",175,"172,173,174,175,176,177,178","52,97",175,45,10,0.1939655172413793,134,37,0.2887931034482758,,,,0.2456896551724137,0.4222222222222222,57.0,232,73.3,0.315948275862069
P0AF12,4WKC,A,2,0.74446,1,-0.0361,0,"171,199","168,169,170,171,172,173,174,196,197,198,199,200,201,202",77,"74,75,76,77,78,79,80","171,199",77,28,53,0.1206896551724138,100,42,0.3620689655172414,0.3318965517241379,0.4502923976608187,77.0,,,,232,67.86792452830188,0.2925341574495771
P0AF18,2P50,A,1,0.47336,0,0.72542,1,"250,298","247,248,249,250,251,252,253,295,296,297,298,299,300,301",309,"306,307,308,309,310,311,312","250,298",309,48,1,0.1256544502617801,108,34,0.1596858638743455,,,,0.1910994764397905,0.8690476190476191,73.0,382,48.0,0.1256544502617801
P0AF18,2P50,A,2,0.91329,1,-0.02792,0,"89,279","86,87,88,89,90,91,92,276,277,278,279,280,281,282",58,"55,56,57,58,59,60,61","89,279",58,190,7,0.4973821989528796,263,40,0.1910994764397905,0.1518324607329843,0.651685393258427,58.0,,,,382,214.0,0.5602094240837696
P0AF18,2P50,A,3,0.66711,1,0.20104,0,"143,195","140,141,142,143,144,145,146,192,193,194,195,196,197,198",133,"130,131,132,133,134,135,136","143,195",133,52,9,0.1361256544502617,99,36,0.1806282722513089,0.3481675392670157,0.93006993006993,133.0,,,,382,115.33333333333331,0.3019197207678883
P0AF18,2P50,A,4,-0.63533,1,-0.01073,0,"328,367","325,326,327,328,329,330,331,364,365,366,367,368,369,370",53,"50,51,52,53,54,55,56","328,367",53,39,6,0.1020942408376963,98,42,0.193717277486911,0.1387434554973822,0.1615853658536585,53.0,,,,382,48.66666666666666,0.1273996509598604
P0AF24,2C4N,A,1,0.64495,1,0.2395,0,"99,115","96,97,98,99,100,101,102,112,113,114,115,116,117,118",87,"84,85,86,87,88,89,90","99,115",87,16,4,0.064,45,31,0.248,0.348,0.8787878787878788,87.0,,,,250,26.5,0.106
P0AF93,1QU9,C,1,0.64035,1,0.0,0,"87,119","84,85,86,87,88,89,90,116,117,118,119,120,121,122",77,"74,75,76,77,78,79,80","87,119",77,32,1,0.25,63,33,0.484375,0.6015625,0.8850574712643678,77.0,,,,128,32.0,0.25
P0AFB1,5WQL,B,1,0.0,0,0.6296,1,"29,216","26,27,28,29,30,31,32,213,214,215,216,217,218,219",232,"229,230,231,232,233,234,235","29,216",232,187,1,0.6360544217687075,212,34,0.1870748299319728,,,,0.2108843537414966,0.7948717948717948,62.0,294,187.0,0.6360544217687075
P0AFC0,2O1C,A,1,0.0,0,-0.85153,1,"7,29","4,5,6,7,8,9,10,26,27,28,29,30,31,32",38,"35,36,37,38,39,40,41","7,29",38,22,2,0.1466666666666666,77,33,0.4266666666666667,,,,0.7466666666666667,0.9256198347107438,112.0,150,23.0,0.1533333333333333
P0AFC0,2O1C,A,2,0.0,0,-0.7356,1,"9,91","6,7,8,9,10,11,12,88,89,90,91,92,93,94",101,"98,99,100,101,102,103,104","9,91",101,82,10,0.5466666666666666,129,36,0.3933333333333333,,,,0.3266666666666666,0.8305084745762712,49.0,150,84.2,0.5613333333333334
P0AFC0,2O1C,A,3,-0.72619,1,0.00928,0,"36,120","33,34,35,36,37,38,39,117,118,119,120,121,122,123",27,"24,25,26,27,28,29,30","36,120",27,84,14,0.56,123,34,0.3333333333333333,0.18,0.75,27.0,,,,150,96.0,0.64
P0AFC0,2O1C,A,4,-0.99325,1,-0.87593,1,"35,84","32,33,34,35,36,37,38,81,82,83,84,85,86,87","12,101","9,10,11,12,13,14,15,98,99,100,101,102,103,104","35,84","12,101",49,6,0.3266666666666666,97,52,0.5133333333333333,0.08,0.3428571428571428,12.0,0.3266666666666666,0.7424242424242424,49.0,150,54.333333333333336,0.3622222222222222
P0AFF6,5LM9,A,1,-0.22254,0,-0.63,1,"166,184","163,164,165,166,167,168,169,181,182,183,184,185,186,187",197,"194,195,196,197,198,199,200","166,184",197,18,1,0.0363636363636363,52,36,0.1151515151515151,,,,0.602020202020202,0.9581993569131833,298.0,495,18.0,0.0363636363636363
P0AFG3,2JGD,A,1,0.81158,1,-0.0272,0,"763,799","760,761,762,763,764,765,766,796,797,798,799,800,801,802",753,"750,751,752,753,754,755,756","763,799",753,36,4,0.0385852090032154,108,41,0.0846730975348338,0.8070739549839229,0.9868938401048492,753.0,,,,933,54.75,0.0586816720257234
P0AFG3,2JGD,A,2,0.04882,0,0.61827,1,"533,672","530,531,532,533,534,535,536,669,670,671,672,673,674,675",678,"675,676,677,678,679,680,681","533,672",678,139,1,0.1489817792068596,217,34,0.0685959271168274,,,,0.2733118971061093,0.9770114942528736,255.0,933,139.0,0.1489817792068596
P0AFG3,2JGD,A,3,0.05181,0,0.81364,1,"715,764","712,713,714,715,716,717,718,761,762,763,764,765,766,767",775,"772,773,774,775,776,777,778","715,764",775,49,41,0.052518756698821,132,39,0.0846730975348338,,,,0.1693461950696677,0.9349112426035504,158.0,933,165.85365853658536,0.1777638355161686
P0AFG3,2JGD,A,4,0.65721,1,0.19397,0,"625,683","622,623,624,625,626,627,628,680,681,682,683,684,685,686",613,"610,611,612,613,614,615,616","625,683",613,58,8,0.0621650589496248,143,35,0.0836012861736334,0.6570203644158628,0.9808,613.0,,,,933,122.0,0.1307609860664523
P0AFG3,2JGD,A,5,-0.02862,0,0.8281,1,"806,825","803,804,805,806,807,808,809,822,823,824,825,826,827,828",842,"839,840,841,842,843,844,845","806,825",842,19,25,0.0203644158628081,55,35,0.0632368703108253,,,,0.097534833869239,0.8425925925925926,91.0,933,48.64,0.0521329046087888
P0AFG3,2JGD,A,6,0.83717,1,0.18611,0,"828,872","825,826,827,828,829,830,831,869,870,871,872,873,874,875",818,"815,816,817,818,819,820,821","828,872",818,44,17,0.0471596998928188,100,36,0.0771704180064308,0.8767416934619507,0.9879227053140096,818.0,,,,933,90.11764705882354,0.0965891179622974
P0AFG6,1SCZ,A,1,-0.03208,0,-0.70869,1,"206,353","203,204,205,206,207,208,209,350,351,352,353,354,355,356",367,"364,365,366,367,368,369,370","207,354",368,147,1,0.362962962962963,184,37,0.1333333333333333,,,,0.091358024691358,0.7254901960784313,37.0,405,147.0,0.362962962962963
P0AFG6,1SCZ,A,2,-0.74805,1,0.14464,0,"260,377","257,258,259,260,261,262,263,374,375,376,377,378,379,380",253,"250,251,252,253,254,255,256","261,378",254,117,1,0.2888888888888888,161,28,0.1111111111111111,0.6271604938271605,0.9731800766283524,254.0,,,,405,117.0,0.2888888888888888
P0AFG8,2G25,B,1,0.76123,3,0.49274,0,"196,613","193,194,195,196,197,198,199,610,611,612,613,614,615,616","85,106,137","82,83,84,85,86,87,88,103,104,105,106,107,108,109,134,135,136,137,138,139,140","197,614","86,107,138",417,5,0.4701240135287486,543,98,0.1645997745208568,0.09695603156708,0.4365482233502538,86.0,,,,887,425.4,0.4795941375422773
P0AFG8,2G25,B,2,0.0,0,0.9227,3,"59,273","56,57,58,59,60,61,62,270,271,272,273,274,275,276","291,368,387","288,289,290,291,292,293,294,365,366,367,368,369,370,371,384,385,386,387,388,389,390","60,274","292,369,388",214,8,0.2412626832018038,332,72,0.1082299887260428,,,,0.5625704622322435,0.8140293637846656,499.0,887,219.375,0.2473224351747463
P0AFG8,2G25,B,3,0.90302,5,0.48401,0,"237,572","234,235,236,237,238,239,240,569,570,571,572,573,574,575","86,110,137,200,226","83,84,85,86,87,88,89,107,108,109,110,111,112,113,134,135,136,137,138,139,140,197,198,199,200,201,202,203,223,224,225,226,227,228,229","238,573","87,111,138,201,227",335,1,0.3776775648252536,479,131,0.1758737316798196,0.0980834272829763,0.3655462184873949,87.0,,,,887,335.0,0.3776775648252536
P0AFG8,2G25,B,4,0.77312,1,-0.05336,0,"672,710","669,670,671,672,673,674,675,707,708,709,710,711,712,713",662,"659,660,661,662,663,664,665","673,711",663,38,2,0.0428410372040586,97,39,0.0868094701240135,0.7474633596392334,0.9851411589895988,663.0,,,,887,39.0,0.0439684329199549
P0AFG8,2G25,B,5,0.09902,0,0.76029,1,"256,373","253,254,255,256,257,258,259,370,371,372,373,374,375,376",388,"385,386,387,388,389,390,391","257,374",389,117,45,0.1319052987598647,177,44,0.089064261555806,,,,0.5614430665163472,0.9707602339181286,498.0,887,258.1111111111111,0.2909933608918952
P0AFG8,2G25,B,6,0.1835,0,0.83955,1,"622,670","619,620,621,622,623,624,625,667,668,669,670,671,672,673",689,"686,687,688,689,690,691,692","623,671",690,48,51,0.0541149943630214,131,41,0.0947012401352874,,,,0.222096956031567,0.9120370370370372,197.0,887,148.66666666666666,0.1676061630965802
P0AFG8,2G25,B,7,0.83139,1,0.1018,0,"556,566","553,554,555,556,557,558,559,563,564,565,566,567,568,569",537,"534,535,536,537,538,539,540","557,567",538,10,9,0.0112739571589627,43,28,0.060879368658399,0.6065388951521984,0.9658886894075404,538.0,,,,887,74.66666666666667,0.0841788801202555
P0AFG8,2G25,B,8,-0.03868,0,0.73791,1,"716,735","713,714,715,716,717,718,719,732,733,734,735,736,737,738",753,"750,751,752,753,754,755,756","717,736",754,19,21,0.0214205186020293,65,35,0.0834272829763247,,,,0.1499436302142051,0.8807947019867549,133.0,887,52.47619047619048,0.0591614323294142
P0AFG8,2G25,B,9,0.80089,1,0.06059,0,"738,800","735,736,737,738,739,740,741,797,798,799,800,801,802,803",728,"725,726,727,728,729,730,731","739,801",729,62,23,0.0698985343855693,128,42,0.0879368658399098,0.8218714768883878,0.986468200270636,729.0,,,,887,106.3913043478261,0.1199451007303563
P0AFG8,2G25,B,10,0.76464,3,0.86443,1,"213,538","210,211,212,213,214,215,216,535,536,537,538,539,540,541","87,111,137,564","84,85,86,87,88,89,90,108,109,110,111,112,113,114,134,135,136,137,138,139,140,561,562,563,564,565,566,567","214,539","88,112,138,565",325,73,0.3664036076662909,478,126,0.1668545659526494,0.0992108229988726,0.411214953271028,88.0,0.363021420518602,0.9252873563218392,322.0,887,351.75342465753425,0.3965653040107488
P0AFG8,2G25,B,11,0.92469,5,0.91869,1,"248,538","245,246,247,248,249,250,251,535,536,537,538,539,540,541","87,112,137,203,225,565","84,85,86,87,88,89,90,109,110,111,112,113,114,115,134,135,136,137,138,139,140,200,201,202,203,204,205,206,222,223,224,225,226,227,228,562,563,564,565,566,567,568","249,539","88,113,138,204,226,566",290,4,0.3269447576099211,443,155,0.2029312288613303,0.0992108229988726,0.3534136546184739,88.0,0.3618940248027057,0.9224137931034484,321.0,887,292.0,0.3291995490417136
P0AFI0,2Q28,A,1,0.64932,1,0.08795,0,"38,75","35,36,37,38,39,40,41,72,73,74,75,76,77,78",27,"24,25,26,27,28,29,30","38,75",27,37,9,0.0656028368794326,93,37,0.1276595744680851,0.0478723404255319,0.7105263157894737,27.0,,,,564,66.55555555555556,0.1180063041765169
P0AFI0,2Q28,A,2,0.80273,1,0.0,0,"494,549","491,492,493,494,495,496,497,546,547,548,549,550,551,552",478,"475,476,477,478,479,480,481","494,549",478,55,1,0.0975177304964539,100,30,0.0780141843971631,0.8475177304964538,0.9676113360323888,478.0,,,,564,55.0,0.0975177304964539
P0AFI0,2Q28,A,3,0.23522,0,0.78555,1,"100,147","97,98,99,100,101,102,103,144,145,146,147,148,149,150",164,"161,162,163,164,165,166,167","100,147",164,47,20,0.0833333333333333,101,48,0.1578014184397163,,,,0.7092198581560284,0.9592326139088728,400.0,564,93.65,0.1660460992907801
P0AFI0,2Q28,A,4,1.04848,0,1.24529,1,"159,224","156,157,158,159,160,161,162,221,222,223,224,225,226,227",320,"317,318,319,320,321,322,323","159,224",320,65,24,0.1152482269503546,183,37,0.1578014184397163,,,,0.4326241134751773,0.7176470588235294,244.0,564,146.45833333333334,0.2596778959810875
P0AFI0,2Q28,A,5,0.63163,1,-0.05419,0,"234,275","231,232,233,234,235,236,237,272,273,274,275,276,277,278",215,"212,213,214,215,216,217,218","234,275",215,41,83,0.0726950354609929,101,36,0.1187943262411347,0.3812056737588652,0.9188034188034188,215.0,,,,564,117.24096385542168,0.2078740493890455
P0AFI0,2Q28,A,6,0.04325,0,0.81703,1,"470,522","467,468,469,470,471,472,473,519,520,521,522,523,524,525",538,"535,536,537,538,539,540,541","470,522",538,52,31,0.0921985815602836,97,43,0.1312056737588652,,,,0.0460992907801418,0.6190476190476191,26.0,564,125.74193548387096,0.2229466941203385
P0AFI0,2Q28,A,7,0.60217,1,0.18782,0,"406,444","403,404,405,406,407,408,409,441,442,443,444,445,446,447",391,"388,389,390,391,392,393,394","406,444",391,38,2,0.0673758865248227,109,38,0.1436170212765957,0.6932624113475178,0.9630541871921182,391.0,,,,564,40.0,0.0709219858156028
P0AFI0,2Q28,A,8,0.84914,3,0.19915,0,"284,419","281,282,283,284,285,286,287,416,417,418,419,420,421,422","215,262,275","212,213,214,215,216,217,218,259,260,261,262,263,264,265,272,273,274,275,276,277,278","284,419","215,262,275",135,4,0.2393617021276596,250,71,0.1897163120567375,0.3812056737588652,0.7570422535211268,215.0,,,,564,135.75,0.2406914893617021
P0AFI2,1ZVU,A,1,0.54337,0,-0.69667,1,"73,146","70,71,72,73,74,75,76,143,144,145,146,147,148,149",153,"150,151,152,153,154,155,156","73,146",153,73,1,0.0970744680851063,127,24,0.0598404255319149,,,,0.7965425531914894,0.9884488448844884,599.0,752,73.0,0.0970744680851063
P0AFI2,1ZVU,A,2,-0.68474,1,0.06032,0,"605,636","602,603,604,605,606,607,608,633,634,635,636,637,638,639",594,"591,592,593,594,595,596,597","605,636",594,31,20,0.0412234042553191,83,31,0.0744680851063829,0.7898936170212766,0.9818181818181818,594.0,,,,752,58.5,0.0777925531914893
P0AFI2,1ZVU,A,3,-0.73099,1,-0.04504,0,"652,709","649,650,651,652,653,654,655,706,707,708,709,710,711,712",644,"641,642,643,644,645,646,647","652,709",644,57,25,0.0757978723404255,124,37,0.0984042553191489,0.8563829787234043,0.9877300613496932,644.0,,,,752,68.96,0.0917021276595744
P0AFI2,1ZVU,A,4,0.6393,1,-0.09291,0,"242,483","239,240,241,242,243,244,245,480,481,482,483,484,485,486",185,"182,183,184,185,186,187,188","242,483",185,241,11,0.3204787234042553,315,35,0.113031914893617,0.2460106382978723,0.7644628099173554,185.0,,,,752,255.72727272727272,0.3400628626692456
P0AFI7,1JNW,A,1,0.02874,0,-0.6434,1,"82,121","79,80,81,82,83,84,85,118,119,120,121,122,123,124",180,"177,178,179,180,181,182,183","82,121",180,39,16,0.1788990825688073,87,32,0.2385321100917431,,,,0.1743119266055046,0.3917525773195876,38.0,218,53.25,0.2442660550458715
P0AFK0,5NJB,B,1,-0.06922,0,0.77232,3,"233,393","230,231,232,233,234,235,236,390,391,392,393,394,395,396","406,426,440","403,404,405,406,407,408,409,423,424,425,426,427,428,429,437,438,439,440,441,442,443","233,393","406,426,440",160,2,0.3555555555555555,246,74,0.2466666666666666,,,,0.0222222222222222,0.175438596491228,10.0,450,161.5,0.3588888888888888
P0AFK0,5NJB,B,2,0.886,1,-1.15696,2,"254,430","251,252,253,254,255,256,257,427,428,429,430,431,432,433","247,437,439","244,245,246,247,248,249,250,434,435,436,437,438,439,440,436,437,438,439,440,441,442","254,430","247,437,439",176,63,0.3911111111111111,235,64,0.1688888888888889,0.5488888888888889,0.9724409448818898,247.0,0.0244444444444444,0.55,11.0,450,116.8095238095238,0.2595767195767196
P0AFK0,5NJB,B,3,1.04054,1,0.0,0,"367,441","364,365,366,367,368,369,370,438,439,440,441,442,443,444",248,"245,246,247,248,249,250,251","367,441",248,74,34,0.1644444444444444,135,33,0.1333333333333333,0.5511111111111111,0.6757493188010899,248.0,,,,450,129.7941176470588,0.2884313725490195
P0AFK0,5NJB,B,4,-0.29878,0,0.77821,1,"309,330","306,307,308,309,310,311,312,327,328,329,330,331,332,333",342,"339,340,341,342,343,344,345","309,330",342,21,2,0.0466666666666666,70,30,0.1266666666666666,,,,0.24,0.9,108.0,450,21.5,0.0477777777777777
P0AFK0,5NJB,B,5,0.06454,0,-0.6304,1,"117,174","114,115,116,117,118,119,120,171,172,173,174,175,176,177",184,"181,182,183,184,185,186,187","117,174",184,57,41,0.1266666666666666,147,34,0.16,,,,0.5911111111111111,0.9637681159420288,266.0,450,128.78048780487805,0.2861788617886179
P0AFK0,5NJB,B,6,-0.08914,0,0.81376,3,"229,251","226,227,228,229,230,231,232,248,249,250,251,252,253,254","372,394,405","369,370,371,372,373,374,375,391,392,393,394,395,396,397,402,403,404,405,406,407,408","229,251","372,394,405",22,10,0.0488888888888888,78,54,0.22,,,,0.1,0.2261306532663316,45.0,450,205.2,0.4559999999999999
P0AFK9,1POY,2,1,-0.75409,1,-0.01834,0,"145,244","142,143,144,145,146,147,148,241,242,243,244,245,246,247",137,"134,135,136,137,138,139,140","145,244",137,99,2,0.2844827586206896,148,36,0.1494252873563218,0.3936781609195402,0.9448275862068966,137.0,,,,348,99.5,0.2859195402298851
P0AFK9,1POY,2,2,0.04882,0,-0.6767,1,"81,129","78,79,80,81,82,83,84,126,127,128,129,130,131,132",258,"255,256,257,258,259,260,261","81,129",258,48,20,0.1379310344827586,89,39,0.2126436781609195,,,,0.2586206896551724,0.410958904109589,90.0,348,132.25,0.3800287356321839
P0AFK9,1POY,2,3,-1.46739,3,0.05745,0,"174,327","171,172,173,174,175,176,177,324,325,326,327,328,329,330","132,133,164","129,130,131,132,133,134,135,130,131,132,133,134,135,136,161,162,163,164,165,166,167","174,327","132,133,164",153,101,0.4396551724137931,245,68,0.3333333333333333,0.3793103448275862,0.7586206896551724,132.0,,,,348,110.4059405940594,0.3172584499829293
P0AFL3,1V9T,A,1,-0.23564,0,-1.56286,2,"56,91","53,54,55,56,57,58,59,88,89,90,91,92,93,94","100,123","97,98,99,100,101,102,103,120,121,122,123,124,125,126","80,115","124,147",35,60,0.1842105263157894,85,69,0.4947368421052631,,,,0.2263157894736842,0.5733333333333334,43.0,190,47.28333333333333,0.248859649122807
P0AFL3,1V9T,A,2,-0.79056,1,0.01325,0,"103,125","100,101,102,103,104,105,106,122,123,124,125,126,127,128",89,"86,87,88,89,90,91,92","127,149",113,22,9,0.1157894736842105,65,37,0.4263157894736842,0.5947368421052631,0.889763779527559,113.0,,,,190,29.55555555555556,0.1555555555555555
P0AFL6,1U6Z,B,1,0.11922,0,0.77309,1,"191,243","188,189,190,191,192,193,194,240,241,242,243,244,245,246",281,"278,279,280,281,282,283,284","191,243",281,52,21,0.1013645224171539,106,27,0.1052631578947368,,,,0.4522417153996101,0.8592592592592593,232.0,513,69.57142857142857,0.1356168198273461
P0AFM2,1R9L,A,1,0.8633,1,0.14441,0,"27,238","24,25,26,27,28,29,30,235,236,237,238,239,240,241",14,"11,12,13,14,15,16,17","48,259",35,211,20,0.6393939393939394,264,32,0.2575757575757575,0.106060606060606,0.7291666666666666,35.0,,,,330,258.3,0.7827272727272727
P0AFM2,1R9L,A,2,0.63478,1,0.13492,0,"146,186","143,144,145,146,147,148,149,183,184,185,186,187,188,189",133,"130,131,132,133,134,135,136","167,207",154,40,2,0.1212121212121212,80,43,0.2393939393939393,0.4666666666666667,0.9221556886227544,154.0,,,,330,42.0,0.1272727272727272
P0AFM2,1R9L,A,3,0.84128,1,-0.73153,1,"27,88","24,25,26,27,28,29,30,85,86,87,88,89,90,91","12,237","9,10,11,12,13,14,15,234,235,236,237,238,239,240","48,109","33,258",61,65,0.1848484848484848,119,69,0.2787878787878788,0.1,0.6875,33.0,0.2181818181818181,0.3257918552036199,72.0,330,143.43076923076924,0.4346386946386947
P0AFM2,1R9L,A,4,0.60382,1,-0.67818,1,"72,139","69,70,71,72,73,74,75,136,137,138,139,140,141,142","65,235","62,63,64,65,66,67,68,232,233,234,235,236,237,238","93,160","86,256",67,1,0.203030303030303,145,49,0.2363636363636363,0.2606060606060606,0.9247311827956988,86.0,0.2242424242424242,0.4352941176470588,74.0,330,67.0,0.203030303030303
P0AFM2,1R9L,A,5,-0.6708,1,-0.00299,0,"186,231","183,184,185,186,187,188,189,228,229,230,231,232,233,234",95,"92,93,94,95,96,97,98","207,252",116,45,28,0.1363636363636363,88,38,0.209090909090909,0.3515151515151515,0.5603864734299517,116.0,,,,330,83.78571428571429,0.2538961038961039
P0AFP6,1NMP,F,1,0.81535,1,0.0,0,"55,241","52,53,54,55,56,57,58,238,239,240,241,242,243,244",41,"38,39,40,41,42,43,44","55,241",41,186,3,0.7530364372469636,232,40,0.2388663967611336,0.1659919028340081,0.7454545454545455,41.0,,,,247,189.66666666666663,0.767881241565452
P0AFP6,1NMP,F,2,0.00645,0,0.93626,1,"28,65","25,26,27,28,29,30,31,62,63,64,65,66,67,68",93,"90,91,92,93,94,95,96","28,65",93,37,15,0.1497975708502024,79,35,0.2307692307692307,,,,0.6234817813765182,0.8461538461538461,154.0,247,43.66666666666666,0.1767881241565452
P0AFP6,1NMP,F,3,-0.09572,0,0.74696,1,"155,195","152,153,154,155,156,157,158,192,193,194,195,196,197,198",210,"207,208,209,210,211,212,213","155,195",210,40,2,0.1619433198380566,87,42,0.2469635627530364,,,,0.1497975708502024,0.7115384615384616,37.0,247,41.5,0.1680161943319838
P0AFQ7,1YIX,A,1,0.60471,1,-0.10526,0,"28,220","25,26,27,28,29,30,31,217,218,219,220,221,222,223",7,"4,5,6,7,8,9,10","28,220",7,192,3,0.7245283018867924,234,39,0.2528301886792453,0.0264150943396226,0.25,7.0,,,,265,192.66666666666663,0.7270440251572327
P0AFR4,1K7J,A,1,0.01995,0,0.72948,1,"66,98","63,64,65,66,67,68,69,95,96,97,98,99,100,101",121,"118,119,120,121,122,123,124","66,98",121,32,2,0.1553398058252427,75,40,0.3300970873786408,,,,0.4126213592233009,0.7870370370370371,85.0,206,34.0,0.1650485436893204
P0AFR4,1K7J,A,2,0.61915,1,-0.00497,0,"78,138","75,76,77,78,79,80,81,135,136,137,138,139,140,141",68,"65,66,67,68,69,70,71","78,138",68,60,2,0.2912621359223301,112,33,0.3106796116504854,0.3300970873786408,0.8717948717948718,68.0,,,,206,60.5,0.2936893203883495
P0AFR4,1K7J,A,3,0.0,0,0.6843,1,"6,158","3,4,5,6,7,8,9,155,156,157,158,159,160,161",172,"169,170,171,172,173,174,175","6,158",172,152,4,0.7378640776699029,186,34,0.2621359223300971,,,,0.1650485436893204,0.7083333333333334,34.0,206,154.0,0.7475728155339806
P0AFR4,1K7J,A,4,-0.08573,0,-0.68731,1,"39,68","36,37,38,39,40,41,42,65,66,67,68,69,70,71",142,"139,140,141,142,143,144,145","39,68",142,29,29,0.1407766990291262,70,35,0.3689320388349514,,,,0.3106796116504854,0.463768115942029,64.0,206,96.93103448275862,0.4705390023434884
P0AFU8,1I8D,A,1,0.0,0,-0.70258,1,"2,41","-1,0,1,2,3,4,5,38,39,40,41,42,43,44",85,"82,83,84,85,86,87,88","2,41",85,39,4,0.1830985915492957,89,36,0.2957746478873239,,,,0.6009389671361502,0.7441860465116279,128.0,213,41.5,0.1948356807511737
P0AFU8,1I8D,A,2,0.08244,0,-0.81434,1,"97,139","94,95,96,97,98,99,100,136,137,138,139,140,141,142",183,"180,181,182,183,184,185,186","97,139",183,42,35,0.1971830985915492,95,39,0.2910798122065727,,,,0.1408450704225352,0.4054054054054054,30.0,213,94.97142857142858,0.4458752515090543
P0AFW4,3BMB,A,1,-0.21965,0,0.71074,1,"65,106","62,63,64,65,66,67,68,103,104,105,106,107,108,109",119,"116,117,118,119,120,121,122","65,106",119,41,2,0.3014705882352941,77,33,0.3308823529411764,,,,0.125,0.5666666666666667,17.0,136,42.0,0.3088235294117647
P0AFW4,3BMB,A,2,-0.77497,1,0.00584,0,"70,122","67,68,69,70,71,72,73,119,120,121,122,123,124,125",62,"59,60,61,62,63,64,65","70,122",62,52,2,0.3823529411764705,84,30,0.3529411764705882,0.4558823529411764,0.8857142857142857,62.0,,,,136,52.5,0.3860294117647059
P0AFX9,2V42,A,1,-0.6354,3,0.00763,0,"101,207","98,99,100,101,102,103,104,204,205,206,207,208,209,210","42,61,71","39,40,41,42,43,44,45,58,59,60,61,62,63,64,68,69,70,71,72,73,74","101,207","42,61,71",106,10,0.3333333333333333,163,60,0.2767295597484276,0.1320754716981132,0.4158415841584158,42.0,,,,318,109.2,0.3433962264150944
P0AFY8,1LRR,A,1,-0.01941,0,-0.68224,1,"92,138","89,90,91,92,93,94,95,135,136,137,138,139,140,141",146,"143,144,145,146,147,148,149","92,138",146,46,3,0.2541436464088398,74,28,0.2707182320441988,,,,0.1933701657458563,0.813953488372093,35.0,181,47.66666666666666,0.2633517495395948
P0AFZ3,1YFN,A,1,-0.68216,1,-0.03685,0,"50,91","47,48,49,50,51,52,53,88,89,90,91,92,93,94",31,"28,29,30,31,32,33,34","50,91",31,41,2,0.2484848484848484,72,35,0.3090909090909091,0.1878787878787878,0.62,31.0,,,,165,41.5,0.2515151515151515
P0AG11,1AY9,B,1,-0.89985,1,0.0,0,"96,131","93,94,95,96,97,98,99,128,129,130,131,132,133,134",86,"83,84,85,86,87,88,89","96,131",86,35,1,0.2517985611510791,69,30,0.4028776978417266,0.6187050359712231,0.8958333333333334,86.0,,,,139,35.0,0.2517985611510791
P0AG11,1AY9,B,2,-0.11115,0,-0.81368,1,"74,87","71,72,73,74,75,76,77,84,85,86,87,88,89,90",129,"126,127,128,129,130,131,132","74,87",129,13,28,0.0935251798561151,40,27,0.3884892086330935,,,,0.0719424460431654,0.1923076923076923,10.0,139,39.85714285714285,0.2867420349434738
P0AG16,1ECF,B,1,0.0,0,-0.71649,1,"10,195","7,8,9,10,11,12,13,192,193,194,195,196,197,198",204,"201,202,203,204,205,206,207","11,196",205,185,3,0.3663366336633663,265,36,0.1247524752475247,,,,0.594059405940594,0.970873786407767,300.0,505,186.66666666666663,0.3696369636963696
P0AG16,1ECF,B,2,-0.22855,0,-0.73905,1,"93,120","90,91,92,93,94,95,96,117,118,119,120,121,122,123",130,"127,128,129,130,131,132,133","94,121",131,27,3,0.0534653465346534,76,33,0.1049504950495049,,,,0.7405940594059406,0.9739583333333334,374.0,505,28.33333333333333,0.0561056105610561
P0AG16,1ECF,B,3,-0.91052,1,0.02028,0,"125,485","122,123,124,125,126,127,128,482,483,484,485,486,487,488",102,"99,100,101,102,103,104,105","126,486",103,360,1,0.7128712871287128,425,40,0.1465346534653465,0.2039603960396039,0.8174603174603174,103.0,,,,505,360.0,0.7128712871287128
P0AG16,1ECF,B,4,-0.71319,1,-0.17691,0,"48,81","45,46,47,48,49,50,51,78,79,80,81,82,83,84",30,"27,28,29,30,31,32,33","49,82",31,33,15,0.0653465346534653,100,40,0.1326732673267326,0.0613861386138613,0.6326530612244898,31.0,,,,505,71.6,0.1417821782178217
P0AG16,1ECF,B,5,-0.69382,1,0.07556,0,"204,221","201,202,203,204,205,206,207,218,219,220,221,222,223,224",193,"190,191,192,193,194,195,196","205,222",194,17,5,0.0336633663366336,53,33,0.1168316831683168,0.3841584158415841,0.946341463414634,194.0,,,,505,29.0,0.0574257425742574
P0AG16,1ECF,B,6,0.63469,1,0.13732,0,"312,363","309,310,311,312,313,314,315,360,361,362,363,364,365,366",299,"296,297,298,299,300,301,302","313,364",300,51,5,0.100990099009901,89,33,0.1267326732673267,0.594059405940594,0.9584664536741214,300.0,,,,505,60.8,0.1203960396039603
P0AG16,1ECF,B,7,0.63928,1,0.08285,0,"409,460","406,407,408,409,410,411,412,457,458,459,460,461,462,463",399,"396,397,398,399,400,401,402","410,461",400,51,1,0.100990099009901,106,35,0.1306930693069307,0.7920792079207921,0.975609756097561,400.0,,,,505,51.0,0.100990099009901
P0AG30,1PVO,D,1,0.06241,0,0.67757,1,"175,267","172,173,174,175,176,177,178,264,265,266,267,268,269,270",316,"313,314,315,316,317,318,319","175,267",316,92,1,0.2195704057279236,161,42,0.1789976133651551,,,,0.2458233890214797,0.6776315789473685,103.0,419,92.0,0.2195704057279236
P0AG30,1PVO,D,2,0.67087,1,-0.00757,0,"316,341","313,314,315,316,317,318,319,338,339,340,341,342,343,344",174,"171,172,173,174,175,176,177","316,341",174,25,1,0.0596658711217183,64,41,0.1670644391408114,0.4152744630071599,0.5506329113924051,174.0,,,,419,25.0,0.0596658711217183
P0AG44,6XZ7,N,1,0.15836,0,-0.68091,1,"35,100","32,33,34,35,36,37,38,97,98,99,100,101,102,103",111,"108,109,110,111,112,113,114","35,100",111,65,2,0.5118110236220472,91,32,0.3070866141732283,,,,0.1259842519685039,0.5925925925925926,16.0,127,65.5,0.515748031496063
P0AG55,6XZ7,G,1,-0.74008,1,0.05021,0,"130,165","127,128,129,130,131,132,133,162,163,164,165,166,167,168",87,"84,85,86,87,88,89,90","130,165",87,35,1,0.1977401129943503,76,33,0.2937853107344633,0.4915254237288136,0.6692307692307692,87.0,,,,177,35.0,0.1977401129943503
P0AG67,4Q7J,D,1,-0.22325,0,-0.60001,1,"135,157","132,133,134,135,136,137,138,154,155,156,157,158,159,160",169,"166,167,168,169,170,171,172","135,157",169,22,1,0.0394973070017953,52,31,0.0915619389587073,,,,0.696588868940754,0.97,388.0,557,22.0,0.0394973070017953
P0AG74,2H8E,A,1,0.69621,1,0.0,0,"87,114","84,85,86,87,88,89,90,111,112,113,114,115,116,117",62,"59,60,61,62,63,64,65","87,114",62,27,5,0.225,69,32,0.65,0.5166666666666667,0.7126436781609196,62.0,,,,120,31.8,0.265
P0AG80,4AQ4,A,1,0.76961,1,-1.24416,1,"16,257","13,14,15,16,17,18,19,254,255,256,257,258,259,260","8,283","5,6,7,8,9,10,11,280,281,282,283,284,285,286","39,280","31,306",241,20,0.5502283105022832,353,72,0.2351598173515981,0.0707762557077625,0.7948717948717948,31.0,0.3013698630136986,0.8354430379746836,132.0,438,169.5,0.386986301369863
P0AG80,4AQ4,A,2,0.67156,1,-0.02744,0,"32,296","29,30,31,32,33,34,35,293,294,295,296,297,298,299",8,"5,6,7,8,9,10,11","55,319",31,264,26,0.6027397260273972,352,32,0.1438356164383561,0.0707762557077625,0.5636363636363636,31.0,,,,438,284.5,0.6495433789954338
P0AG80,4AQ4,A,3,0.14812,0,-0.76999,1,"73,105","70,71,72,73,74,75,76,102,103,104,105,106,107,108",114,"111,112,113,114,115,116,117","96,128",137,32,6,0.0730593607305936,68,33,0.1347031963470319,,,,0.6872146118721462,0.970967741935484,301.0,438,35.5,0.0810502283105022
P0AG80,4AQ4,A,4,-0.08897,0,-1.80321,2,"104,193","101,102,103,104,105,106,107,190,191,192,193,194,195,196","281,363","278,279,280,281,282,283,284,360,361,362,363,364,365,366","127,216","304,386",89,1,0.2031963470319634,193,61,0.2100456621004566,,,,0.1187214611872146,0.2342342342342342,52.0,438,89.0,0.2031963470319634
P0AG80,4AQ4,A,5,-1.41711,3,-0.00371,0,"176,365","173,174,175,176,177,178,179,362,363,364,365,366,367,368","117,124,168","114,115,116,117,118,119,120,121,122,123,124,125,126,127,165,166,167,168,169,170,171","199,388","140,147,191",189,131,0.4315068493150685,293,101,0.3333333333333333,0.319634703196347,0.7035175879396985,140.0,,,,438,139.3740458015267,0.3182055840217505
P0AG80,4AQ4,A,6,-1.75684,4,0.15772,0,"190,360","187,188,189,190,191,192,193,357,358,359,360,361,362,363","117,122,166,176","114,115,116,117,118,119,120,119,120,121,122,123,124,125,163,164,165,166,167,168,169,173,174,175,176,177,178,179","213,383","140,145,189,199",170,20,0.3881278538812785,288,116,0.3401826484018265,0.319634703196347,0.6572769953051644,140.0,,,,438,175.65,0.401027397260274
P0AG82,1IXH,A,1,0.66035,1,0.12984,0,"145,193","142,143,144,145,146,147,148,190,191,192,193,194,195,196",133,"130,131,132,133,134,135,136","170,218",158,48,3,0.1387283236994219,100,38,0.245664739884393,0.4566473988439306,0.9294117647058824,158.0,,,,346,50.333333333333336,0.1454720616570327
P0AG82,1IXH,A,2,-0.08388,0,0.61145,1,"212,243","209,210,211,212,213,214,215,240,241,242,243,244,245,246",249,"246,247,248,249,250,251,252","237,268",274,31,8,0.0895953757225433,70,36,0.1502890173410404,,,,0.2080924855491329,0.9230769230769232,72.0,346,85.875,0.2481936416184971
P0AG82,1IXH,A,3,0.44219,0,-0.89865,1,"19,75","16,17,18,19,20,21,22,72,73,74,75,76,77,78",257,"254,255,256,257,258,259,260","44,100",282,56,33,0.1618497109826589,113,41,0.2254335260115607,,,,0.1849710982658959,0.2601626016260163,64.0,346,114.3939393939394,0.3306183219478017
P0AG82,1IXH,A,4,-0.85337,1,0.11988,0,"255,296","252,253,254,255,256,257,258,293,294,295,296,297,298,299",74,"71,72,73,74,75,76,77","280,321",99,41,40,0.1184971098265895,94,38,0.2052023121387283,0.2861271676300578,0.3535714285714286,99.0,,,,346,91.85,0.2654624277456647
P0AGD3,1ISA,A,1,-0.60891,1,-0.05712,0,"133,152","130,131,132,133,134,135,136,149,150,151,152,153,154,155",126,"123,124,125,126,127,128,129","134,153",127,19,1,0.0984455958549222,56,34,0.238341968911917,0.6580310880829016,0.9477611940298508,127.0,,,,193,19.0,0.0984455958549222
P0AGD3,1ISA,A,2,-0.07058,0,-0.64262,1,"79,153","76,77,78,79,80,81,82,150,151,152,153,154,155,156",181,"178,179,180,181,182,183,184","80,154",182,74,31,0.3834196891191709,113,28,0.3264248704663212,,,,0.0569948186528497,0.282051282051282,11.0,193,115.29032258064515,0.5973591843556745
P0AGD7,4C7O,A,1,-0.0344,0,0.71041,1,"86,259","83,84,85,86,87,88,89,256,257,258,259,260,261,262",269,"266,267,268,269,270,271,272","86,259",269,173,12,0.3818984547461369,216,32,0.1545253863134658,,,,0.4061810154525386,0.9484536082474226,184.0,453,202.0,0.445916114790287
P0AGD7,4C7O,A,2,0.056,0,0.83707,1,"102,176","99,100,101,102,103,104,105,173,174,175,176,177,178,179",189,"186,187,188,189,190,191,192","102,176",189,74,4,0.1633554083885209,120,41,0.152317880794702,,,,0.5827814569536424,0.9530685920577616,264.0,453,77.25,0.1705298013245033
P0AGD7,4C7O,A,3,0.75379,1,0.20498,0,"120,218","117,118,119,120,121,122,123,215,216,217,218,219,220,221",104,"101,102,103,104,105,106,107","120,218",104,98,22,0.2163355408388521,136,43,0.1854304635761589,0.2295805739514348,0.8666666666666667,104.0,,,,453,144.86363636363637,0.3197872767409191
P0AGD7,4C7O,A,4,-0.05566,0,0.68365,3,"43,227","40,41,42,43,44,45,46,224,225,226,227,228,229,230","245,259,269","242,243,244,245,246,247,248,256,257,258,259,260,261,262,266,267,268,269,270,271,272","43,227","245,259,269",184,7,0.4061810154525386,255,74,0.1920529801324503,,,,0.4061810154525386,0.8141592920353983,184.0,453,184.28571428571428,0.4068117313150425
P0AGD7,4C7O,A,5,1.05783,3,-0.00696,0,"155,279","152,153,154,155,156,157,158,276,277,278,279,280,281,282","104,118,134","101,102,103,104,105,106,107,115,116,117,118,119,120,121,131,132,133,134,135,136,137","155,279","104,118,134",124,3,0.2737306843267108,193,93,0.2362030905077262,0.2295805739514348,0.6709677419354839,104.0,,,,453,98.0,0.2163355408388521
P0AGE0,1QVC,A,1,-0.23962,0,-0.75573,1,"60,84","57,58,59,60,61,62,63,81,82,83,84,85,86,87",101,"98,99,100,101,102,103,104","61,85",102,24,1,0.1348314606741573,62,29,0.2865168539325842,,,,0.4269662921348314,0.8172043010752689,76.0,178,24.0,0.1348314606741573
P0AGE9,1JKJ,A,1,-0.0641,0,0.96501,1,"141,158","138,139,140,141,142,143,144,155,156,157,158,159,160,161",170,"167,168,169,170,171,172,173","142,159",171,17,27,0.0588235294117647,61,32,0.2006920415224913,,,,0.4083044982698962,0.9076923076923076,118.0,289,77.92592592592592,0.2696398820966295
P0AGE9,1JKJ,A,2,0.80765,1,0.24342,0,"23,71","20,21,22,23,24,25,26,68,69,70,71,72,73,74",10,"7,8,9,10,11,12,13","24,72",11,48,19,0.1660899653979238,89,35,0.245674740484429,0.0380622837370242,0.4583333333333333,11.0,,,,289,94.78947368421052,0.3279912584228738
P0AGF4,4GC0,A,1,0.98852,1,-0.44541,0,"118,192","115,116,117,118,119,120,121,189,190,191,192,193,194,195",27,"24,25,26,27,28,29,30","118,192",27,74,6,0.1507128309572301,174,35,0.1405295315682281,0.054989816700611,0.2288135593220339,27.0,,,,491,77.66666666666667,0.1581805838424983
P0AGF4,4GC0,A,2,-0.04949,0,0.73761,1,"296,356","293,294,295,296,297,298,299,353,354,355,356,357,358,359",382,"379,380,381,382,383,384,385","296,356",382,60,3,0.1221995926680244,120,36,0.1486761710794297,,,,0.2219959266802444,0.8074074074074075,109.0,491,62.0,0.1262729124236252
P0AGF4,4GC0,A,3,-0.10626,0,0.65583,1,"60,126","57,58,59,60,61,62,63,123,124,125,126,127,128,129",135,"132,133,134,135,136,137,138","60,126",135,66,15,0.1344195519348268,144,36,0.1364562118126273,,,,0.725050916496945,0.9753424657534246,356.0,491,77.93333333333334,0.158723693143245
P0AGF4,4GC0,A,4,0.85476,1,-7e-05,0,"394,459","391,392,393,394,395,396,397,456,457,458,459,460,461,462",287,"284,285,286,287,288,289,290","394,459",287,65,60,0.1323828920570264,147,30,0.1405295315682281,0.5845213849287169,0.7284263959390863,287.0,,,,491,97.63333333333334,0.1988458927359131
P0AGF4,4GC0,A,5,0.69857,1,1.05312,1,"65,298","62,63,64,65,66,67,68,295,296,297,298,299,300,301","23,402","20,21,22,23,24,25,26,399,400,401,402,403,404,405","65,298","23,402",233,127,0.4745417515274949,340,71,0.2464358452138492,0.0468431771894093,0.3538461538461538,23.0,0.1812627291242362,0.4611398963730569,89.0,491,179.13385826771653,0.364834741889443
P0AGG2,1C8U,A,1,0.0,0,-0.65228,5,"5,184","2,3,4,5,6,7,8,181,182,183,184,185,186,187","200,235,246,264,274","197,198,199,200,201,202,203,232,233,234,235,236,237,238,243,244,245,246,247,248,249,261,262,263,264,265,266,267,271,272,273,274,275,276,277","5,184","200,235,246,264,274",179,2,0.6258741258741258,237,95,0.4160839160839161,,,,0.0419580419580419,0.1176470588235294,12.0,286,181.0,0.6328671328671329
P0AGG8,5NJ9,A,1,-0.60917,1,-0.32412,0,"39,164","36,37,38,39,40,41,42,161,162,163,164,165,166,167",30,"27,28,29,30,31,32,33","39,164",30,125,1,0.2598752598752599,205,32,0.1787941787941788,0.0623700623700623,0.7692307692307693,30.0,,,,481,125.0,0.2598752598752599
P0AGG8,5NJ9,A,2,-0.74176,1,-0.09492,0,"320,367","317,318,319,320,321,322,323,364,365,366,367,368,369,370",298,"295,296,297,298,299,300,301","320,367",298,47,2,0.0977130977130977,116,37,0.1476091476091476,0.6195426195426196,0.93125,298.0,,,,481,48.0,0.0997920997920998
P0AGG8,5NJ9,A,3,-0.29044,0,0.72677,7,"174,336","171,172,173,174,175,176,177,333,334,335,336,337,338,339","348,364,389,409,422,451,463","345,346,347,348,349,350,351,361,362,363,364,365,366,367,386,387,388,389,390,391,392,406,407,408,409,410,411,412,419,420,421,422,423,424,425,448,449,450,451,452,453,454,460,461,462,463,464,465,466","174,336","348,364,389,409,422,451,463",162,11,0.3367983367983368,313,141,0.3804573804573805,,,,0.0374220374220374,0.1241379310344827,18.0,481,176.8181818181818,0.3676053676053676
P0AGG8,5NJ9,A,4,0.015,0,0.84743,3,"237,408","234,235,236,237,238,239,240,405,406,407,408,409,410,411","422,441,469","419,420,421,422,423,424,425,438,439,440,441,442,443,444,466,467,468,469,470,471,472","237,408","422,441,469",171,7,0.3555093555093555,280,84,0.2411642411642411,,,,0.0249480249480249,0.1643835616438356,12.0,481,175.14285714285714,0.3641223641223641
P0AGG8,5NJ9,A,5,0.93554,1,-1.48609,2,"362,454","359,360,361,362,363,364,365,451,452,453,454,455,456,457","251,467,469","248,249,250,251,252,253,254,464,465,466,467,468,469,470,466,467,468,469,470,471,472","362,454","251,467,469",92,160,0.1912681912681912,179,72,0.237006237006237,0.5218295218295218,0.6933701657458563,251.0,0.0249480249480249,0.4444444444444444,12.0,481,135.275,0.2812370062370062
P0AGJ7,4JAL,A,1,-0.00682,0,0.9632,1,"76,89","73,74,75,76,77,78,79,86,87,88,89,90,91,92",119,"116,117,118,119,120,121,122","76,89",119,13,94,0.0828025477707006,39,25,0.3248407643312102,,,,0.2420382165605095,0.5588235294117647,38.0,157,53.13829787234042,0.3384604960021683
P0AGJ9,6HB5,B,1,0.72042,1,0.09574,0,"84,200","81,82,83,84,85,86,87,197,198,199,200,201,202,203",73,"70,71,72,73,74,75,76","84,200",73,116,18,0.2735849056603773,182,38,0.1910377358490566,0.1721698113207547,0.8690476190476191,73.0,,,,424,144.5,0.3408018867924528
P0AGJ9,6HB5,B,2,0.01453,0,0.66331,1,"20,202","17,18,19,20,21,22,23,199,200,201,202,203,204,205",222,"219,220,221,222,223,224,225","20,202",222,182,4,0.4292452830188679,221,36,0.1344339622641509,,,,0.4764150943396226,0.90990990990991,202.0,424,184.5,0.4351415094339622
P0AGJ9,6HB5,B,3,0.48035,0,-0.74212,1,"84,155","81,82,83,84,85,86,87,152,153,154,155,156,157,158",175,"172,173,174,175,176,177,178","84,155",175,71,10,0.1674528301886792,121,29,0.1273584905660377,,,,0.5872641509433962,0.9256505576208178,249.0,424,73.7,0.1738207547169811
P0AGK4,1LN4,A,1,0.0,0,-0.60732,1,"8,73","5,6,7,8,9,10,11,70,71,72,73,74,75,76",83,"80,81,82,83,84,85,86","8,73",83,65,4,0.6701030927835051,90,34,0.5670103092783505,,,,0.1443298969072164,0.5833333333333334,14.0,97,70.0,0.7216494845360825
P0AGL2,2UYJ,B,1,0.65893,1,0.0,0,"87,119","84,85,86,87,88,89,90,116,117,118,119,120,121,122",77,"74,75,76,77,78,79,80","87,119",77,32,1,0.2480620155038759,63,32,0.4806201550387597,0.5968992248062015,0.8850574712643678,77.0,,,,129,32.0,0.2480620155038759
P0AGL7,4E8B,A,1,0.16831,0,0.84088,1,"23,133","20,21,22,23,24,25,26,130,131,132,133,134,135,136",144,"141,142,143,144,145,146,147","23,133",144,110,2,0.4526748971193415,178,29,0.2716049382716049,,,,0.4074074074074074,0.9,99.0,243,119.5,0.4917695473251028
P0AGL7,4E8B,A,2,1.11834,1,-0.06157,0,"102,229","99,100,101,102,103,104,105,226,227,228,229,230,231,232",82,"79,80,81,82,83,84,85","102,229",82,127,16,0.522633744855967,173,35,0.2674897119341564,0.3374485596707819,0.803921568627451,82.0,,,,243,131.75,0.5421810699588477
P0AGL7,4E8B,A,3,1.14785,1,-0.07928,0,"196,224","193,194,195,196,197,198,199,221,222,223,224,225,226,227",171,"168,169,170,171,172,173,174","196,224",171,28,28,0.1152263374485596,56,23,0.2386831275720164,0.7037037037037037,0.8724489795918368,171.0,,,,243,43.42857142857143,0.1787184009406231
P0AGL7,4E8B,A,4,0.01012,0,-0.62409,1,"17,55","14,15,16,17,18,19,20,52,53,54,55,56,57,58",64,"61,62,63,64,65,66,67","17,55",64,38,1,0.1563786008230452,74,33,0.1851851851851851,,,,0.7366255144032922,0.952127659574468,179.0,243,38.0,0.1563786008230452
P0AGL7,4E8B,A,5,1.10175,1,0.98913,1,"91,196","88,89,90,91,92,93,94,193,194,195,196,197,198,199","82,215","79,80,81,82,83,84,85,212,213,214,215,216,217,218","91,196","82,215",105,69,0.4320987654320987,162,63,0.3744855967078189,0.3374485596707819,0.9010989010989012,82.0,0.1152263374485596,0.5957446808510638,28.0,243,67.04347826086956,0.2758990874932904
P0AGM7,3QE7,A,1,0.21346,0,0.63808,1,"29,326","26,27,28,29,30,31,32,323,324,325,326,327,328,329",341,"338,339,340,341,342,343,344","29,326",341,297,1,0.6923076923076923,361,30,0.1794871794871795,,,,0.2051282051282051,0.8543689320388349,88.0,429,297.0,0.6923076923076923
P0AGM7,3QE7,A,2,0.0,0,0.76244,1,"8,63","5,6,7,8,9,10,11,60,61,62,63,64,65,66",306,"303,304,305,306,307,308,309","8,63",306,55,3,0.1282051282051282,124,35,0.1305361305361305,,,,0.2867132867132867,0.3360655737704918,123.0,429,56.333333333333336,0.1313131313131313
P0AGM7,3QE7,A,3,0.14307,0,-0.88116,1,"180,297","177,178,179,180,181,182,183,294,295,296,297,298,299,300",322,"319,320,321,322,323,324,325","180,297",322,117,2,0.2727272727272727,199,30,0.1678321678321678,,,,0.2494172494172494,0.8106060606060606,107.0,429,117.5,0.2738927738927739
P0AGM7,3QE7,A,4,-0.73853,1,0.09583,0,"45,281","42,43,44,45,46,47,48,278,279,280,281,282,283,284",33,"30,31,32,33,34,35,36","45,281",33,236,5,0.5501165501165501,319,35,0.1701631701631701,0.0769230769230769,0.7333333333333333,33.0,,,,429,237.2,0.5529137529137529
P0AGM7,3QE7,A,5,1.44612,2,-0.0697,0,"237,392","234,235,236,237,238,239,240,389,390,391,392,393,394,395","27,129","24,25,26,27,28,29,30,126,127,128,129,130,131,132","237,392","27,129",155,5,0.3613053613053613,292,65,0.2377622377622377,0.0629370629370629,0.1139240506329113,27.0,,,,429,74.0,0.1724941724941724
P0AGM7,3QE7,A,6,-0.68629,1,0.93044,3,"45,216","42,43,44,45,46,47,48,213,214,215,216,217,218,219","32,240,319,340","29,30,31,32,33,34,35,237,238,239,240,241,242,243,316,317,318,319,320,321,322,337,338,339,340,341,342,343","45,216","32,240,319,340",171,31,0.3986013986013986,296,100,0.275058275058275,0.0745920745920745,0.7111111111111111,32.0,0.2074592074592074,0.4178403755868544,89.0,429,128.5483870967742,0.2996465899691706
P0AGM7,3QE7,A,7,-0.21485,0,-0.65908,3,"66,253","63,64,65,66,67,68,69,250,251,252,253,254,255,256","286,323,337","283,284,285,286,287,288,289,320,321,322,323,324,325,326,334,335,336,337,338,339,340","66,253","286,323,337",187,6,0.4358974358974359,295,98,0.3193473193473193,,,,0.2144522144522144,0.5227272727272727,92.0,429,208.5,0.486013986013986
P0AGM7,3QE7,A,8,-0.6724,3,1.00007,3,"91,219","88,89,90,91,92,93,94,216,217,218,219,220,221,222","33,43,72,240,323,337","30,31,32,33,34,35,36,40,41,42,43,44,45,46,69,70,71,72,73,74,75,237,238,239,240,241,242,243,320,321,322,323,324,325,326,334,335,336,337,338,339,340","91,219","33,43,72,240,323,337",128,23,0.2983682983682983,225,124,0.3613053613053613,0.0769230769230769,0.3626373626373626,33.0,0.2144522144522144,0.4380952380952381,92.0,429,135.82608695652175,0.3166109253065775
P0AGM7,3QE7,A,9,-0.65979,3,0.18135,0,"91,278","88,89,90,91,92,93,94,275,276,277,278,279,280,281","32,43,71","29,30,31,32,33,34,35,40,41,42,43,44,45,46,68,69,70,71,72,73,74","91,278","32,43,71",187,3,0.4358974358974359,278,73,0.261072261072261,0.0745920745920745,0.3516483516483517,32.0,,,,429,190.33333333333331,0.4436674436674437
P0AGM7,3QE7,A,10,0.9473,3,-0.20648,0,"216,317","213,214,215,216,217,218,219,314,315,316,317,318,319,320","47,69,94","44,45,46,47,48,49,50,66,67,68,69,70,71,72,91,92,93,94,95,96,97","216,317","47,69,94",101,112,0.2354312354312354,195,97,0.2634032634032634,0.1095571095571095,0.2175925925925926,47.0,,,,429,180.02678571428572,0.4196428571428571
P0C066,4C5F,A,1,-0.09631,0,-0.67429,1,"56,166","53,54,55,56,57,58,59,163,164,165,166,167,168,169",175,"172,173,174,175,176,177,178","56,166",175,110,1,0.3064066852367688,160,32,0.1448467966573816,,,,0.5125348189415042,0.9533678756476685,184.0,359,110.0,0.3064066852367688
P0C066,4C5F,A,2,-0.62035,1,-0.09587,0,"118,223","115,116,117,118,119,120,121,220,221,222,223,224,225,226",109,"106,107,108,109,110,111,112","118,223",109,105,2,0.2924791086350975,178,32,0.2256267409470752,0.3036211699164345,0.923728813559322,109.0,,,,359,105.5,0.2938718662952646
P0C066,4C5F,A,3,-0.13018,0,-0.70666,1,"203,249","200,201,202,203,204,205,206,246,247,248,249,250,251,252",271,"268,269,270,271,272,273,274","203,249",271,46,1,0.128133704735376,99,30,0.1420612813370473,,,,0.245125348189415,0.8,88.0,359,46.0,0.128133704735376
P0C0K3,1ZYL,A,1,-0.16909,0,-0.72046,1,"25,90","22,23,24,25,26,27,28,87,88,89,90,91,92,93",105,"102,103,104,105,106,107,108","25,90",105,65,4,0.198170731707317,108,31,0.1768292682926829,,,,0.6798780487804879,0.9369747899159664,223.0,328,69.75,0.2126524390243902
P0C0R7,1EJ0,A,1,-0.11692,0,-0.63332,1,"46,188","43,44,45,46,47,48,49,185,186,187,188,189,190,191",202,"199,200,201,202,203,204,205","46,188",202,142,10,0.6794258373205742,167,36,0.2727272727272727,,,,0.0334928229665071,0.3333333333333333,7.0,209,150.2,0.7186602870813397
P0C0R7,1EJ0,A,2,0.63266,1,0.14591,0,"69,122","66,67,68,69,70,71,72,119,120,121,122,123,124,125",55,"52,53,54,55,56,57,58","69,122",55,53,6,0.2535885167464115,88,36,0.3157894736842105,0.2631578947368421,0.7971014492753623,55.0,,,,209,69.83333333333333,0.3341307814992025
P0C0S1,6RLD,G,1,-0.98797,1,0.0,0,"232,269","229,230,231,232,233,234,235,266,267,268,269,270,271,272",191,"188,189,190,191,192,193,194","232,269",191,37,5,0.1293706293706293,79,23,0.1468531468531468,0.6678321678321678,0.8232758620689655,191.0,,,,286,39.0,0.1363636363636363
P0C0S1,6RLD,G,2,0.01221,0,-0.6989,1,"183,216","180,181,182,183,184,185,186,213,214,215,216,217,218,219",240,"237,238,239,240,241,242,243","183,216",240,33,4,0.1153846153846153,68,34,0.1573426573426573,,,,0.1608391608391608,0.6571428571428571,46.0,286,35.25,0.1232517482517482
P0C0U4,4IWX,A,1,0.04643,0,-0.98065,1,"99,146","96,97,98,99,100,101,102,143,144,145,146,147,148,149",177,"174,175,176,177,178,179,180","99,146",177,47,6,0.1566666666666666,91,34,0.21,,,,0.41,0.7987012987012987,123.0,300,63.66666666666666,0.2122222222222222
P0C0U4,4IWX,A,2,-0.86237,1,-0.02989,0,"153,180","150,151,152,153,154,155,156,177,178,179,180,181,182,183",138,"135,136,137,138,139,140,141","153,180",138,27,4,0.09,57,33,0.1766666666666666,0.46,0.9019607843137256,138.0,,,,300,50.5,0.1683333333333333
P0C0U4,4IWX,A,3,0.73236,1,0.10169,0,"201,270","198,199,200,201,202,203,204,267,268,269,270,271,272,273",188,"185,186,187,188,189,190,191","201,270",188,69,12,0.23,118,36,0.21,0.6266666666666667,0.9353233830845772,188.0,,,,300,75.08333333333333,0.2502777777777777
P0C960,2Y8P,A,1,-0.16732,0,-0.74518,1,"50,95","47,48,49,50,51,52,53,92,93,94,95,96,97,98",118,"115,116,117,118,119,120,121","50,95",118,45,2,0.2216748768472906,93,29,0.2413793103448276,,,,0.4187192118226601,0.7870370370370371,85.0,203,45.5,0.2241379310344827
P0CB39,6A83,A,1,0.01878,0,0.63641,3,"238,376","235,236,237,238,239,240,241,373,374,375,376,377,378,379","387,459,490","384,385,386,387,388,389,390,456,457,458,459,460,461,462,487,488,489,490,491,492,493","238,376","387,459,490",138,1,0.2391681109185442,239,87,0.1889081455805892,,,,0.1507798960138648,0.4328358208955223,87.0,577,138.0,0.2391681109185442
P0CB39,6A83,A,2,0.01193,0,-0.64934,1,"242,456","239,240,241,242,243,244,245,453,454,455,456,457,458,459",490,"487,488,489,490,491,492,493","242,456",490,214,17,0.3708838821490468,285,43,0.1317157712305026,,,,0.1507798960138648,0.71900826446281,87.0,577,216.8823529411765,0.3758792945254358
P0CB39,6A83,A,3,-0.86053,1,-0.12095,0,"487,553","484,485,486,487,488,489,490,550,551,552,553,554,555,556",282,"279,280,281,282,283,284,285","487,553",282,66,28,0.1143847487001733,132,38,0.1386481802426343,0.4887348353552859,0.5790554414784395,282.0,,,,577,84.92857142857143,0.1471898984897252
P0CB39,6A83,A,4,0.99787,1,-1.08078,1,"251,466","248,249,250,251,252,253,254,463,464,465,466,467,468,469","244,490","241,242,243,244,245,246,247,487,488,489,490,491,492,493","251,466","244,490",215,149,0.3726169844020797,289,63,0.1715771230502599,0.4228769497400346,0.9721115537848606,244.0,0.1507798960138648,0.7837837837837838,87.0,577,186.7785234899329,0.3237062798785665
P0CB39,6A83,A,5,0.71653,1,-0.02605,0,"384,524","381,382,383,384,385,386,387,521,522,523,524,525,526,527",242,"239,240,241,242,243,244,245","384,524",242,140,27,0.24263431542461,245,33,0.1334488734835355,0.4194107452339688,0.6302083333333334,242.0,,,,577,204.22222222222223,0.3539379934527248
P0CB39,6A83,A,6,0.87653,1,0.11108,0,"340,388","337,338,339,340,341,342,343,385,386,387,388,389,390,391",326,"323,324,325,326,327,328,329","340,388",326,48,1,0.0831889081455806,96,41,0.1265164644714038,0.5649913344887348,0.9588235294117649,326.0,,,,577,48.0,0.0831889081455806
P0CB39,6A83,A,7,0.77815,1,-0.8189,3,"261,407","258,259,260,261,262,263,264,404,405,406,407,408,409,410","243,433,459,490","240,241,242,243,244,245,246,430,431,432,433,434,435,436,456,457,458,459,460,461,462,487,488,489,490,491,492,493","261,407","243,433,459,490",146,10,0.2530329289428076,239,99,0.2097053726169844,0.4211438474870017,0.9310344827586208,243.0,0.1507798960138648,0.5117647058823529,87.0,577,151.7,0.2629116117850953
P0CE47,5JBQ,A,1,-0.91372,1,0.0,0,"359,392","356,357,358,359,360,361,362,389,390,391,392,393,394,395",304,"301,302,303,304,305,306,307","360,393",305,33,1,0.0837563451776649,82,37,0.1345177664974619,0.7741116751269036,0.8472222222222222,305.0,,,,394,33.0,0.0837563451776649
P0CE47,5JBQ,A,2,-0.80014,1,-0.03209,0,"252,295","249,250,251,252,253,254,255,292,293,294,295,296,297,298",242,"239,240,241,242,243,244,245","253,296",243,43,2,0.1091370558375634,93,34,0.1294416243654822,0.616751269035533,0.9604743083003952,243.0,,,,394,46.5,0.1180203045685279
P0CE47,5JBQ,A,3,0.0413,0,-0.62566,1,"303,342","300,301,302,303,304,305,306,339,340,341,342,343,344,345",359,"356,357,358,359,360,361,362","304,343",360,39,7,0.098984771573604,94,29,0.149746192893401,,,,0.0862944162436548,0.6666666666666666,34.0,394,101.57142857142856,0.2577955039883974
P0CE47,5JBQ,A,4,0.92891,1,-0.02099,0,"69,102","66,67,68,69,70,71,72,99,100,101,102,103,104,105",14,"11,12,13,14,15,16,17","70,103",15,33,44,0.0837563451776649,95,34,0.1852791878172588,0.0380710659898477,0.2142857142857142,15.0,,,,394,128.75,0.3267766497461929
P0CE48,6EZE,A,1,-0.67187,1,-0.08047,0,"250,300","247,248,249,250,251,252,253,297,298,299,300,301,302,303",243,"240,241,242,243,244,245,246","251,301",244,50,1,0.1269035532994923,101,35,0.1472081218274111,0.6192893401015228,0.9721115537848606,244.0,,,,394,50.0,0.1269035532994923
P0CE48,6EZE,A,2,-0.92091,1,0.0,0,"359,392","356,357,358,359,360,361,362,389,390,391,392,393,394,395",304,"301,302,303,304,305,306,307","360,393",305,33,1,0.0837563451776649,83,36,0.1294416243654822,0.7741116751269036,0.8472222222222222,305.0,,,,394,33.0,0.0837563451776649
P0CE48,6EZE,A,3,0.04067,0,-0.62576,1,"303,342","300,301,302,303,304,305,306,339,340,341,342,343,344,345",359,"356,357,358,359,360,361,362","304,343",360,39,5,0.098984771573604,93,28,0.1472081218274111,,,,0.0862944162436548,0.6666666666666666,34.0,394,94.4,0.2395939086294416
P0CE48,6EZE,A,4,0.61859,1,0.19612,0,"27,104","24,25,26,27,28,29,30,101,102,103,104,105,106,107",15,"12,13,14,15,16,17,18","28,105",16,77,13,0.1954314720812182,134,38,0.2055837563451776,0.0406091370558375,0.5714285714285714,16.0,,,,394,131.6153846153846,0.334049199531433
P0DTT0,4ZCK,A,1,-0.18484,0,0.60754,1,"318,493","315,316,317,318,319,320,321,490,491,492,493,494,495,496",571,"568,569,570,571,572,573,574","318,493",571,175,3,0.2883031301482702,236,26,0.1252059308072487,,,,0.0593080724876441,0.3157894736842105,36.0,607,185.0,0.3047775947281713
P0DTT0,4ZCK,A,2,-0.89334,1,0.1443,0,"436,462","433,434,435,436,437,438,439,459,460,461,462,463,464,465",406,"403,404,405,406,407,408,409","436,462",406,26,15,0.042833607907743,74,30,0.0757825370675453,0.6688632619439868,0.9311926605504588,406.0,,,,607,48.86666666666667,0.0805052169137836
P0DTT0,4ZCK,A,3,-0.87193,1,-0.09727,0,"514,557","511,512,513,514,515,516,517,554,555,556,557,558,559,560",500,"497,498,499,500,501,502,503","514,557",500,43,13,0.0708401976935749,84,29,0.0807248764415156,0.8237232289950577,0.9727626459143968,500.0,,,,607,52.23076923076923,0.0860473957673298
P10121,2YHS,A,1,0.66245,1,0.11204,0,"340,382","337,338,339,340,341,342,343,379,380,381,382,383,384,385",326,"323,324,325,326,327,328,329","340,382",326,42,26,0.0845070422535211,83,40,0.1368209255533199,0.6559356136820925,0.9588235294117649,326.0,,,,497,143.53846153846155,0.2888097817675282
P10121,2YHS,A,2,-0.04126,0,0.75521,1,"279,457","276,277,278,279,280,281,282,454,455,456,457,458,459,460",467,"464,465,466,467,468,469,470","279,457",467,178,27,0.358148893360161,223,30,0.1368209255533199,,,,0.0603621730382293,0.75,30.0,497,211.7037037037037,0.4259631865265668
P10121,2YHS,A,3,0.04929,0,0.84274,1,"295,368","292,293,294,295,296,297,298,365,366,367,368,369,370,371",381,"378,379,380,381,382,383,384","295,368",381,73,5,0.1468812877263581,113,46,0.1448692152917505,,,,0.2334004024144869,0.8992248062015504,116.0,497,77.0,0.1549295774647887
P10151,6GZ2,A,1,-0.77472,1,0.04818,0,"258,278","255,256,257,258,259,260,261,275,276,277,278,279,280,281",187,"184,185,186,187,188,189,190","258,278",187,20,17,0.0636942675159235,47,36,0.1878980891719745,0.5955414012738853,0.7248062015503876,187.0,,,,314,72.82352941176471,0.2319220681903334
P10151,6GZ2,A,2,0.6018,1,0.12617,0,"223,243","220,221,222,223,224,225,226,240,241,242,243,244,245,246",213,"210,211,212,213,214,215,216","223,243",213,20,7,0.0636942675159235,43,34,0.1528662420382165,0.678343949044586,0.9551569506726456,213.0,,,,314,30.714285714285715,0.0978161965423111
P10378,4IZ6,A,1,-0.67362,1,0.07595,0,"72,177","69,70,71,72,73,74,75,174,175,176,177,178,179,180",61,"58,59,60,61,62,63,64","72,177",61,105,2,0.1958955223880597,156,30,0.126865671641791,0.1138059701492537,0.8472222222222222,61.0,,,,536,108.5,0.2024253731343283
P10378,4IZ6,A,2,-0.64959,3,-0.08743,0,"104,440","101,102,103,104,105,106,107,437,438,439,440,441,442,443","60,78,91","57,58,59,60,61,62,63,75,76,77,78,79,80,81,88,89,90,91,92,93,94","104,440","60,78,91",336,1,0.6268656716417911,420,77,0.2332089552238806,0.1119402985074626,0.5769230769230769,60.0,,,,536,336.0,0.6268656716417911
P10378,4IZ6,A,3,0.71795,1,0.0656,0,"89,125","86,87,88,89,90,91,92,122,123,124,125,126,127,128",76,"73,74,75,76,77,78,79","89,125",76,36,7,0.0671641791044776,101,35,0.1473880597014925,0.1417910447761194,0.8539325842696629,76.0,,,,536,71.14285714285714,0.13272921108742
P10378,4IZ6,A,4,0.80329,1,0.18283,0,"236,277","233,234,235,236,237,238,239,274,275,276,277,278,279,280",226,"223,224,225,226,227,228,229","236,277",226,41,16,0.0764925373134328,99,39,0.1567164179104477,0.4216417910447761,0.9576271186440678,226.0,,,,536,85.75,0.1599813432835821
P10378,4IZ6,A,5,-0.73662,3,0.68068,1,"104,234","101,102,103,104,105,106,107,231,232,233,234,235,236,237","61,77,95,243","58,59,60,61,62,63,64,74,75,76,77,78,79,80,92,93,94,95,96,97,98,240,241,242,243,244,245,246","104,234","61,77,95,243",130,15,0.2425373134328358,239,111,0.2555970149253731,0.1138059701492537,0.5865384615384616,61.0,0.5466417910447762,0.9701986754966888,293.0,536,127.13333333333334,0.2371890547263681
P10408,2FSH,A,1,0.69774,1,-0.11576,0,"585,619","582,583,584,585,586,587,588,616,617,618,619,620,621,622",427,"424,425,426,427,428,429,430","585,619",427,34,1,0.0377358490566037,65,28,0.0677025527192008,0.4739178690344062,0.7299145299145299,427.0,,,,901,34.0,0.0377358490566037
P10408,2FSH,A,2,-0.05785,0,0.81097,1,"425,561","422,423,424,425,426,427,428,558,559,560,561,562,563,564",585,"582,583,584,585,586,587,588","425,561",585,136,15,0.1509433962264151,177,40,0.074361820199778,,,,0.3507214206437292,0.9294117647058824,316.0,901,161.46666666666667,0.1792082870884202
P10408,2FSH,A,3,0.79095,1,0.017,0,"404,639","401,402,403,404,405,406,407,636,637,638,639,640,641,642",394,"391,392,393,394,395,396,397","404,639",394,235,5,0.2608213096559378,270,30,0.0665926748057713,0.4372918978912319,0.9752475247524752,394.0,,,,901,238.2,0.2643729189789123
P10408,2FSH,A,4,0.14806,0,0.67391,1,"451,494","448,449,450,451,452,453,454,491,492,493,494,495,496,497",502,"499,500,501,502,503,504,505","451,494",502,43,2,0.0477247502774694,82,37,0.074361820199778,,,,0.4428412874583796,0.9803439803439804,399.0,901,43.5,0.0482796892341842
P10441,5W8N,A,1,0.96712,1,0.13502,0,"215,272","212,213,214,215,216,217,218,269,270,271,272,273,274,275",194,"191,192,193,194,195,196,197","215,272",194,57,13,0.1492146596858638,100,35,0.1727748691099476,0.5078534031413613,0.9023255813953488,194.0,,,,382,74.6923076923077,0.1955296012887636
P10443,2HNH,A,1,-0.83548,1,-0.2573,0,"81,112","78,79,80,81,82,83,84,109,110,111,112,113,114,115",71,"68,69,70,71,72,73,74","81,112",71,31,3,0.0267241379310344,86,36,0.0482758620689655,0.0612068965517241,0.8765432098765432,71.0,,,,1160,33.0,0.0284482758620689
P10443,2HNH,A,2,-0.78778,1,-0.13816,0,"512,538","509,510,511,512,513,514,515,535,536,537,538,539,540,541",429,"426,427,428,429,430,431,432","512,538",429,26,1,0.0224137931034482,73,40,0.0560344827586206,0.3698275862068965,0.837890625,429.0,,,,1160,26.0,0.0224137931034482
P10443,2HNH,A,3,-0.01685,0,-0.82541,1,"561,609","558,559,560,561,562,563,564,606,607,608,609,610,611,612",770,"767,768,769,770,771,772,773","561,609",770,48,5,0.0413793103448275,90,32,0.0543103448275862,,,,0.3362068965517241,0.7078039927404719,390.0,1160,227.4,0.1960344827586207
P10443,2HNH,A,4,-1.06362,1,-0.86463,1,"508,529","505,506,507,508,509,510,511,526,527,528,529,530,531,532","429,538","426,427,428,429,430,431,432,535,536,537,538,539,540,541","508,529","429,538",21,2,0.018103448275862,69,59,0.0698275862068965,0.3698275862068965,0.844488188976378,429.0,0.5362068965517242,0.9857369255150554,622.0,1160,59.5,0.0512931034482758
P10443,2HNH,A,5,0.82645,1,-0.02173,0,"30,205","27,28,29,30,31,32,33,202,203,204,205,206,207,208",9,"6,7,8,9,10,11,12","30,205",9,175,29,0.1508620689655172,249,42,0.0646551724137931,0.0077586206896551,0.3,9.0,,,,1160,195.6551724137931,0.1686682520808561
P10443,2HNH,A,6,0.02413,0,0.68572,1,"811,823","808,809,810,811,812,813,814,820,821,822,823,824,825,826",832,"829,830,831,832,833,834,835","811,823",832,12,19,0.0103448275862068,45,35,0.0439655172413793,,,,0.2827586206896552,0.973293768545994,328.0,1160,103.15789473684212,0.0889292196007259
P10443,2HNH,A,7,0.04785,0,-0.71418,3,"219,436","216,217,218,219,220,221,222,433,434,435,436,437,438,439","506,513,541","503,504,505,506,507,508,509,510,511,512,513,514,515,516,538,539,540,541,542,543,544","219,436","506,513,541",217,16,0.1870689655172414,343,69,0.0870689655172413,,,,0.5336206896551724,0.8549723756906077,619.0,1160,229.6875,0.1980064655172413
P10902,1KNR,A,1,0.07025,0,-0.8778,1,"51,119","48,49,50,51,52,53,54,116,117,118,119,120,121,122",129,"126,127,128,129,130,131,132","51,119",129,68,2,0.1259259259259259,123,35,0.124074074074074,,,,0.7611111111111111,0.97624703087886,411.0,540,69.0,0.1277777777777777
P10902,1KNR,A,2,-0.72517,1,-0.10302,0,"257,351","254,255,256,257,258,259,260,348,349,350,351,352,353,354",246,"243,244,245,246,247,248,249","257,351",246,94,7,0.174074074074074,135,37,0.1351851851851851,0.4555555555555555,0.9571984435797666,246.0,,,,540,100.14285714285714,0.1854497354497354
P10902,1KNR,A,3,0.68598,1,-0.82521,3,"77,240","74,75,76,77,78,79,80,237,238,239,240,241,242,243","36,354,381,393","33,34,35,36,37,38,39,351,352,353,354,355,356,357,378,379,380,381,382,383,384,390,391,392,393,394,395,396","77,240","36,354,381,393",163,90,0.3018518518518518,336,129,0.2777777777777778,0.0666666666666666,0.4675324675324675,36.0,0.2722222222222222,0.49,147.0,540,259.84444444444443,0.48119341563786
P10902,1KNR,A,4,-0.77131,3,-1.00038,1,"127,264","124,125,126,127,128,129,130,261,262,263,264,265,266,267","34,52,119,351","31,32,33,34,35,36,37,49,50,51,52,53,54,55,116,117,118,119,120,121,122,348,349,350,351,352,353,354","127,264","34,52,119,351",137,2,0.2537037037037037,303,141,0.2907407407407407,0.0629629629629629,0.2677165354330709,34.0,0.35,0.6847826086956522,189.0,540,137.5,0.2546296296296296
P10902,1KNR,A,5,0.75808,1,-0.78884,1,"215,244","212,213,214,215,216,217,218,241,242,243,244,245,246,247","206,350","203,204,205,206,207,208,209,347,348,349,350,351,352,353","215,244","206,350",29,11,0.0537037037037037,100,68,0.1648148148148148,0.3814814814814815,0.958139534883721,206.0,0.3518518518518518,0.6418918918918919,190.0,540,98.8181818181818,0.182996632996633
P10902,1KNR,A,6,0.75363,1,-0.857,1,"86,381","83,84,85,86,87,88,89,378,379,380,381,382,383,384","36,391","33,34,35,36,37,38,39,388,389,390,391,392,393,394","86,381","36,391",295,12,0.5462962962962963,429,68,0.2185185185185185,0.0666666666666666,0.4186046511627907,36.0,0.2759259259259259,0.9371069182389936,149.0,540,302.25,0.5597222222222222
P10902,1KNR,A,7,-0.16422,0,0.75251,1,"249,307","246,247,248,249,250,251,252,304,305,306,307,308,309,310",346,"343,344,345,346,347,348,349","249,307",346,58,2,0.1074074074074074,101,35,0.1074074074074074,,,,0.3592592592592593,0.8326180257510729,194.0,540,58.5,0.1083333333333333
P10902,1KNR,A,8,0.84748,1,-0.13999,0,"23,201","20,21,22,23,24,25,26,198,199,200,201,202,203,204",14,"11,12,13,14,15,16,17","23,201",14,178,16,0.3296296296296296,273,41,0.1444444444444444,0.0259259259259259,0.6086956521739131,14.0,,,,540,350.375,0.6488425925925926
P10902,1KNR,A,9,0.7922,1,-0.4299,0,"69,123","66,67,68,69,70,71,72,120,121,122,123,124,125,126",54,"51,52,53,54,55,56,57","69,123",54,54,9,0.1,110,38,0.1444444444444444,0.1,0.782608695652174,54.0,,,,540,87.33333333333333,0.1617283950617284
P10902,1KNR,A,10,-0.73467,3,0.05012,0,"350,448","347,348,349,350,351,352,353,445,446,447,448,449,450,451","163,181,224","160,161,162,163,164,165,166,178,179,180,181,182,183,184,221,222,223,224,225,226,227","350,448","163,181,224",98,11,0.1814814814814815,214,84,0.2611111111111111,0.3018518518518518,0.4657142857142857,163.0,,,,540,167.9090909090909,0.3109427609427609
P10903,4U4T,A,1,-0.13866,0,0.6983,1,"77,130","74,75,76,77,78,79,80,127,128,129,130,131,132,133",139,"136,137,138,139,140,141,142","77,130",139,53,30,0.1144708423326133,137,34,0.1447084233261339,,,,0.6997840172786177,0.972972972972973,324.0,463,62.06666666666667,0.1340532757379409
P10903,4U4T,A,2,0.60689,1,0.06124,0,"157,235","154,155,156,157,158,159,160,232,233,234,235,236,237,238",43,"40,41,42,43,44,45,46","157,235",43,78,35,0.1684665226781857,147,37,0.1555075593952483,0.0928725701943844,0.2738853503184713,43.0,,,,463,111.51428571428572,0.2408515890157359
P10903,4U4T,A,3,-0.18104,0,0.60668,1,"285,338","282,283,284,285,286,287,288,335,336,337,338,339,340,341",357,"354,355,356,357,358,359,360","285,338",357,53,15,0.1144708423326133,115,30,0.1274298056155507,,,,0.2289416846652267,0.848,106.0,463,61.13333333333333,0.1320374370050396
P10903,4U4T,A,4,1.04637,1,-0.11394,0,"355,425","352,353,354,355,356,357,358,422,423,424,425,426,427,428",266,"263,264,265,266,267,268,269","355,425",266,70,34,0.1511879049676026,155,36,0.1900647948164147,0.5745140388768899,0.7492957746478873,266.0,,,,463,119.82352941176472,0.2587981196798374
P10903,4U4T,A,5,1.33779,1,-0.80381,1,"124,198","121,122,123,124,125,126,127,195,196,197,198,199,200,201","51,212","48,49,50,51,52,53,54,209,210,211,212,213,214,215","124,198","51,212",74,13,0.1598272138228941,163,73,0.1943844492440604,0.1101511879049676,0.4112903225806452,51.0,0.5421166306695464,0.9471698113207548,251.0,463,99.3846153846154,0.2146535969430138
P11071,6K5L,A,1,-0.04843,0,0.66384,1,"51,256","48,49,50,51,52,53,54,253,254,255,256,257,258,259",264,"261,262,263,264,265,266,267","51,256",264,205,7,0.3546712802768166,282,20,0.1262975778546712,,,,0.5432525951557093,0.9751552795031057,314.0,578,210.42857142857144,0.3640632723677706
P11071,6K5L,A,2,0.129,0,-1.25704,2,"114,402","111,112,113,114,115,116,117,399,400,401,402,403,404,405","410,416","407,408,409,410,411,412,413,413,414,415,416,417,418,419","114,402","410,416",288,58,0.4982698961937716,365,48,0.1228373702422145,,,,0.2802768166089965,0.9204545454545454,162.0,578,94.13793103448276,0.1628683927932227
P11349,1Q16,B,1,-1.28091,2,-0.81029,1,"56,343","53,54,55,56,57,58,59,340,341,342,343,344,345,346","8,49,349","5,6,7,8,9,10,11,46,47,48,49,50,51,52,346,347,348,349,350,351,352","56,343","8,49,349",287,100,0.560546875,384,101,0.236328125,0.015625,0.1428571428571428,8.0,0.318359375,0.9644970414201184,163.0,512,186.59,0.36443359375
P11349,1Q16,B,2,-1.14114,2,0.03422,0,"57,393","54,55,56,57,58,59,60,390,391,392,393,394,395,396","7,49","4,5,6,7,8,9,10,46,47,48,49,50,51,52","57,393","7,49",336,1,0.65625,419,74,0.224609375,0.013671875,0.1228070175438596,7.0,,,,512,336.0,0.65625
P11349,1Q16,B,3,-0.83215,1,0.63759,1,"91,222","88,89,90,91,92,93,94,219,220,221,222,223,224,225","49,232","46,47,48,49,50,51,52,229,230,231,232,233,234,235","91,222","49,232",131,5,0.255859375,217,63,0.181640625,0.095703125,0.5384615384615384,49.0,0.546875,0.9655172413793104,280.0,512,135.2,0.2640625
P11350,3IR7,C,1,0.03517,0,0.78532,1,"13,162","10,11,12,13,14,15,16,159,160,161,162,163,164,165",203,"200,201,202,203,204,205,206","13,162",203,149,17,0.6622222222222223,187,22,0.3022222222222222,,,,0.0977777777777777,0.3492063492063492,22.0,225,160.47058823529412,0.7132026143790849
P11447,1TJ7,A,1,-0.80542,1,-0.02816,0,"162,360","159,160,161,162,163,164,165,357,358,359,360,361,362,363",151,"148,149,150,151,152,153,154","162,360",151,198,11,0.4332603938730853,262,29,0.1006564551422319,0.3304157549234136,0.9320987654320988,151.0,,,,457,238.8181818181818,0.5225780783767655
P11454,5JA2,A,1,0.00689,0,-0.61865,1,"805,827","802,803,804,805,806,807,808,824,825,826,827,828,829,830",834,"831,832,833,834,835,836,837","805,827",834,22,4,0.017014694508894,59,25,0.0394431554524361,,,,0.3549883990719257,0.9849785407725322,459.0,1293,30.5,0.0235885537509667
P11454,5JA2,A,2,-0.61722,1,-0.3397,0,"105,370","102,103,104,105,106,107,108,367,368,369,370,371,372,373",29,"26,27,28,29,30,31,32","105,370",29,265,3,0.2049497293116782,372,36,0.0402165506573859,0.0224284609435421,0.2761904761904762,29.0,,,,1293,267.3333333333333,0.2067543181232276
P11454,5JA2,A,3,0.0,0,-1.06838,1,"24,62","21,22,23,24,25,26,27,59,60,61,62,63,64,65",136,"133,134,135,136,137,138,139","24,62",136,38,4,0.0293890177880897,115,32,0.0533642691415313,,,,0.8948182521268369,0.9398862713241268,1157.0,1293,40.0,0.0309358081979891
P11454,5JA2,A,4,0.00454,0,-0.76585,1,"204,295","201,202,203,204,205,206,207,292,293,294,295,296,297,298",393,"390,391,392,393,394,395,396","204,295",393,91,33,0.0703789636504253,189,35,0.062645011600928,,,,0.6960556844547564,0.9018036072144288,900.0,1293,161.06060606060606,0.12456350043357
P11454,5JA2,A,5,-0.69678,1,0.11107,0,"504,591","501,502,503,504,505,506,507,588,589,590,591,592,593,594",491,"488,489,490,491,492,493,494","504,591",491,87,4,0.0672853828306264,146,32,0.0549110595514307,0.379737045630317,0.9742063492063492,491.0,,,,1293,90.75,0.0701856148491879
P11454,5JA2,A,6,-0.27784,0,0.60926,1,"514,641","511,512,513,514,515,516,517,638,639,640,641,642,643,644",653,"650,651,652,653,654,655,656","514,641",653,127,4,0.0982211910286156,234,30,0.0610982211910286,,,,0.4949729311678267,0.98159509202454,640.0,1293,128.5,0.0993812838360402
P11454,5JA2,A,7,0.6109,1,0.14005,0,"525,557","522,523,524,525,526,527,528,554,555,556,557,558,559,560",508,"505,506,507,508,509,510,511","525,557",508,32,8,0.0247486465583913,94,34,0.0572312451662799,0.3928847641144625,0.9676190476190476,508.0,,,,1293,53.375,0.0412799690641918
P11454,5JA2,A,8,0.63224,1,0.1845,0,"652,689","649,650,651,652,653,654,655,686,687,688,689,690,691,692",639,"636,637,638,639,640,641,642","652,689",639,37,14,0.0286156225831399,98,31,0.0502706883217324,0.494199535962877,0.9800613496932516,639.0,,,,1293,75.0,0.0580046403712296
P11454,5JA2,A,9,-0.00133,0,1.02821,1,"1060,1078","1057,1058,1059,1060,1061,1062,1063,1075,1076,1077,1078,1079,1080,1081",1094,"1091,1092,1093,1094,1095,1096,1097","1060,1078",1094,18,8,0.0139211136890951,65,38,0.0494972931167826,,,,0.1539056457849961,0.9255813953488372,199.0,1293,22.125,0.0171113689095127
P11454,5JA2,A,10,0.72976,1,0.21396,0,"1092,1133","1089,1090,1091,1092,1093,1094,1095,1130,1131,1132,1133,1134,1135,1136",1067,"1064,1065,1066,1067,1068,1069,1070","1092,1133",1067,41,5,0.0317092034029389,92,30,0.0510440835266821,0.8252126836813611,0.9771062271062272,1067.0,,,,1293,51.8,0.0400618716163959
P11454,5JA2,A,11,-0.6926,3,0.53549,0,"536,646","533,534,535,536,537,538,539,643,644,645,646,647,648,649","490,509,527","487,488,489,490,491,492,493,506,507,508,509,510,511,512,524,525,526,527,528,529,530","536,646","490,509,527",110,3,0.0850734725444702,217,80,0.0850734725444702,0.3789636504253673,0.914179104477612,490.0,,,,1293,111.0,0.0858468677494199
P11454,5JA2,A,12,0.05062,0,-0.7957,3,"172,285","169,170,171,172,173,174,175,282,283,284,285,286,287,288","295,325,395","292,293,294,295,296,297,298,322,323,324,325,326,327,328,392,393,394,395,396,397,398","172,285","295,325,395",113,43,0.0873936581593194,207,83,0.0928074245939675,,,,0.6945088940448569,0.8908730158730159,898.0,1293,98.97674418604652,0.0765481393550243
P11454,5JA2,A,13,-0.8202,3,-0.14438,0,"306,420","303,304,305,306,307,308,309,417,418,419,420,421,422,423","255,272,293","252,253,254,255,256,257,258,269,270,271,272,273,274,275,290,291,292,293,294,295,296","306,420","255,272,293",114,16,0.0881670533642691,213,76,0.0812064965197215,0.1972157772621809,0.8333333333333334,255.0,,,,1293,145.0,0.1121423047177107
P11875,5YYM,A,1,-0.77425,1,-0.02929,0,"193,235","190,191,192,193,194,195,196,232,233,234,235,236,237,238",169,"166,167,168,169,170,171,172","193,235",169,42,8,0.072790294627383,66,32,0.1057192374350086,0.292894280762565,0.8756476683937824,169.0,,,,577,47.625,0.0825389948006932
P11875,5YYM,A,2,0.88555,3,-0.01148,0,"245,391","242,243,244,245,246,247,248,388,389,390,391,392,393,394","120,132,157","117,118,119,120,121,122,123,129,130,131,132,133,134,135,154,155,156,157,158,159,160","245,391","120,132,157",146,13,0.2530329289428076,200,61,0.1507798960138648,0.2079722703639514,0.4897959183673469,120.0,,,,577,175.30769230769232,0.303826156512465
P11875,5YYM,A,3,-0.08278,0,0.6218,1,"467,530","464,465,466,467,468,469,470,527,528,529,530,531,532,533",552,"549,550,551,552,553,554,555","467,530",552,63,7,0.1091854419410745,122,33,0.1126516464471403,,,,0.0433275563258232,0.5319148936170213,25.0,577,67.57142857142857,0.1171081950977964
P11880,1GG4,A,1,0.13332,0,0.66377,1,"18,70","15,16,17,18,19,20,21,67,68,69,70,71,72,73",77,"74,75,76,77,78,79,80","18,70",77,52,1,0.1150442477876106,77,34,0.1039823008849557,,,,0.8296460176991151,0.981675392670157,375.0,452,52.0,0.1150442477876106
P11880,1GG4,A,2,0.82488,1,0.14981,0,"114,182","111,112,113,114,115,116,117,179,180,181,182,183,184,185",104,"101,102,103,104,105,106,107","114,182",104,68,1,0.1504424778761062,140,38,0.1592920353982301,0.2300884955752212,0.912280701754386,104.0,,,,452,68.0,0.1504424778761062
P11880,1GG4,A,3,-0.09681,0,0.67434,1,"100,148","97,98,99,100,101,102,103,145,146,147,148,149,150,151",156,"153,154,155,156,157,158,159","100,148",156,48,21,0.1061946902654867,111,43,0.1504424778761062,,,,0.6548672566371682,0.9736842105263158,296.0,452,62.85714285714285,0.1390644753476611
P12281,2NQN,B,1,-0.00488,0,0.80387,1,"17,286","14,15,16,17,18,19,20,283,284,285,286,287,288,289",296,"293,294,295,296,297,298,299","17,286",296,269,1,0.6545012165450121,319,37,0.1581508515815085,,,,0.2798053527980535,0.92,115.0,411,269.0,0.6545012165450121
P12281,2NQN,B,2,0.70652,1,0.06001,0,"213,248","210,211,212,213,214,215,216,245,246,247,248,249,250,251",180,"177,178,179,180,181,182,183","213,248",180,35,25,0.0851581508515815,70,40,0.1532846715328467,0.437956204379562,0.8450704225352113,180.0,,,,411,96.56,0.2349391727493917
P12281,2NQN,B,3,0.01977,0,-0.87828,1,"27,41","24,25,26,27,28,29,30,38,39,40,41,42,43,44",173,"170,171,172,173,174,175,176","27,41",173,14,2,0.0340632603406326,41,31,0.1240875912408759,,,,0.5790754257907542,0.6432432432432432,238.0,411,14.5,0.035279805352798
P12281,2NQN,B,4,-0.84646,1,-0.02177,0,"155,322","152,153,154,155,156,157,158,319,320,321,322,323,324,325",38,"35,36,37,38,39,40,41","155,322",38,167,6,0.4063260340632603,221,34,0.1386861313868613,0.0924574209245742,0.2451612903225806,38.0,,,,411,169.0,0.4111922141119221
P12281,2NQN,B,5,-0.70951,1,-0.18221,0,"97,114","94,95,96,97,98,99,100,111,112,113,114,115,116,117",60,"57,58,59,60,61,62,63","97,114",60,17,18,0.0413625304136253,55,33,0.1484184914841849,0.145985401459854,0.6185567010309279,60.0,,,,411,46.833333333333336,0.1139497161394971
P12281,2NQN,B,6,0.03309,0,-0.62473,1,"330,385","327,328,329,330,331,332,333,382,383,384,385,386,387,388",401,"398,399,400,401,402,403,404","330,385",401,55,7,0.1338199513381995,88,31,0.1386861313868613,,,,0.024330900243309,0.3846153846153846,10.0,411,164.28571428571428,0.3997219325686478
P12281,2NQN,B,7,-0.63345,1,-0.09302,0,"363,382","360,361,362,363,364,365,366,379,380,381,382,383,384,385",351,"348,349,350,351,352,353,354","363,382",351,19,3,0.0462287104622871,47,33,0.1313868613138686,0.8540145985401459,0.9669421487603306,351.0,,,,411,26.0,0.0632603406326034
P12282,1JW9,B,1,0.82741,1,-0.06081,0,"50,126","47,48,49,50,51,52,53,123,124,125,126,127,128,129",34,"31,32,33,34,35,36,37","50,126",34,76,4,0.3052208835341365,121,35,0.2971887550200803,0.1365461847389558,0.68,34.0,,,,249,80.75,0.32429718875502
P12295,1FLZ,A,1,-0.06925,0,0.96932,1,"50,75","47,48,49,50,51,52,53,72,73,74,75,76,77,78",119,"116,117,118,119,120,121,122","50,75",119,25,22,0.1091703056768559,82,31,0.2838427947598253,,,,0.4803493449781659,0.7142857142857143,110.0,229,31.681818181818183,0.1383485510123064
P12295,1FLZ,A,2,0.76189,1,0.21054,0,"92,164","89,90,91,92,93,94,95,161,162,163,164,165,166,167",60,"57,58,59,60,61,62,63","92,164",60,72,55,0.314410480349345,163,35,0.3318777292576419,0.2620087336244541,0.6521739130434783,60.0,,,,229,107.1818181818182,0.4680428741564112
P12758,1K3F,C,1,0.03552,0,0.87588,1,"2090,2136","2087,2088,2089,2090,2091,2092,2093,2133,2134,2135,2136,2137,2138,2139",2214,"2211,2212,2213,2214,2215,2216,2217","90,136",214,46,8,0.1818181818181818,119,41,0.2450592885375494,,,,0.1541501976284585,0.3333333333333333,39.0,253,55.25,0.2183794466403162
P12758,1K3F,C,2,1.22678,1,-0.0117,0,"2169,2223","2166,2167,2168,2169,2170,2171,2172,2220,2221,2222,2223,2224,2225,2226",2096,"2093,2094,2095,2096,2097,2098,2099","169,223",96,54,4,0.2134387351778656,131,34,0.2371541501976284,0.3794466403162055,0.5680473372781065,96.0,,,,253,56.25,0.2223320158102766
P12758,1K3F,C,3,-0.03143,0,0.90831,1,"2017,2054","2014,2015,2016,2017,2018,2019,2020,2051,2052,2053,2054,2055,2056,2057",2063,"2060,2061,2062,2063,2064,2065,2066","17,54",63,37,7,0.1462450592885375,76,38,0.2450592885375494,,,,0.7509881422924901,0.9547738693467336,190.0,253,40.142857142857146,0.1586674195369847
P12758,1K3F,C,4,0.78683,1,0.07629,0,"2034,2092","2031,2032,2033,2034,2035,2036,2037,2089,2090,2091,2092,2093,2094,2095",2023,"2020,2021,2022,2023,2024,2025,2026","34,92",23,58,17,0.2292490118577075,115,34,0.300395256916996,0.0909090909090909,0.6764705882352942,23.0,,,,253,174.64705882352942,0.6903045803301558
P12758,1K3F,C,5,0.61231,1,0.02148,0,"2117,2158","2114,2115,2116,2117,2118,2119,2120,2155,2156,2157,2158,2159,2160,2161",2110,"2107,2108,2109,2110,2111,2112,2113","117,158",110,41,54,0.1620553359683794,93,41,0.2885375494071146,0.4347826086956521,0.9401709401709402,110.0,,,,253,87.05555555555556,0.3440931049626702
P12994,1FJJ,A,1,-0.64257,1,-0.25727,0,"67,128","64,65,66,67,68,69,70,125,126,127,128,129,130,131",48,"45,46,47,48,49,50,51","67,128",48,61,7,0.3860759493670886,127,38,0.3924050632911392,0.3037974683544304,0.7164179104477612,48.0,,,,158,70.0,0.4430379746835443
P12995,1QJ5,B,1,0.00704,0,-0.7571,1,"48,389","45,46,47,48,49,50,51,386,387,388,389,390,391,392",396,"393,394,395,396,397,398,399","48,389",396,341,3,0.7948717948717948,390,30,0.1468531468531468,,,,0.0769230769230769,0.825,33.0,429,342.0,0.7972027972027972
P12995,1QJ5,B,2,-1.09431,1,0.03145,0,"283,316","280,281,282,283,284,285,286,313,314,315,316,317,318,319",108,"105,106,107,108,109,110,111","283,316",108,33,58,0.0769230769230769,84,31,0.1724941724941724,0.2517482517482518,0.381625441696113,108.0,,,,429,104.86206896551724,0.2444337271923478
P12995,1QJ5,B,3,0.74378,1,0.17221,0,"154,209","151,152,153,154,155,156,157,206,207,208,209,210,211,212",138,"135,136,137,138,139,140,141","154,209",138,55,1,0.1282051282051282,98,30,0.1724941724941724,0.3216783216783216,0.8961038961038961,138.0,,,,429,55.0,0.1282051282051282
P12995,1QJ5,B,4,0.30897,0,0.7342,1,"182,213","179,180,181,182,183,184,185,210,211,212,213,214,215,216",223,"220,221,222,223,224,225,226","182,213",223,31,1,0.0722610722610722,78,33,0.1258741258741259,,,,0.4801864801864802,0.9537037037037036,206.0,429,31.0,0.0722610722610722
P12995,1QJ5,B,5,-0.05493,0,-0.84473,3,"56,251","53,54,55,56,57,58,59,248,249,250,251,252,253,254","272,285,311","269,270,271,272,273,274,275,282,283,284,285,286,287,288,308,309,310,311,312,313,314","56,251","272,285,311",195,19,0.4545454545454545,275,81,0.2843822843822843,,,,0.275058275058275,0.6629213483146067,118.0,429,178.1578947368421,0.4152864679180468
P12995,1QJ5,B,6,0.04169,0,-1.16376,2,"68,280","65,66,67,68,69,70,71,277,278,279,280,281,282,283","287,316","284,285,286,287,288,289,290,313,314,315,316,317,318,319","68,280","287,316",212,17,0.4941724941724941,274,72,0.2121212121212121,,,,0.2634032634032634,0.7583892617449665,113.0,429,216.0,0.5034965034965035
P12998,1BS0,A,1,-0.01913,0,-0.92446,3,"49,207","46,47,48,49,50,51,52,204,205,206,207,208,209,210","232,243,269","229,230,231,232,233,234,235,240,241,242,243,244,245,246,266,267,268,269,270,271,272","49,207","232,243,269",158,3,0.4114583333333333,239,82,0.3359375,,,,0.2994791666666667,0.6497175141242938,115.0,384,159.66666666666666,0.4157986111111111
P12998,1BS0,A,2,-1.07106,1,0.02182,0,"242,272","239,240,241,242,243,244,245,269,270,271,272,273,274,275",104,"101,102,103,104,105,106,107","242,272",104,30,31,0.078125,85,33,0.203125,0.2708333333333333,0.4297520661157025,104.0,,,,384,78.48387096774194,0.2043850806451612
P12998,1BS0,A,3,-0.55414,0,-0.72125,1,"180,348","177,178,179,180,181,182,183,345,346,347,348,349,350,351",358,"355,356,357,358,359,360,361","180,348",358,168,19,0.4375,279,30,0.1692708333333333,,,,0.0677083333333333,0.7222222222222222,26.0,384,303.2105263157895,0.7896107456140351
P12998,1BS0,A,4,-0.07229,0,-1.35604,2,"52,237","49,50,51,52,53,54,55,234,235,236,237,238,239,240","243,272","240,241,242,243,244,245,246,269,270,271,272,273,274,275","52,237","243,272",185,25,0.4817708333333333,245,65,0.2526041666666667,,,,0.2916666666666667,0.7619047619047619,112.0,384,165.92,0.4320833333333333
P12998,1BS0,A,5,0.75027,1,0.1352,0,"136,173","133,134,135,136,137,138,139,170,171,172,173,174,175,176",126,"123,124,125,126,127,128,129","136,173",126,37,6,0.0963541666666666,75,36,0.1927083333333333,0.328125,0.9264705882352942,126.0,,,,384,52.833333333333336,0.1375868055555555
P13000,1BYI,A,1,0.0,0,0.61136,1,"3,106","0,1,2,3,4,5,6,103,104,105,106,107,108,109",114,"111,112,113,114,115,116,117","4,107",115,103,1,0.4577777777777778,153,40,0.2666666666666666,,,,0.4888888888888889,0.9322033898305084,110.0,225,103.0,0.4577777777777778
P13000,1BYI,A,2,0.66951,1,0.17948,0,"58,115","55,56,57,58,59,60,61,112,113,114,115,116,117,118",35,"32,33,34,35,36,37,38","59,116",36,57,2,0.2533333333333333,103,41,0.32,0.16,0.6101694915254238,36.0,,,,225,59.0,0.2622222222222222
P13001,1M33,A,1,0.0,0,0.80192,1,"5,26","2,3,4,5,6,7,8,23,24,25,26,27,28,29",40,"37,38,39,40,41,42,43","5,26",40,21,6,0.08203125,70,27,0.25,,,,0.84375,0.9391304347826088,216.0,256,22.666666666666668,0.0885416666666666
P13001,1M33,A,2,0.70373,1,0.20895,0,"29,79","26,27,28,29,30,31,32,76,77,78,79,80,81,82",17,"14,15,16,17,18,19,20","29,79",17,50,20,0.1953125,111,41,0.2734375,0.06640625,0.5862068965517241,17.0,,,,256,179.1,0.699609375
P13001,1M33,A,3,0.62278,1,0.17895,0,"151,206","148,149,150,151,152,153,154,203,204,205,206,207,208,209",105,"102,103,104,105,106,107,108","151,206",105,55,23,0.21484375,129,40,0.28125,0.41015625,0.695364238410596,105.0,,,,256,82.95652173913044,0.3240489130434782
P13009,3BUL,A,1,-0.01088,0,-0.64283,1,"923,1048","920,921,922,923,924,925,926,1045,1046,1047,1048,1049,1050,1051",1059,"1056,1057,1058,1059,1060,1061,1062","923,1048",1059,125,9,0.1018744906275468,209,39,0.0594947025264873,,,,0.1369193154034229,0.9385474860335196,168.0,1227,129.44444444444446,0.1054966947387485
P13009,3BUL,A,2,-0.84439,1,-0.11286,0,"959,1123","956,957,958,959,960,961,962,1120,1121,1122,1123,1124,1125,1126",944,"941,942,943,944,945,946,947","959,1123",944,164,1,0.1336593317033415,266,27,0.0448247758761206,0.7693561532192339,0.9843587069864442,944.0,,,,1227,164.0,0.1336593317033415
P13009,3BUL,A,3,-0.84323,1,0.0,0,"1169,1217","1166,1167,1168,1169,1170,1171,1172,1214,1215,1216,1217,1218,1219,1220",1145,"1142,1143,1144,1145,1146,1147,1148","1169,1217",1145,48,3,0.0391198044009779,124,32,0.0537897310513447,0.9331703341483292,0.979469632164243,1145.0,,,,1227,49.0,0.0399348003259983
P13009,3BUL,A,4,0.06721,0,-0.82975,1,"1062,1152","1059,1060,1061,1062,1063,1064,1065,1149,1150,1151,1152,1153,1154,1155",1177,"1174,1175,1176,1177,1178,1179,1180","1062,1152",1177,90,42,0.0733496332518337,177,40,0.0586797066014669,,,,0.0407497962510187,0.6666666666666666,50.0,1227,131.6904761904762,0.1073272014592308
P13009,3BUL,A,5,0.13363,0,0.72176,1,"722,768","719,720,721,722,723,724,725,765,766,767,768,769,770,771",776,"773,774,775,776,777,778,779","722,768",776,46,2,0.0374898125509372,124,27,0.0554197229013854,,,,0.367563162184189,0.982570806100218,451.0,1227,47.5,0.0387123064384678
P13009,3BUL,A,6,0.92707,1,0.17737,0,"763,804","760,761,762,763,764,765,766,801,802,803,804,805,806,807",750,"747,748,749,750,751,752,753","763,804",750,41,24,0.0334148329258353,90,41,0.0627546862265688,0.6112469437652812,0.982961992136304,750.0,,,,1227,164.83333333333334,0.1343384949741918
P13029,1U2L,A,1,-0.60464,1,0.0,0,"488,721","485,486,487,488,489,490,491,718,719,720,721,722,723,724",474,"471,472,473,474,475,476,477","488,721",474,233,3,0.3209366391184573,271,30,0.081267217630854,0.6528925619834711,0.971311475409836,474.0,,,,726,234.0,0.3223140495867768
P13029,1U2L,A,2,0.68735,1,0.03177,0,"500,571","497,498,499,500,501,502,503,568,569,570,571,572,573,574",492,"489,490,491,492,493,494,495","500,571",492,71,13,0.0977961432506887,125,27,0.0730027548209366,0.6776859504132231,0.984,492.0,,,,726,85.46153846153847,0.1177156177156177
P13029,1U2L,A,3,0.0121,0,0.72824,1,"628,662","625,626,627,628,629,630,631,659,660,661,662,663,664,665",676,"673,674,675,676,677,678,679","628,662",676,34,3,0.046831955922865,75,29,0.0743801652892562,,,,0.0688705234159779,0.78125,50.0,726,59.66666666666666,0.0821854912764003
P13035,2QCU,A,1,-0.39281,0,-1.84777,2,"85,259","82,83,84,85,86,87,88,256,257,258,259,260,261,262","267,316","264,265,266,267,268,269,270,313,314,315,316,317,318,319","85,259","267,316",174,46,0.3473053892215569,301,63,0.2015968063872255,,,,0.3692614770459081,0.7644628099173554,185.0,501,169.0,0.3373253493013972
P13035,2QCU,A,2,0.60186,1,-0.17208,0,"67,357","64,65,66,67,68,69,70,354,355,356,357,358,359,360",33,"30,31,32,33,34,35,36","67,357",33,290,3,0.5788423153692615,378,35,0.1716566866267465,0.0658682634730539,0.4925373134328358,33.0,,,,501,292.6666666666667,0.58416500332668
P13035,2QCU,A,3,0.0389,0,-0.62693,1,"86,118","83,84,85,86,87,88,89,115,116,117,118,119,120,121",141,"138,139,140,141,142,143,144","86,118",141,32,37,0.0638722554890219,66,36,0.1057884231536926,,,,0.718562874251497,0.9399477806788512,360.0,501,44.24324324324324,0.0883098667529805
P13035,2QCU,A,4,-1.23017,3,-1.26887,1,"140,244","137,138,139,140,141,142,143,241,242,243,244,245,246,247","31,45,86,316","28,29,30,31,32,33,34,42,43,44,45,46,47,48,83,84,85,86,87,88,89,313,314,315,316,317,318,319","140,244","31,45,86,316",104,22,0.2075848303393213,233,126,0.3013972055888224,0.06187624750499,0.2214285714285714,31.0,0.3692614770459081,0.7198443579766537,185.0,501,153.77272727272728,0.3069315913627291
P13035,2QCU,A,5,-1.2544,3,-0.21706,0,"263,415","260,261,262,263,264,265,266,412,413,414,415,416,417,418","45,146,231","42,43,44,45,46,47,48,143,144,145,146,147,148,149,228,229,230,231,232,233,234","263,415","45,146,231",152,23,0.3033932135728543,253,83,0.24750499001996,0.0898203592814371,0.1711026615969581,45.0,,,,501,119.52173913043478,0.2385663455697301
P13036,1KMO,A,1,-0.32863,0,-0.75572,1,"163,203","160,161,162,163,164,165,166,200,201,202,203,204,205,206",212,"209,210,211,212,213,214,215","196,236",245,40,8,0.0516795865633074,139,41,0.0917312661498708,,,,0.6834625322997416,0.983271375464684,529.0,774,35.25,0.0455426356589147
P13482,2JG0,A,1,-0.6118,1,0.056,0,"324,445","321,322,323,324,325,326,327,442,443,444,445,446,447,448",314,"311,312,313,314,315,316,317","324,445",314,121,1,0.2141592920353982,202,33,0.095575221238938,0.5557522123893806,0.9691358024691358,314.0,,,,565,121.0,0.2141592920353982
P14294,2O5C,A,1,-0.09372,0,1.18953,3,"148,339","145,146,147,148,149,150,151,336,337,338,339,340,341,342","381,501,521","378,379,380,381,382,383,384,498,499,500,501,502,503,504,518,519,520,521,522,523,524","148,339","381,501,521",191,2,0.2924961715160796,369,72,0.1592649310872894,,,,0.2021439509954058,0.4203821656050955,132.0,653,193.5,0.2963246554364471
P14294,2O5C,A,2,-0.80001,1,-0.02834,0,"255,485","252,253,254,255,256,257,258,482,483,484,485,486,487,488",226,"223,224,225,226,227,228,229","255,485",226,230,2,0.3522205206738131,281,38,0.0995405819295559,0.3460949464012251,0.8862745098039215,226.0,,,,653,235.5,0.3606431852986217
P14294,2O5C,A,3,-0.78628,3,0.00614,0,"309,497","306,307,308,309,310,311,312,494,495,496,497,498,499,500","226,237,299","223,224,225,226,227,228,229,234,235,236,237,238,239,240,296,297,298,299,300,301,302","309,497","226,237,299",188,9,0.2879019908116386,282,75,0.1470137825421133,0.3460949464012251,0.7313915857605178,226.0,,,,653,204.0,0.3124042879019908
P14294,2O5C,A,4,0.90576,1,-0.13144,0,"351,386","348,349,350,351,352,353,354,383,384,385,386,387,388,389",335,"332,333,334,335,336,337,338","351,386",335,35,54,0.0535987748851454,88,30,0.1041347626339969,0.5130168453292496,0.9544159544159544,335.0,,,,653,51.81481481481482,0.079348874142136
P14294,2O5C,A,5,0.73675,1,-0.14601,0,"522,571","519,520,521,522,523,524,525,568,569,570,571,572,573,574",200,"197,198,199,200,201,202,203","522,571",200,49,22,0.0750382848392036,105,34,0.1087289433384379,0.3062787136294027,0.3831417624521073,200.0,,,,653,59.18181818181818,0.0906306557148823
P14900,2X5O,A,1,0.68662,1,0.38282,0,"185,348","182,183,184,185,186,187,188,345,346,347,348,349,350,351",177,"174,175,176,177,178,179,180","186,349",178,163,1,0.3721461187214612,255,39,0.1780821917808219,0.4063926940639269,0.956989247311828,178.0,,,,438,163.0,0.3721461187214612
P14900,2X5O,A,2,-0.0113,0,0.62688,1,"314,394","311,312,313,314,315,316,317,391,392,393,394,395,396,397",408,"405,406,407,408,409,410,411","315,395",409,80,1,0.182648401826484,130,41,0.1689497716894977,,,,0.0662100456621004,0.6744186046511628,29.0,438,80.0,0.182648401826484
P14900,2X5O,A,3,0.7596,1,-0.01836,0,"355,412","352,353,354,355,356,357,358,409,410,411,412,413,414,415",341,"338,339,340,341,342,343,344","356,413",342,57,4,0.1301369863013698,105,41,0.1872146118721461,0.7808219178082192,0.9606741573033708,342.0,,,,438,61.0,0.139269406392694
P14900,2X5O,A,4,0.82683,1,0.17212,0,"118,177","115,116,117,118,119,120,121,174,175,176,177,178,179,180",108,"105,106,107,108,109,110,111","119,178",109,59,39,0.1347031963470319,132,39,0.1735159817351598,0.2488584474885844,0.9159663865546218,109.0,,,,438,158.97435897435898,0.3629551574757054
P14900,2X5O,A,5,1.29812,2,0.00275,0,"376,413","373,374,375,376,377,378,379,410,411,412,413,414,415,416","343,367","340,341,342,343,344,345,346,364,365,366,367,368,369,370","377,414","344,368",37,1,0.0844748858447488,94,53,0.182648401826484,0.7853881278538812,0.9124668435013262,344.0,,,,438,37.0,0.0844748858447488
P14900,2X5O,A,6,0.78626,1,1.02023,1,"23,144","20,21,22,23,24,25,26,141,142,143,144,145,146,147","10,154","7,8,9,10,11,12,13,151,152,153,154,155,156,157","24,145","11,155",121,27,0.2762557077625571,204,76,0.2214611872146118,0.0251141552511415,0.4583333333333333,11.0,0.6461187214611872,0.9658703071672357,283.0,438,78.22222222222223,0.1785895484525621
P15005,6GCF,A,1,-0.12224,0,-0.69913,1,"77,102","74,75,76,77,78,79,80,99,100,101,102,103,104,105",121,"118,119,120,121,122,123,124","77,102",121,25,12,0.0544662309368191,65,27,0.1176470588235294,,,,0.7363834422657952,0.9467787114845938,338.0,459,34.5,0.0751633986928104
P15034,1WL6,A,1,-0.68724,1,0.71898,1,"242,387","239,240,241,242,243,244,245,384,385,386,387,388,389,390","233,404","230,231,232,233,234,235,236,401,402,403,404,405,406,407","243,388","234,405",145,13,0.3287981859410431,230,74,0.1904761904761904,0.5306122448979592,0.9629629629629628,234.0,0.0816326530612244,0.6792452830188679,36.0,441,131.53846153846155,0.2982731554160125
P15034,1WL6,A,2,0.76028,1,0.24013,0,"46,133","43,44,45,46,47,48,49,130,131,132,133,134,135,136",27,"24,25,26,27,28,29,30","47,134",28,87,24,0.1972789115646258,138,36,0.1451247165532879,0.0634920634920634,0.5957446808510638,28.0,,,,441,184.91666666666663,0.4193121693121693
P15042,2OWO,A,1,-0.0924,0,0.74183,1,"82,288","79,80,81,82,83,84,85,285,286,287,288,289,290,291",311,"308,309,310,311,312,313,314","82,288",311,206,2,0.3070044709388971,256,35,0.0953800298062593,,,,0.5365126676602087,0.9399477806788512,360.0,671,214.0,0.3189269746646795
P15042,2OWO,A,2,0.96037,1,-0.11674,0,"304,523","301,302,303,304,305,306,307,520,521,522,523,524,525,526",82,"79,80,81,82,83,84,85","304,523",82,219,1,0.3263785394932936,272,25,0.0894187779433681,0.1222056631892697,0.2697368421052631,82.0,,,,671,219.0,0.3263785394932936
P15042,2OWO,A,3,-0.84014,1,0.1673,0,"199,283","196,197,198,199,200,201,202,280,281,282,283,284,285,286",174,"171,172,173,174,175,176,177","199,283",174,84,8,0.1251862891207153,155,38,0.1043219076005961,0.2593144560357675,0.8743718592964824,174.0,,,,671,154.5,0.2302533532041728
P15042,2OWO,A,4,-0.77896,1,-0.00117,0,"259,292","256,257,258,259,260,261,262,289,290,291,292,293,294,295",110,"107,108,109,110,111,112,113","259,292",110,33,13,0.0491803278688524,70,31,0.0730253353204172,0.1639344262295081,0.4247104247104247,110.0,,,,671,53.61538461538461,0.0799037028545225
P15043,1OYY,A,1,0.07849,0,0.71607,1,"67,111","64,65,66,67,68,69,70,108,109,110,111,112,113,114",120,"117,118,119,120,121,122,123","67,111",120,44,1,0.0722495894909688,76,43,0.1149425287356321,,,,0.8029556650246306,0.9819277108433736,489.0,609,44.0,0.0722495894909688
P15043,1OYY,A,2,0.11162,0,-0.659,1,"366,484","363,364,365,366,367,368,369,481,482,483,484,485,486,487",510,"507,508,509,510,511,512,513","366,484",510,118,2,0.1937602627257799,170,28,0.1247947454844006,,,,0.1625615763546798,0.792,99.0,609,118.5,0.1945812807881773
P15067,2WSK,A,1,-0.01238,0,-0.74309,1,"69,101","66,67,68,69,70,71,72,98,99,100,101,102,103,104",128,"125,126,127,128,129,130,131","69,101",128,32,1,0.0487062404870624,91,37,0.0852359208523592,,,,0.8051750380517504,0.9514388489208632,529.0,657,32.0,0.0487062404870624
P15067,2WSK,A,2,-0.86423,1,0.03747,0,"218,233","215,216,217,218,219,220,221,230,231,232,233,234,235,236",202,"199,200,201,202,203,204,205","218,233",202,15,1,0.0228310502283105,61,36,0.1019786910197869,0.3074581430745814,0.926605504587156,202.0,,,,657,15.0,0.0228310502283105
P15067,2WSK,A,3,0.0,0,-0.60905,1,"4,35","1,2,3,4,5,6,7,32,33,34,35,36,37,38",59,"56,57,58,59,60,61,62","4,35",59,31,5,0.0471841704718417,76,34,0.0974124809741248,,,,0.9101978691019786,0.9614147909967846,598.0,657,41.6,0.0633181126331811
P15067,2WSK,A,4,-0.75734,1,-0.19164,0,"46,73","43,44,45,46,47,48,49,70,71,72,73,74,75,76",35,"32,33,34,35,36,37,38","46,73",35,27,4,0.0410958904109589,73,30,0.0867579908675799,0.0532724505327245,0.7608695652173914,35.0,,,,657,44.25,0.0673515981735159
P15067,2WSK,A,5,-0.6865,1,-0.02371,0,"106,208","103,104,105,106,107,108,109,205,206,207,208,209,210,211",99,"96,97,98,99,100,101,102","106,208",99,102,12,0.1552511415525114,214,29,0.0943683409436834,0.1506849315068493,0.9339622641509434,99.0,,,,657,153.33333333333334,0.2333840690005073
P15067,2WSK,A,6,-0.03512,0,0.83664,1,"136,242","133,134,135,136,137,138,139,239,240,241,242,243,244,245",257,"254,255,256,257,258,259,260","136,242",257,106,23,0.1613394216133942,186,35,0.1095890410958904,,,,0.60882800608828,0.963855421686747,400.0,657,119.17391304347828,0.1813910396399973
P15067,2WSK,A,7,0.88122,1,-0.07876,0,"191,512","188,189,190,191,192,193,194,509,510,511,512,513,514,515",153,"150,151,152,153,154,155,156","191,512",153,321,19,0.4885844748858447,437,33,0.1126331811263318,0.2328767123287671,0.8010471204188482,153.0,,,,657,356.1578947368421,0.5420972522630777
P15067,2WSK,A,8,0.78893,1,0.01001,0,"472,526","469,470,471,472,473,474,475,523,524,525,526,527,528,529",452,"449,450,451,452,453,454,455","472,526",452,54,14,0.0821917808219178,130,32,0.0867579908675799,0.6879756468797564,0.9576271186440678,452.0,,,,657,63.5,0.0966514459665144
P15640,1GSO,A,1,-0.10428,0,-0.71276,1,"301,362","298,299,300,301,302,303,304,359,360,361,362,363,364,365",386,"383,384,385,386,387,388,389","301,362",386,61,1,0.1421911421911421,135,43,0.1771561771561771,,,,0.1002331002331002,0.6417910447761194,43.0,429,61.0,0.1421911421911421
P15640,1GSO,A,2,0.74678,1,0.05609,0,"214,295","211,212,213,214,215,216,217,292,293,294,295,296,297,298",195,"192,193,194,195,196,197,198","214,295",195,81,15,0.1888111888111888,147,32,0.1841491841491841,0.4545454545454545,0.911214953271028,195.0,,,,429,101.93333333333334,0.2376068376068376
P15723,6OI7,F,1,0.0,0,-0.65375,1,"6,97","3,4,5,6,7,8,9,94,95,96,97,98,99,100",108,"105,106,107,108,109,110,111","6,97",108,91,6,0.1801980198019802,159,33,0.1188118811881188,,,,0.7861386138613862,0.9730392156862744,397.0,505,92.0,0.1821782178217821
P15723,6OI7,F,2,-0.03466,0,-0.64891,1,"47,450","44,45,46,47,48,49,50,447,448,449,450,451,452,453",484,"481,482,483,484,485,486,487","47,450",484,403,1,0.7980198019801981,458,25,0.1207920792079207,,,,0.0415841584158415,0.3818181818181818,21.0,505,403.0,0.7980198019801981
P15723,6OI7,F,3,0.67662,1,-0.66631,1,"196,450","193,194,195,196,197,198,199,447,448,449,450,451,452,453","125,483","122,123,124,125,126,127,128,480,481,482,483,484,485,486","196,450","125,483",254,9,0.502970297029703,343,44,0.1366336633663366,0.2475247524752475,0.6377551020408163,125.0,0.0435643564356435,0.4,22.0,505,307.1111111111111,0.6081408140814081
P15723,6OI7,F,4,-0.0285,0,0.91686,1,"182,216","179,180,181,182,183,184,185,213,214,215,216,217,218,219",233,"230,231,232,233,234,235,236","182,216",233,34,13,0.0673267326732673,92,34,0.1326732673267326,,,,0.5386138613861386,0.9411764705882352,272.0,505,47.69230769230769,0.0944402132520944
P15723,6OI7,F,5,0.87761,1,-0.12163,0,"156,415","153,154,155,156,157,158,159,412,413,414,415,416,417,418",136,"133,134,135,136,137,138,139","156,415",136,259,23,0.5128712871287129,355,24,0.1128712871287128,0.2693069306930693,0.8717948717948718,136.0,,,,505,297.95652173913044,0.5900129143349118
P15723,6OI7,F,6,0.68768,3,-0.49229,0,"237,472","234,235,236,237,238,239,240,469,470,471,472,473,474,475","125,187,210","122,123,124,125,126,127,128,184,185,186,187,188,189,190,207,208,209,210,211,212,213","237,472","125,187,210",235,26,0.4653465346534653,323,80,0.2336633663366336,0.2475247524752475,0.5274261603375527,125.0,,,,505,131.3846153846154,0.2601675552170602
P15770,1NYT,A,1,0.63989,1,0.22969,0,"138,185","135,136,137,138,139,140,141,182,183,184,185,186,187,188",122,"119,120,121,122,123,124,125","138,185",122,47,4,0.1727941176470588,82,32,0.2352941176470588,0.4485294117647059,0.8840579710144928,122.0,,,,272,72.0,0.2647058823529412
P15977,4S3P,A,1,-0.28169,0,0.74728,1,"19,457","16,17,18,19,20,21,22,454,455,456,457,458,459,460",470,"467,468,469,470,471,472,473","19,457",470,438,1,0.6311239193083573,521,33,0.0922190201729106,,,,0.3227665706051873,0.9451476793248944,224.0,694,438.0,0.6311239193083573
P15977,4S3P,A,2,-0.09013,0,1.04284,1,"131,482","128,129,130,131,132,133,134,479,480,481,482,483,484,485",491,"488,489,490,491,492,493,494","131,482",491,351,16,0.5057636887608069,434,33,0.0951008645533141,,,,0.292507204610951,0.9575471698113208,203.0,694,360.25,0.5190922190201729
P15977,4S3P,A,3,0.2019,0,0.79252,1,"123,426","120,121,122,123,124,125,126,423,424,425,426,427,428,429",443,"440,441,442,443,444,445,446","123,426",443,303,20,0.4365994236311239,412,32,0.1210374639769452,,,,0.361671469740634,0.9365671641791044,251.0,694,356.45,0.5136167146974063
P15977,4S3P,A,4,0.94005,1,-0.21491,0,"170,637","167,168,169,170,171,172,173,634,635,636,637,638,639,640",147,"144,145,146,147,148,149,150","170,637",147,467,13,0.6729106628242075,569,34,0.1066282420749279,0.2118155619596541,0.8647058823529412,147.0,,,,694,496.2307692307692,0.7150299268454888
P15977,4S3P,A,5,0.68159,1,0.01387,0,"569,649","566,567,568,569,570,571,572,646,647,648,649,650,651,652",552,"549,550,551,552,553,554,555","569,649",552,80,7,0.1152737752161383,150,29,0.0835734870317002,0.7953890489913544,0.9701230228471002,552.0,,,,694,85.85714285714286,0.123713462330177
P15977,4S3P,A,6,-0.79516,1,-0.38325,0,"198,252","195,196,197,198,199,200,201,249,250,251,252,253,254,255",188,"185,186,187,188,189,190,191","198,252",188,54,4,0.0778097982708933,119,35,0.0979827089337175,0.270893371757925,0.9494949494949496,188.0,,,,694,55.5,0.0799711815561959
P15977,4S3P,A,7,-0.1186,0,-0.73542,1,"208,284","205,206,207,208,209,210,211,281,282,283,284,285,286,287",348,"345,346,347,348,349,350,351","208,284",348,76,20,0.1095100864553314,119,29,0.0893371757925072,,,,0.4985590778097982,0.8439024390243902,346.0,694,99.5,0.143371757925072
P15977,4S3P,A,8,-0.71117,1,0.13803,0,"325,387","322,323,324,325,326,327,328,384,385,386,387,388,389,390",295,"292,293,294,295,296,297,298","325,387",295,62,19,0.0893371757925072,143,29,0.0864553314121037,0.4250720461095101,0.9076923076923076,295.0,,,,694,67.78947368421052,0.0976793568936751
P15977,4S3P,A,9,-0.73282,1,-0.10884,0,"412,459","409,410,411,412,413,414,415,456,457,458,459,460,461,462",399,"396,397,398,399,400,401,402","412,459",399,47,7,0.0677233429394812,122,34,0.0778097982708933,0.5749279538904899,0.9684466019417476,399.0,,,,694,52.57142857142857,0.0757513379991766
P16384,2ZXU,A,1,0.72215,1,-0.02931,0,"213,297","210,211,212,213,214,215,216,294,295,296,297,298,299,300",202,"199,200,201,202,203,204,205","213,297",202,84,1,0.2658227848101265,123,32,0.170886075949367,0.6392405063291139,0.9483568075117372,202.0,,,,316,84.0,0.2658227848101265
P16384,2ZXU,A,2,0.73484,1,0.2041,0,"55,217","52,53,54,55,56,57,58,214,215,216,217,218,219,220",41,"38,39,40,41,42,43,44","55,217",41,162,9,0.5126582278481012,228,37,0.240506329113924,0.1297468354430379,0.7454545454545455,41.0,,,,316,181.66666666666663,0.5748945147679324
P16456,3U0O,B,1,0.09099,0,-2.07251,2,"29,276","26,27,28,29,30,31,32,273,274,275,276,277,278,279","298,302","295,296,297,298,299,300,301,299,300,301,302,303,304,305","29,276","298,302",247,65,0.7118155619596542,313,58,0.2305475504322766,,,,0.1296829971181556,0.6338028169014085,45.0,347,104.81538461538462,0.3020616271336732
P16456,3U0O,B,2,-1.98814,2,0.0,0,"296,346","293,294,295,296,297,298,299,343,344,345,346,347,348,349","174,248","171,172,173,174,175,176,177,245,246,247,248,249,250,251","296,346","174,248",50,57,0.1440922190201729,128,58,0.2881844380403458,0.5014409221902018,0.5878378378378378,174.0,,,,347,82.21052631578948,0.2369179432731685
P16456,3U0O,B,3,0.67648,1,-0.03727,0,"125,149","122,123,124,125,126,127,128,146,147,148,149,150,151,152",107,"104,105,106,107,108,109,110","125,149",107,24,3,0.069164265129683,61,35,0.2132564841498559,0.30835734870317,0.856,107.0,,,,347,26.33333333333333,0.0758885686839577
P16456,3U0O,B,4,-1.19471,1,-0.02995,0,"247,334","244,245,246,247,248,249,250,331,332,333,334,335,336,337",174,"171,172,173,174,175,176,177","247,334",174,87,6,0.2507204610951009,159,33,0.1786743515850144,0.5014409221902018,0.7044534412955465,174.0,,,,347,92.66666666666669,0.2670509125840538
P16456,3U0O,B,5,-0.03924,0,-0.83475,1,"172,223","169,170,171,172,173,174,175,220,221,222,223,224,225,226",308,"305,306,307,308,309,310,311","172,223",308,51,9,0.1469740634005763,122,35,0.1671469740634005,,,,0.1123919308357348,0.314516129032258,39.0,347,72.44444444444444,0.2087736151136727
P16456,3U0O,B,6,0.85812,1,-0.99754,1,"205,258","202,203,204,205,206,207,208,255,256,257,258,259,260,261","179,304","176,177,178,179,180,181,182,301,302,303,304,305,306,307","205,258","179,304",53,13,0.1527377521613832,134,60,0.2363112391930835,0.515850144092219,0.8731707317073171,179.0,0.1239193083573487,0.4831460674157303,43.0,347,70.6923076923077,0.2037242296608291
P16525,4XR0,A,1,-0.23944,0,0.61779,1,"39,170","36,37,38,39,40,41,42,167,168,169,170,171,172,173",257,"254,255,256,257,258,259,260","39,170",257,131,2,0.4239482200647249,193,32,0.2524271844660194,,,,0.1682847896440129,0.3741007194244604,52.0,309,131.0,0.4239482200647249
P16525,4XR0,A,2,-0.98323,1,0.11372,0,"60,276","57,58,59,60,61,62,63,273,274,275,276,277,278,279",38,"35,36,37,38,39,40,41","60,276",38,216,14,0.6990291262135923,264,37,0.1682847896440129,0.1229773462783171,0.6333333333333333,38.0,,,,309,223.64285714285717,0.7237632917244567
P16525,4XR0,A,3,-0.98356,1,0.61869,1,"58,172","55,56,57,58,59,60,61,169,170,171,172,173,174,175","39,259","36,37,38,39,40,41,42,256,257,258,259,260,261,262","58,172","39,259",114,16,0.3689320388349514,186,62,0.2912621359223301,0.1262135922330097,0.6724137931034483,39.0,0.1618122977346278,0.364963503649635,50.0,309,126.25,0.4085760517799353
P16685,4XB6,E,1,0.06463,0,-0.66585,1,"16,83","13,14,15,16,17,18,19,80,81,82,83,84,85,86",94,"91,92,93,94,95,96,97","16,83",94,67,6,0.4466666666666666,95,32,0.3866666666666666,,,,0.3733333333333333,0.835820895522388,56.0,150,69.83333333333333,0.4655555555555555
P16686,4XB6,B,1,0.10802,0,-0.69845,1,"29,138","26,27,28,29,30,31,32,135,136,137,138,139,140,141",151,"148,149,150,151,152,153,154","29,138",151,109,4,0.5618556701030928,169,29,0.3247422680412371,,,,0.2216494845360824,0.7678571428571429,43.0,194,111.5,0.5747422680412371
P16687,4XB6,G,1,-0.76617,1,-0.79517,1,"120,279","117,118,119,120,121,122,123,276,277,278,279,280,281,282","102,285","99,100,101,102,103,104,105,282,283,284,285,286,287,288","120,279","102,285",159,19,0.4491525423728814,222,59,0.2146892655367231,0.288135593220339,0.85,102.0,0.1949152542372881,0.92,69.0,354,117.26315789473684,0.3312518584597085
P16687,4XB6,G,2,-0.08478,0,-0.67682,1,"163,268","160,161,162,163,164,165,166,265,266,267,268,269,270,271",289,"286,287,288,289,290,291,292","163,268",289,105,11,0.2966101694915254,176,37,0.1807909604519774,,,,0.1836158192090395,0.7558139534883721,65.0,354,197.0909090909091,0.556753980482794
P16687,4XB6,G,3,-0.0952,0,-0.88489,3,"155,223","152,153,154,155,156,157,158,220,221,222,223,224,225,226","255,271,289","252,253,254,255,256,257,258,268,269,270,271,272,273,274,286,287,288,289,290,291,292","155,223","255,271,289",68,57,0.192090395480226,118,66,0.2655367231638418,,,,0.1836158192090395,0.4961832061068702,65.0,354,121.35087719298244,0.3427990881157696
P16688,4XB6,H,1,0.67104,1,0.16156,0,"82,105","79,80,81,82,83,84,85,102,103,104,105,106,107,108",66,"63,64,65,66,67,68,69","82,105",66,23,2,0.0818505338078291,65,37,0.2277580071174377,0.2348754448398576,0.8048780487804879,66.0,,,,281,32.5,0.1156583629893238
P16688,4XB6,H,2,-0.6003,1,0.0394,0,"182,225","179,180,181,182,183,184,185,222,223,224,225,226,227,228",175,"172,173,174,175,176,177,178","182,225",175,43,1,0.1530249110320284,109,33,0.192170818505338,0.6227758007117438,0.9615384615384616,175.0,,,,281,43.0,0.1530249110320284
P16692,3G1P,B,1,0.67913,1,0.19071,0,"81,222","78,79,80,81,82,83,84,219,220,221,222,223,224,225",74,"71,72,73,74,75,76,77","81,222",74,141,1,0.5595238095238095,184,35,0.3492063492063492,0.2936507936507936,0.9135802469135802,74.0,,,,252,141.0,0.5595238095238095
P16692,3G1P,B,2,0.84992,1,0.11716,0,"200,222","197,198,199,200,201,202,203,219,220,221,222,223,224,225",187,"184,185,186,187,188,189,190","200,222",187,22,1,0.0873015873015873,66,38,0.2777777777777778,0.7420634920634921,0.935,187.0,,,,252,22.0,0.0873015873015873
P16692,3G1P,B,3,0.61395,1,0.21303,0,"25,228","22,23,24,25,26,27,28,225,226,227,228,229,230,231",10,"7,8,9,10,11,12,13","25,228",10,203,5,0.8055555555555556,237,32,0.246031746031746,0.0396825396825396,0.4,10.0,,,,252,205.8,0.8166666666666668
P16703,2V03,A,1,0.68077,1,0.02075,0,"76,138","73,74,75,76,77,78,79,135,136,137,138,139,140,141",65,"62,63,64,65,66,67,68","76,138",65,62,1,0.2046204620462046,91,36,0.2442244224422442,0.2145214521452145,0.8552631578947368,65.0,,,,303,62.0,0.2046204620462046
P16703,2V03,A,2,0.9007,1,0.0041,0,"178,278","175,176,177,178,179,180,181,275,276,277,278,279,280,281",170,"167,168,169,170,171,172,173","178,278",170,100,1,0.33003300330033,159,38,0.2871287128712871,0.5610561056105611,0.9550561797752808,170.0,,,,303,100.0,0.33003300330033
P16703,2V03,A,3,-0.16108,0,0.66531,1,"27,263","24,25,26,27,28,29,30,260,261,262,263,264,265,266",278,"275,276,277,278,279,280,281","27,263",278,236,10,0.7788778877887789,276,42,0.2277227722772277,,,,0.0825082508250825,0.625,25.0,303,242.5,0.8003300330033003
P16703,2V03,A,4,0.75791,1,0.01094,0,"99,281","96,97,98,99,100,101,102,278,279,280,281,282,283,284",89,"86,87,88,89,90,91,92","99,281",89,182,6,0.6006600660066007,249,43,0.2904290429042904,0.2937293729372937,0.898989898989899,89.0,,,,303,186.33333333333331,0.614961496149615
P16703,2V03,A,5,0.66222,1,-0.04619,0,"206,232","203,204,205,206,207,208,209,229,230,231,232,233,234,235",199,"196,197,198,199,200,201,202","206,232",199,26,10,0.0858085808580858,64,36,0.1617161716171617,0.6567656765676567,0.9660194174757282,199.0,,,,303,42.9,0.1415841584158415
P16869,6E4V,A,1,-0.61746,3,0.0,0,"292,718","289,290,291,292,293,294,295,715,716,717,718,719,720,721","108,129,274","105,106,107,108,109,110,111,126,127,128,129,130,131,132,271,272,273,274,275,276,277","292,718","108,129,274",426,1,0.5843621399176955,520,101,0.1893004115226337,0.1481481481481481,0.3698630136986301,108.0,,,,729,426.0,0.5843621399176955
P16869,6E4V,A,2,-0.76068,1,-0.718,1,"138,169","135,136,137,138,139,140,141,166,167,168,169,170,171,172","129,178","126,127,128,129,130,131,132,175,176,177,178,179,180,181","138,169","129,178",31,7,0.0425240054869684,102,47,0.1152263374485596,0.176954732510288,0.9347826086956522,129.0,0.7558299039780522,0.9839285714285714,551.0,729,34.857142857142854,0.0478150107779737
P16869,6E4V,A,3,-0.26237,0,-0.87977,1,"526,572","523,524,525,526,527,528,529,569,570,571,572,573,574,575",579,"576,577,578,579,580,581,582","526,572",579,46,5,0.0631001371742112,110,26,0.0480109739368998,,,,0.205761316872428,0.9554140127388536,150.0,729,48.4,0.06639231824417
P17109,5EJ8,B,1,0.79042,1,0.18843,0,"96,413","93,94,95,96,97,98,99,410,411,412,413,414,415,416",14,"11,12,13,14,15,16,17","96,413",14,317,10,0.5701438848920863,402,28,0.1420863309352518,0.0251798561151079,0.1458333333333333,14.0,,,,556,321.5,0.5782374100719424
P17109,5EJ8,B,2,0.79895,1,0.0,0,"265,546","262,263,264,265,266,267,268,543,544,545,546,547,548,549",226,"223,224,225,226,227,228,229","265,546",226,281,8,0.5053956834532374,362,38,0.1618705035971223,0.4064748201438849,0.8528301886792453,226.0,,,,556,284.75,0.5121402877697842
P17109,5EJ8,B,3,0.11536,0,0.78332,1,"101,156","98,99,100,101,102,103,104,153,154,155,156,157,158,159",167,"164,165,166,167,168,169,170","101,156",167,55,24,0.0989208633093525,109,40,0.1528776978417266,,,,0.6996402877697842,0.9725,389.0,556,128.41666666666666,0.2309652278177457
P17109,5EJ8,B,4,0.66039,1,0.16417,0,"41,76","38,39,40,41,42,43,44,73,74,75,76,77,78,79",26,"23,24,25,26,27,28,29","41,76",26,35,18,0.0629496402877697,91,39,0.1366906474820144,0.0467625899280575,0.6341463414634146,26.0,,,,556,130.11111111111111,0.2340127897681854
P17109,5EJ8,B,5,0.04515,0,0.73667,1,"465,521","462,463,464,465,466,467,468,518,519,520,521,522,523,524",534,"531,532,533,534,535,536,537","465,521",534,56,29,0.1007194244604316,94,36,0.1133093525179856,,,,0.039568345323741,0.6285714285714286,22.0,556,118.82758620689656,0.2137186802282312
P17109,5EJ8,B,6,0.61649,1,0.17558,0,"397,439","394,395,396,397,398,399,400,436,437,438,439,440,441,442",387,"384,385,386,387,388,389,390","397,439",387,42,5,0.0755395683453237,132,37,0.1420863309352518,0.6960431654676259,0.9748110831234256,387.0,,,,556,112.8,0.2028776978417266
P17109,5EJ8,B,7,1.01537,1,0.78285,1,"253,388","250,251,252,253,254,255,256,385,386,387,388,389,390,391","224,400","221,222,223,224,225,226,227,397,398,399,400,401,402,403","253,388","224,400",135,97,0.2428057553956834,229,71,0.2086330935251798,0.4028776978417266,0.8853754940711462,224.0,0.2805755395683453,0.9285714285714286,156.0,556,118.75257731958764,0.2135837721575317
P17109,5EJ8,B,8,0.82425,1,1.15668,1,"96,228","93,94,95,96,97,98,99,225,226,227,228,229,230,231","6,327","3,4,5,6,7,8,9,324,325,326,327,328,329,330","96,228","6,327",132,63,0.237410071942446,220,65,0.2320143884892086,0.0107913669064748,0.0625,6.0,0.4118705035971223,0.698170731707317,229.0,556,219.3809523809524,0.394570058239123
P17109,5EJ8,B,9,0.77993,3,0.60052,1,"290,394","287,288,289,290,291,292,293,391,392,393,394,395,396,397","223,261,283,400","220,221,222,223,224,225,226,258,259,260,261,262,263,264,280,281,282,283,284,285,286,397,398,399,400,401,402,403","290,394","223,261,283,400",104,3,0.1870503597122302,206,94,0.2086330935251798,0.4010791366906475,0.7689655172413793,223.0,0.2805755395683453,0.9629629629629628,156.0,556,106.33333333333331,0.1912470023980815
P17109,5EJ8,B,10,0.96041,3,0.0,0,"293,550","290,291,292,293,294,295,296,547,548,549,550,551,552,553","225,261,284","222,223,224,225,226,227,228,258,259,260,261,262,263,264,281,282,283,284,285,286,287","293,550","225,261,284",257,1,0.4622302158273381,349,80,0.1924460431654676,0.4046762589928057,0.7679180887372014,225.0,,,,556,257.0,0.4622302158273381
P17117,1F5V,A,1,-0.7198,1,0.0,0,"81,237","78,79,80,81,82,83,84,234,235,236,237,238,239,240",12,"9,10,11,12,13,14,15","81,237",12,156,1,0.65,206,26,0.3333333333333333,0.05,0.1481481481481481,12.0,,,,240,156.0,0.65
P17117,1F5V,A,2,-0.06175,0,-0.72033,1,"76,129","73,74,75,76,77,78,79,126,127,128,129,130,131,132",154,"151,152,153,154,155,156,157","76,129",154,53,44,0.2208333333333333,112,37,0.2833333333333333,,,,0.3583333333333333,0.7747747747747747,86.0,240,83.81818181818181,0.3492424242424242
P17117,1F5V,A,3,-1.7881,2,0.0,0,"151,231","148,149,150,151,152,153,154,228,229,230,231,232,233,234","13,128","10,11,12,13,14,15,16,125,126,127,128,129,130,131","151,231","13,128",80,43,0.3333333333333333,129,51,0.3583333333333333,0.0541666666666666,0.086092715231788,13.0,,,,240,108.86046511627907,0.4535852713178295
P17169,2J6H,A,1,-0.12685,0,-0.73147,1,"90,116","87,88,89,90,91,92,93,113,114,115,116,117,118,119",125,"122,123,124,125,126,127,128","91,117",126,26,1,0.0426929392446633,68,36,0.1034482758620689,,,,0.7931034482758621,0.9817073170731708,483.0,609,26.0,0.0426929392446633
P17169,2J6H,A,2,-0.6979,1,-0.25322,0,"48,80","45,46,47,48,49,50,51,77,78,79,80,81,82,83",29,"26,27,28,29,30,31,32","49,81",30,32,17,0.0525451559934318,90,43,0.1018062397372742,0.0492610837438423,0.6122448979591837,30.0,,,,609,49.52941176470589,0.0813290833574809
P17169,2J6H,A,3,-0.74771,1,-0.21894,0,"187,214","184,185,186,187,188,189,190,211,212,213,214,215,216,217",180,"177,178,179,180,181,182,183","188,215",181,27,6,0.0443349753694581,86,33,0.1083743842364532,0.2972085385878489,0.9627659574468084,181.0,,,,609,29.5,0.0484400656814449
P17169,2J6H,A,4,0.7596,1,0.0,0,"357,608","354,355,356,357,358,359,360,605,606,607,608,609,610,611",346,"343,344,345,346,347,348,349","358,609",347,251,7,0.4121510673234811,337,41,0.1198686371100164,0.5697865353037767,0.9692737430167596,347.0,,,,609,253.14285714285717,0.415669716162327
P17169,2J6H,A,5,0.00804,0,0.91812,1,"238,377","235,236,237,238,239,240,241,374,375,376,377,378,379,380",394,"391,392,393,394,395,396,397","239,378",395,139,10,0.2282430213464696,222,35,0.1116584564860427,,,,0.3513957307060755,0.9264069264069263,214.0,609,204.6,0.3359605911330049
P17169,2J6H,A,6,0.79752,1,0.06309,0,"478,519","475,476,477,478,479,480,481,516,517,518,519,520,521,522",469,"466,467,468,469,470,471,472","479,520",470,41,27,0.0673234811165845,92,37,0.1067323481116584,0.7717569786535303,0.9812108559498957,470.0,,,,609,98.62962962962963,0.161953414826978
P17169,2J6H,A,7,0.9252,1,1.10851,1,"313,474","310,311,312,313,314,315,316,471,472,473,474,475,476,477","295,576","292,293,294,295,296,297,298,573,574,575,576,577,578,579","314,475","296,577",161,65,0.264367816091954,281,71,0.1724137931034483,0.4860426929392447,0.9426751592356688,296.0,0.0525451559934318,0.2388059701492537,32.0,609,132.6153846153846,0.2177592522420108
P17443,1F0K,B,1,-0.01153,0,0.61931,1,"164,248","161,162,163,164,165,166,167,245,246,247,248,249,250,251",255,"252,253,254,255,256,257,258","163,247",254,84,1,0.2366197183098591,117,29,0.1690140845070422,,,,0.2845070422535211,0.9351851851851852,101.0,355,84.0,0.2366197183098591
P17443,1F0K,B,2,0.87053,1,0.03167,0,"202,259","199,200,201,202,203,204,205,256,257,258,259,260,261,262",187,"184,185,186,187,188,189,190","201,258",186,57,24,0.1605633802816901,96,36,0.2169014084507042,0.523943661971831,0.9253731343283582,186.0,,,,355,98.08333333333331,0.2762910798122066
P17802,1MUY,A,1,0.0,0,-0.71266,1,"6,145","3,4,5,6,7,8,9,142,143,144,145,146,147,148",180,"177,178,179,180,181,182,183","6,145",180,139,10,0.3971428571428571,181,33,0.2228571428571428,,,,0.4857142857142857,0.8292682926829268,170.0,350,154.9,0.4425714285714285
P17802,1MUY,A,2,-0.90617,1,0.0,0,"155,220","152,153,154,155,156,157,158,217,218,219,220,221,222,223",144,"141,142,143,144,145,146,147","155,220",144,65,13,0.1857142857142857,109,35,0.1514285714285714,0.4114285714285714,0.9290322580645162,144.0,,,,350,67.76923076923077,0.1936263736263736
P17846,2GEP,A,1,-0.03607,0,-0.6314,1,"357,391","354,355,356,357,358,359,360,388,389,390,391,392,393,394",399,"396,397,398,399,400,401,402","357,391",399,34,1,0.0596491228070175,89,37,0.1087719298245614,,,,0.3,0.9553072625698324,171.0,570,34.0,0.0596491228070175
P17846,2GEP,A,2,-0.78503,1,-0.12575,0,"396,432","393,394,395,396,397,398,399,429,430,431,432,433,434,435",360,"357,358,359,360,361,362,363","396,432",360,36,5,0.0631578947368421,91,33,0.143859649122807,0.631578947368421,0.9090909090909092,360.0,,,,570,56.4,0.0989473684210526
P17854,1SUR,A,1,0.03285,0,0.82588,1,"43,169","40,41,42,43,44,45,46,166,167,168,169,170,171,172",177,"174,175,176,177,178,179,180","44,170",178,126,17,0.5163934426229508,176,35,0.25,,,,0.2704918032786885,0.8918918918918919,66.0,244,147.1764705882353,0.6031822565091611
P17854,1SUR,A,2,0.78573,1,0.0788,0,"64,152","61,62,63,64,65,66,67,149,150,151,152,153,154,155",49,"46,47,48,49,50,51,52","65,153",50,88,20,0.360655737704918,129,32,0.2663934426229508,0.2049180327868852,0.7692307692307693,50.0,,,,244,122.7,0.5028688524590164
P17854,1SUR,A,3,0.97769,1,0.00688,0,"95,197","92,93,94,95,96,97,98,194,195,196,197,198,199,200",74,"71,72,73,74,75,76,77","96,198",75,102,14,0.4180327868852459,153,34,0.2663934426229508,0.3073770491803279,0.78125,75.0,,,,244,115.07142857142856,0.4716042154566744
P17888,6DCR,A,1,0.13439,0,0.80618,1,"217,342","214,215,216,217,218,219,220,339,340,341,342,343,344,345",353,"350,351,352,353,354,355,356","217,342",353,125,2,0.1707650273224043,199,41,0.0846994535519125,,,,0.51775956284153,0.9717948717948718,379.0,732,126.5,0.1728142076502732
P17888,6DCR,A,2,0.15799,0,0.60146,1,"247,292","244,245,246,247,248,249,250,289,290,291,292,293,294,295",299,"296,297,298,299,300,301,302","247,292",299,45,1,0.0614754098360655,98,35,0.0901639344262295,,,,0.5915300546448088,0.9840909090909092,433.0,732,45.0,0.0614754098360655
P17888,6DCR,A,3,0.67567,1,-0.06022,0,"233,377","230,231,232,233,234,235,236,374,375,376,377,378,379,380",220,"217,218,219,220,221,222,223","233,377",220,144,4,0.1967213114754098,217,39,0.0887978142076502,0.3005464480874317,0.944206008583691,220.0,,,,732,147.0,0.2008196721311475
P17888,6DCR,A,4,0.19142,0,-1.12137,1,"567,679","564,565,566,567,568,569,570,676,677,678,679,680,681,682",689,"686,687,688,689,690,691,692","567,679",689,112,2,0.1530054644808743,197,38,0.0969945355191256,,,,0.0587431693989071,0.8113207547169812,43.0,732,112.5,0.1536885245901639
P17888,6DCR,A,5,-0.91178,1,0.0,0,"690,731","687,688,689,690,691,692,693,728,729,730,731,732,733,734",637,"634,635,636,637,638,639,640","690,731",637,41,2,0.0560109289617486,88,35,0.0901639344262295,0.8702185792349727,0.9231884057971016,637.0,,,,732,46.5,0.0635245901639344
P17952,2F00,B,1,-0.16591,0,0.75773,1,"340,451","337,338,339,340,341,342,343,448,449,450,451,452,453,454",461,"458,459,460,461,462,463,464","340,451",461,111,2,0.2260692464358452,164,38,0.1283095723014256,,,,0.0610997963340122,0.75,30.0,491,111.5,0.2270875763747454
P17952,2F00,B,2,0.89344,1,0.12669,0,"137,191","134,135,136,137,138,139,140,188,189,190,191,192,193,194",122,"119,120,121,122,123,124,125","137,191",122,54,44,0.109979633401222,128,35,0.1670061099796334,0.2484725050916497,0.8905109489051095,122.0,,,,491,162.22727272727272,0.3304017774486206
P17952,2F00,B,3,0.86326,1,0.90587,1,"38,150","35,36,37,38,39,40,41,147,148,149,150,151,152,153","24,173","21,22,23,24,25,26,27,170,171,172,173,174,175,176","38,150","24,173",112,32,0.2281059063136456,196,77,0.219959266802444,0.0488798370672097,0.631578947368421,24.0,0.6476578411405295,0.9325513196480938,318.0,491,91.625,0.1866089613034623
P17952,2F00,B,4,1.00578,3,0.02965,0,"158,322","155,156,157,158,159,160,161,319,320,321,322,323,324,325","123,136,148","120,121,122,123,124,125,126,133,134,135,136,137,138,139,145,146,147,148,149,150,151","158,322","123,136,148",164,7,0.3340122199592668,234,82,0.2097759674134419,0.2505091649694501,0.7784810126582279,123.0,,,,491,168.28571428571428,0.3427407622926971
P17993,4KDC,A,1,0.6115,1,0.21331,0,"74,127","71,72,73,74,75,76,77,124,125,126,127,128,129,130",60,"57,58,59,60,61,62,63","74,127",60,53,3,0.2208333333333333,100,31,0.2541666666666666,0.25,0.8108108108108109,60.0,,,,240,56.333333333333336,0.2347222222222222
P18393,5JA1,B,1,-0.67954,1,-0.07149,0,"24,40","21,22,23,24,25,26,27,37,38,39,40,41,42,43",17,"14,15,16,17,18,19,20","24,40",17,16,9,0.2222222222222222,34,30,0.4861111111111111,0.2361111111111111,0.7083333333333334,17.0,,,,72,26.88888888888889,0.3734567901234568
P18843,1WXI,A,1,0.99872,3,0.15308,0,"100,196","97,98,99,100,101,102,103,193,194,195,196,197,198,199","45,55,81","42,43,44,45,46,47,48,52,53,54,55,56,57,58,78,79,80,81,82,83,84","100,196","45,55,81",96,10,0.3490909090909091,162,69,0.3345454545454545,0.1636363636363636,0.45,45.0,,,,275,104.6,0.3803636363636363
P18843,1WXI,A,2,0.0,0,0.83897,1,"11,163","8,9,10,11,12,13,14,160,161,162,163,164,165,166",183,"180,181,182,183,184,185,186","11,163",183,152,4,0.5527272727272727,192,28,0.2072727272727272,,,,0.3345454545454545,0.8214285714285714,92.0,275,155.75,0.5663636363636364
P18843,1WXI,A,3,0.74517,1,0.08651,0,"60,158","57,58,59,60,61,62,63,155,156,157,158,159,160,161",44,"41,42,43,44,45,46,47","60,158",44,98,22,0.3563636363636364,135,39,0.2945454545454545,0.16,0.7333333333333333,44.0,,,,275,129.8181818181818,0.4720661157024793
P19624,1PS6,B,1,0.18105,0,0.65964,1,"33,57","30,31,32,33,34,35,36,54,55,56,57,58,59,60",73,"70,71,72,73,74,75,76","33,57",73,24,26,0.0729483282674772,66,30,0.1580547112462006,,,,0.7781155015197568,0.9411764705882352,256.0,329,60.15384615384615,0.1828384381575871
P19624,1PS6,B,2,0.60274,1,-0.04419,0,"17,299","14,15,16,17,18,19,20,296,297,298,299,300,301,302",9,"6,7,8,9,10,11,12","17,299",9,282,4,0.8571428571428571,321,38,0.2310030395136778,0.0273556231003039,0.5294117647058824,9.0,,,,329,284.5,0.8647416413373861
P19624,1PS6,B,3,0.00149,0,0.62553,1,"160,250","157,158,159,160,161,162,163,247,248,249,250,251,252,253",262,"259,260,261,262,263,264,265","160,250",262,90,2,0.2735562310030395,126,34,0.1854103343465045,,,,0.2036474164133738,0.8481012658227848,67.0,329,91.0,0.2765957446808511
P19624,1PS6,B,4,0.68179,1,0.07133,0,"226,264","223,224,225,226,227,228,229,261,262,263,264,265,266,267",205,"202,203,204,205,206,207,208","226,264",205,38,1,0.1155015197568389,75,40,0.2249240121580547,0.6231003039513677,0.9070796460176992,205.0,,,,329,38.0,0.1155015197568389
P19636,5YSN,B,1,0.02059,0,0.83717,1,"134,169","131,132,133,134,135,136,137,166,167,168,169,170,171,172",205,"202,203,204,205,206,207,208","134,169",205,35,20,0.1186440677966101,89,34,0.2169491525423728,,,,0.3050847457627119,0.7142857142857143,90.0,295,53.4,0.1810169491525423
P19636,5YSN,B,2,0.99113,1,-0.16836,0,"185,225","182,183,184,185,186,187,188,222,223,224,225,226,227,228",162,"159,160,161,162,163,164,165","185,225",162,40,37,0.135593220338983,100,37,0.2711864406779661,0.5491525423728814,0.8756756756756757,162.0,,,,295,74.45945945945945,0.2524049473202015
P19926,1NT4,A,1,0.0744,0,0.68381,1,"15,265","12,13,14,15,16,17,18,262,263,264,265,266,267,268",292,"289,290,291,292,293,294,295","37,287",314,250,6,0.6053268765133172,303,34,0.1864406779661017,,,,0.2397094430992736,0.7857142857142857,99.0,413,258.0,0.6246973365617433
P19926,1NT4,A,2,0.63126,1,0.17881,0,"52,218","49,50,51,52,53,54,55,215,216,217,218,219,220,221",20,"17,18,19,20,21,22,23","74,240",42,166,50,0.4019370460048426,248,45,0.171912832929782,0.1016949152542373,0.5675675675675675,42.0,,,,413,240.4,0.5820823244552058
P19926,1NT4,A,3,1.21825,2,0.00316,0,"102,319","99,100,101,102,103,104,105,316,317,318,319,320,321,322","16,89","13,14,15,16,17,18,19,86,87,88,89,90,91,92","124,341","38,111",217,5,0.5254237288135594,300,69,0.2300242130750605,0.0920096852300242,0.3064516129032258,38.0,,,,413,191.8,0.4644067796610169
P19926,1NT4,A,4,0.63817,1,-0.63335,1,"37,166","34,35,36,37,38,39,40,163,164,165,166,167,168,169","21,208","18,19,20,21,22,23,24,205,206,207,208,209,210,211","59,188","43,230",129,23,0.3123486682808716,208,64,0.2300242130750605,0.1041162227602905,0.7288135593220338,43.0,0.4430992736077482,0.8133333333333334,183.0,413,147.56521739130434,0.3573007685019476
P20083,1S16,A,1,-0.02066,0,0.72218,1,"1026,1094","1023,1024,1025,1026,1027,1028,1029,1091,1092,1093,1094,1095,1096,1097",1116,"1113,1114,1115,1116,1117,1118,1119","26,94",116,68,8,0.1079365079365079,137,36,0.0968253968253968,,,,0.8158730158730159,0.9589552238805972,514.0,630,75.5,0.1198412698412698
P20083,1S16,A,2,0.93786,1,-0.27984,0,"1107,1244","1104,1105,1106,1107,1108,1109,1110,1241,1242,1243,1244,1245,1246,1247",1038,"1035,1036,1037,1038,1039,1040,1041","107,244",38,137,27,0.2174603174603174,237,28,0.1031746031746031,0.0603174603174603,0.3551401869158878,38.0,,,,630,193.0,0.3063492063492063
P20083,1S16,A,3,-0.07338,0,-0.62514,1,"1253,1283","1250,1251,1252,1253,1254,1255,1256,1280,1281,1282,1283,1284,1285,1286",1316,"1313,1314,1315,1316,1317,1318,1319","253,283",316,30,2,0.0476190476190476,84,29,0.1174603174603174,,,,0.4984126984126984,0.904899135446686,314.0,630,32.0,0.0507936507936507
P21165,4QR8,A,1,0.60337,3,0.07453,0,"99,165","96,97,98,99,100,101,102,162,163,164,165,166,167,168","32,70,81","29,30,31,32,33,34,35,67,68,69,70,71,72,73,78,79,80,81,82,83,84","99,165","32,70,81",66,1,0.1489841986455982,131,65,0.2234762979683973,0.0722347629796839,0.3232323232323232,32.0,,,,443,66.0,0.1489841986455982
P21165,4QR8,A,2,-0.6031,1,0.60365,1,"227,388","224,225,226,227,228,229,230,385,386,387,388,389,390,391","218,421","215,216,217,218,219,220,221,418,419,420,421,422,423,424","227,388","218,421",161,5,0.3634311512415349,246,69,0.1896162528216704,0.492099322799097,0.960352422907489,218.0,0.0496613995485327,0.4,22.0,443,141.0,0.3182844243792325
P21165,4QR8,A,3,-0.69411,1,0.08519,0,"227,421","224,225,226,227,228,229,230,418,419,420,421,422,423,424",220,"217,218,219,220,221,222,223","227,421",220,194,1,0.437923250564334,263,34,0.146726862302483,0.4966139954853273,0.9691629955947136,220.0,,,,443,194.0,0.437923250564334
P21165,4QR8,A,4,0.01868,0,-0.61502,1,"295,363","292,293,294,295,296,297,298,360,361,362,363,364,365,366",370,"367,368,369,370,371,372,373","295,363",370,68,1,0.1534988713318284,132,31,0.1015801354401805,,,,0.164785553047404,0.9125,73.0,443,68.0,0.1534988713318284
P21165,4QR8,A,5,0.76875,1,0.08523,0,"55,129","52,53,54,55,56,57,58,126,127,128,129,130,131,132",32,"29,30,31,32,33,34,35","55,129",32,74,16,0.1670428893905192,118,35,0.1376975169300225,0.0722347629796839,0.5818181818181818,32.0,,,,443,156.875,0.3541196388261851
P21177,6TNM,A,1,0.90934,3,0.00844,0,"359,456","356,357,358,359,360,361,362,453,454,455,456,457,458,459","317,329,340","314,315,316,317,318,319,320,326,327,328,329,330,331,332,337,338,339,340,341,342,343","359,456","317,329,340",97,1,0.1330589849108367,161,73,0.1316872427983539,0.4348422496570645,0.883008356545961,317.0,,,,729,97.0,0.1330589849108367
P21177,6TNM,A,2,0.83992,1,0.22974,0,"328,399","325,326,327,328,329,330,331,396,397,398,399,400,401,402",317,"314,315,316,317,318,319,320","328,399",317,71,17,0.0973936899862825,108,34,0.0973936899862825,0.4348422496570645,0.9664634146341464,317.0,,,,729,137.0,0.1879286694101508
P21177,6TNM,A,3,0.669,1,-0.14992,0,"530,624","527,528,529,530,531,532,533,621,622,623,624,625,626,627",517,"514,515,516,517,518,519,520","530,624",517,94,25,0.1289437585733882,133,26,0.0713305898491083,0.7091906721536351,0.9754716981132076,517.0,,,,729,115.84,0.1589026063100137
P21179,4BFL,B,1,-0.27857,0,0.69001,1,"141,335","138,139,140,141,142,143,144,332,333,334,335,336,337,338",371,"368,369,370,371,372,373,374","141,335",371,194,1,0.2576361221779548,315,28,0.0810092961487383,,,,0.5073041168658698,0.9138755980861244,382.0,753,194.0,0.2576361221779548
P21179,4BFL,B,2,0.68772,1,0.0,0,"521,745","518,519,520,521,522,523,524,742,743,744,745,746,747,748",512,"509,510,511,512,513,514,515","521,745",512,224,1,0.297476759628154,287,33,0.0876494023904382,0.6799468791500664,0.982725527831094,512.0,,,,753,224.0,0.297476759628154
P21179,4BFL,B,3,0.94898,1,0.05342,0,"619,666","616,617,618,619,620,621,622,663,664,665,666,667,668,669",603,"600,601,602,603,604,605,606","619,666",603,47,28,0.0624169986719787,97,32,0.0942895086321381,0.8007968127490039,0.974151857835218,603.0,,,,753,88.42857142857143,0.1174350218174919
P21179,4BFL,B,4,-0.65231,1,-0.36902,0,"209,355","206,207,208,209,210,211,212,352,353,354,355,356,357,358",202,"199,200,201,202,203,204,205","209,355",202,146,4,0.1938911022576361,269,35,0.0942895086321381,0.2682602921646746,0.9665071770334928,202.0,,,,753,147.5,0.195883134130146
P21179,4BFL,B,5,-0.10843,0,-0.91796,1,"68,135","65,66,67,68,69,70,71,132,133,134,135,136,137,138",383,"380,381,382,383,384,385,386","68,135",383,67,7,0.0889774236387782,111,22,0.0849933598937583,,,,0.4913678618857902,0.598705501618123,370.0,753,90.14285714285714,0.119711629671789
P21179,4BFL,B,6,-0.62589,1,0.0619,0,"165,386","162,163,164,165,166,167,168,383,384,385,386,387,388,389",134,"131,132,133,134,135,136,137","165,386",134,221,21,0.2934926958831341,343,37,0.0942895086321381,0.1779548472775564,0.8121212121212121,134.0,,,,753,260.1904761904762,0.3455384809966483
P21179,4BFL,B,7,-0.82299,3,0.04661,0,"199,391","196,197,198,199,200,201,202,388,389,390,391,392,393,394","134,165,185","131,132,133,134,135,136,137,162,163,164,165,166,167,168,182,183,184,185,186,187,188","199,391","134,165,185",192,41,0.2549800796812749,320,70,0.1328021248339973,0.1779548472775564,0.6733668341708543,134.0,,,,753,217.609756097561,0.2889903799436401
P21179,4BFL,B,8,-0.78364,5,0.3317,0,"288,403","285,286,287,288,289,290,291,400,401,402,403,404,405,406","134,163,186,198,277","131,132,133,134,135,136,137,160,161,162,163,164,165,166,183,184,185,186,187,188,189,195,196,197,198,199,200,201,274,275,276,277,278,279,280","288,403","134,163,186,198,277",115,22,0.1527224435590969,243,114,0.1792828685258964,0.1779548472775564,0.4652777777777778,134.0,,,,753,319.27272727272725,0.4240009658336351
P21179,4BFL,B,9,-0.70836,5,0.23368,0,"308,529","305,306,307,308,309,310,311,526,527,528,529,530,531,532","134,163,186,205,256","131,132,133,134,135,136,137,160,161,162,163,164,165,166,183,184,185,186,187,188,189,202,203,204,205,206,207,208,253,254,255,256,257,258,259","308,529","134,163,186,205,256",221,2,0.2934926958831341,367,119,0.2084993359893758,0.1779548472775564,0.435064935064935,134.0,,,,753,223.0,0.2961487383798141
P21179,4BFL,B,10,-0.8789,7,0.07259,0,"356,405","353,354,355,356,357,358,359,402,403,404,405,406,407,408","134,163,186,197,274,290,337","131,132,133,134,135,136,137,160,161,162,163,164,165,166,183,184,185,186,187,188,189,194,195,196,197,198,199,200,271,272,273,274,275,276,277,287,288,289,290,291,292,293,334,335,336,337,338,339,340","356,405","134,163,186,197,274,290,337",49,24,0.0650730411686587,149,137,0.2177954847277556,0.1779548472775564,0.3764044943820224,134.0,,,,753,147.20833333333334,0.1954957945993802
P21189,3K57,A,1,-1.26666,1,-0.97332,1,"73,435","70,71,72,73,74,75,76,432,433,434,435,436,437,438","41,496","38,39,40,41,42,43,44,493,494,495,496,497,498,499","73,435","41,496",362,24,0.4623243933588761,518,56,0.1353767560664112,0.0523627075351213,0.5616438356164384,41.0,0.3665389527458493,0.8247126436781609,287.0,783,288.9583333333333,0.3690400170285227
P21189,3K57,A,2,-0.72611,1,-0.70637,1,"311,718","308,309,310,311,312,313,314,715,716,717,718,719,720,721","282,727","279,280,281,282,283,284,285,724,725,726,727,728,729,730","311,718","282,727",407,2,0.5197956577266922,508,52,0.1008939974457215,0.3601532567049808,0.9067524115755627,282.0,0.0715197956577266,0.8615384615384616,56.0,783,407.5,0.520434227330779
P21189,3K57,A,3,-1.24198,1,-0.41349,0,"73,510","70,71,72,73,74,75,76,507,508,509,510,511,512,513",41,"38,39,40,41,42,43,44","73,510",41,437,1,0.558109833971903,556,32,0.0996168582375478,0.0523627075351213,0.5616438356164384,41.0,,,,783,437.0,0.558109833971903
P21189,3K57,A,4,-0.18235,0,-0.73859,1,"412,542","409,410,411,412,413,414,415,539,540,541,542,543,544,545",550,"547,548,549,550,551,552,553","412,542",550,130,1,0.1660280970625798,206,34,0.0817369093231162,,,,0.2975734355044699,0.966804979253112,233.0,783,130.0,0.1660280970625798
P21189,3K57,A,5,-0.06964,0,-0.79144,1,"432,451","429,430,431,432,433,434,435,448,449,450,451,452,453,454",459,"456,457,458,459,460,461,462","432,451",459,19,2,0.0242656449553001,48,32,0.0727969348659003,,,,0.4137931034482758,0.9759036144578314,324.0,783,19.5,0.0249042145593869
P21189,3K57,A,6,-0.796,1,-0.08628,0,"550,601","547,548,549,550,551,552,553,598,599,600,601,602,603,604",416,"413,414,415,416,417,418,419","550,601",416,51,7,0.0651340996168582,89,35,0.090676883780332,0.5312899106002554,0.7563636363636363,416.0,,,,783,66.42857142857143,0.0848385331143951
P21189,3K57,A,7,0.0126,0,-0.69275,1,"44,68","41,42,43,44,45,46,47,65,66,67,68,69,70,71",79,"76,77,78,79,80,81,82","44,68",79,24,3,0.0306513409961685,51,32,0.0613026819923371,,,,0.8991060025542784,0.9846153846153848,704.0,783,24.666666666666668,0.031502767134951
P21189,3K57,A,8,-0.14171,0,-1.04672,1,"386,436","383,384,385,386,387,388,389,433,434,435,436,437,438,439",511,"508,509,510,511,512,513,514","386,436",511,50,38,0.0638569604086845,149,35,0.1021711366538952,,,,0.3473818646232439,0.7838616714697406,272.0,783,99.1842105263158,0.1266720440949116
P21189,3K57,A,9,-0.73825,1,0.11973,0,"459,514","456,457,458,459,460,461,462,511,512,513,514,515,516,517",433,"430,431,432,433,434,435,436","459,514",433,55,23,0.070242656449553,117,38,0.0996168582375478,0.5530012771392082,0.943355119825708,433.0,,,,783,78.17391304347827,0.0998389694041868
P21189,3K57,A,10,0.69756,1,-0.26395,0,"166,317","163,164,165,166,167,168,169,314,315,316,317,318,319,320",158,"155,156,157,158,159,160,161","166,317",158,151,8,0.1928480204342273,209,31,0.074074074074074,0.2017879948914431,0.9518072289156626,158.0,,,,783,160.125,0.2045019157088122
P21189,3K57,A,11,0.73538,3,-0.38611,0,"197,325","194,195,196,197,198,199,200,322,323,324,325,326,327,328","156,167,179","153,154,155,156,157,158,159,164,165,166,167,168,169,170,176,177,178,179,180,181,182","197,325","156,167,179",128,23,0.1634738186462324,189,65,0.1085568326947637,0.1992337164750957,0.7918781725888325,156.0,,,,783,144.3913043478261,0.184407796101949
P21338,2PQX,A,1,-0.14678,0,-0.76727,1,"54,115","51,52,53,54,55,56,57,112,113,114,115,116,117,118",129,"126,127,128,129,130,131,132","77,138",152,61,8,0.2276119402985074,106,33,0.2798507462686567,,,,0.4328358208955223,0.8923076923076924,116.0,268,70.625,0.2635261194029851
P21338,2PQX,A,2,0.29657,0,-0.9766,1,"31,198","28,29,30,31,32,33,34,195,196,197,198,199,200,201",205,"202,203,204,205,206,207,208","54,221",228,167,2,0.6231343283582089,234,36,0.1902985074626865,,,,0.1492537313432835,0.851063829787234,40.0,268,169.0,0.6305970149253731
P21338,2PQX,A,3,-0.74497,1,0.0,0,"204,234","201,202,203,204,205,206,207,231,232,233,234,235,236,237",195,"192,193,194,195,196,197,198","227,257",218,30,11,0.1119402985074626,76,34,0.2014925373134328,0.8134328358208955,0.960352422907489,218.0,,,,268,34.90909090909091,0.1302578018995929
P21362,2GS4,A,1,0.64896,1,-0.04054,0,"31,85","28,29,30,31,32,33,34,82,83,84,85,86,87,88",21,"18,19,20,21,22,23,24","31,85",21,54,40,0.3253012048192771,95,29,0.3734939759036144,0.1265060240963855,0.6774193548387096,21.0,,,,166,76.775,0.4625
P21367,1YAC,B,1,0.6046,1,0.13785,0,"52,109","49,50,51,52,53,54,55,106,107,108,109,110,111,112",14,"11,12,13,14,15,16,17","52,109",14,57,55,0.2740384615384615,96,31,0.2980769230769231,0.0673076923076923,0.2692307692307692,14.0,,,,208,114.27272727272728,0.5493881118881119
P21507,2YJT,D,1,0.0,0,1.09142,1,"224,332","221,222,223,224,225,226,227,329,330,331,332,333,334,335",349,"346,347,348,349,350,351,352","224,332",349,108,7,0.2432432432432432,147,39,0.1486486486486486,,,,0.2139639639639639,0.8482142857142857,95.0,444,115.57142857142856,0.2602960102960103
P21507,2YJT,D,2,0.08194,0,0.67618,1,"250,294","247,248,249,250,251,252,253,291,292,293,294,295,296,297",302,"299,300,301,302,303,304,305","250,294",302,44,2,0.0990990990990991,79,38,0.1373873873873874,,,,0.3198198198198198,0.9466666666666668,142.0,444,44.5,0.1002252252252252
P21507,2YJT,D,3,0.85764,1,-0.00283,0,"242,376","239,240,241,242,243,244,245,373,374,375,376,377,378,379",225,"222,223,224,225,226,227,228","242,376",225,134,10,0.3018018018018018,161,29,0.1171171171171171,0.5067567567567568,0.9297520661157024,225.0,,,,444,140.3,0.315990990990991
P21507,2YJT,D,4,0.79135,1,0.23354,0,"264,323","261,262,263,264,265,266,267,320,321,322,323,324,325,326",252,"249,250,251,252,253,254,255","264,323",252,59,2,0.1328828828828828,97,34,0.1644144144144144,0.5675675675675675,0.9545454545454546,252.0,,,,444,61.0,0.1373873873873874
P21513,5F6C,A,1,0.62374,1,-0.16672,0,"59,204","56,57,58,59,60,61,62,201,202,203,204,205,206,207",42,"39,40,41,42,43,44,45","59,204",42,145,1,0.1366635249764373,182,37,0.05937794533459,0.0395852968897266,0.711864406779661,42.0,,,,1061,145.0,0.1366635249764373
P21514,4KIE,A,1,-0.88711,1,0.0,0,"140,352","137,138,139,140,141,142,143,349,350,351,352,353,354,355",126,"123,124,125,126,127,128,129","140,352",126,212,2,0.585635359116022,244,39,0.1629834254143646,0.3480662983425414,0.9,126.0,,,,362,215.5,0.5953038674033149
P21514,4KIE,A,2,-0.2255,0,1.10938,1,"133,324","130,131,132,133,134,135,136,321,322,323,324,325,326,327",337,"334,335,336,337,338,339,340","133,324",337,191,5,0.5276243093922652,238,33,0.1381215469613259,,,,0.0690607734806629,0.6578947368421053,25.0,362,195.4,0.5397790055248619
P21599,6K0K,A,1,0.0,0,0.6034,1,"8,308","5,6,7,8,9,10,11,305,306,307,308,309,310,311",314,"311,312,313,314,315,316,317","8,308",314,300,1,0.625,351,39,0.1479166666666666,,,,0.3458333333333333,0.9651162790697676,166.0,480,300.0,0.625
P21599,6K0K,A,2,0.79638,0,0.81796,1,"64,411","61,62,63,64,65,66,67,408,409,410,411,412,413,414",417,"414,415,416,417,418,419,420","64,411",417,347,1,0.7229166666666667,420,39,0.1333333333333333,,,,0.13125,0.9130434782608696,63.0,480,347.0,0.7229166666666667
P21599,6K0K,A,3,-0.09663,0,0.64737,1,"82,102","79,80,81,82,83,84,85,99,100,101,102,103,104,105",109,"106,107,108,109,110,111,112","82,102",109,20,3,0.0416666666666666,55,35,0.0916666666666666,,,,0.7729166666666667,0.9814814814814816,371.0,480,21.0,0.04375
P21599,6K0K,A,4,0.9019,1,-0.10486,0,"391,460","388,389,390,391,392,393,394,457,458,459,460,461,462,463",383,"380,381,382,383,384,385,386","391,460",383,69,2,0.14375,137,36,0.15,0.7979166666666667,0.979539641943734,383.0,,,,480,74.5,0.1552083333333333
P21599,6K0K,A,5,1.0477,1,0.02749,0,"30,328","27,28,29,30,31,32,33,325,326,327,328,329,330,331",11,"8,9,10,11,12,13,14","30,328",11,298,11,0.6208333333333333,347,44,0.1541666666666666,0.0229166666666666,0.3666666666666666,11.0,,,,480,301.45454545454544,0.628030303030303
P21645,3EH0,A,1,0.15999,0,0.71975,1,"18,66","15,16,17,18,19,20,21,63,64,65,66,67,68,69",73,"70,71,72,73,74,75,76","18,66",73,48,1,0.1407624633431085,77,32,0.1319648093841642,,,,0.7859237536656891,0.9745454545454544,268.0,341,48.0,0.1407624633431085
P21888,1U0B,B,1,0.62709,1,0.78131,1,"56,339","53,54,55,56,57,58,59,336,337,338,339,340,341,342","27,388","24,25,26,27,28,29,30,385,386,387,388,389,390,391","56,339","27,388",283,64,0.613882863340564,364,54,0.1713665943600867,0.0585683297180043,0.4821428571428571,27.0,0.158351409978308,0.5983606557377049,73.0,461,263.703125,0.5720241323210412
P21888,1U0B,B,2,0.05662,0,-0.75488,1,"118,194","115,116,117,118,119,120,121,191,192,193,194,195,196,197",201,"198,199,200,201,202,203,204","118,194",201,76,5,0.1648590021691974,109,30,0.1106290672451193,,,,0.5639913232104121,0.9737827715355806,260.0,461,99.0,0.2147505422993492
P21888,1U0B,B,3,0.93661,3,-0.08431,0,"105,290","102,103,104,105,106,107,108,287,288,289,290,291,292,293","28,41,65","25,26,27,28,29,30,31,38,39,40,41,42,43,44,62,63,64,65,66,67,68","105,290","28,41,65",185,16,0.4013015184381778,250,76,0.2212581344902386,0.0607375271149674,0.2666666666666666,28.0,,,,461,195.9375,0.425027114967462
P21888,1U0B,B,4,-0.01653,0,0.74302,1,"319,359","316,317,318,319,320,321,322,356,357,358,359,360,361,362",381,"378,379,380,381,382,383,384","319,359",381,40,27,0.0867678958785249,85,31,0.1388286334056399,,,,0.1735357917570499,0.7843137254901961,80.0,461,53.333333333333336,0.1156905278380332
P21889,1EQR,C,1,-0.06655,0,-0.68049,1,"48,76","45,46,47,48,49,50,51,73,74,75,76,77,78,79",94,"91,92,93,94,95,96,97","48,76",94,28,2,0.047457627118644,72,38,0.1067796610169491,,,,0.8406779661016949,0.9649805447470816,496.0,590,30.0,0.0508474576271186
P21889,1EQR,C,2,0.00705,0,-0.78627,1,"165,178","162,163,164,165,166,167,168,175,176,177,178,179,180,181",188,"185,186,187,188,189,190,191","165,178",188,13,1,0.0220338983050847,31,29,0.0728813559322033,,,,0.6813559322033899,0.9757281553398058,402.0,590,13.0,0.0220338983050847
P21889,1EQR,C,3,-0.79109,1,0.04225,0,"462,495","459,460,461,462,463,464,465,492,493,494,495,496,497,498",452,"449,450,451,452,453,454,455","462,495",452,33,9,0.0559322033898305,89,31,0.0898305084745762,0.7661016949152543,0.9783549783549784,452.0,,,,590,36.77777777777778,0.0623352165725047
P21889,1EQR,C,4,0.15259,0,-0.63967,1,"199,489","196,197,198,199,200,201,202,486,487,488,489,490,491,492",531,"528,529,530,531,532,533,534","199,489",531,290,12,0.4915254237288136,359,37,0.1169491525423728,,,,0.1,0.5841584158415841,59.0,590,323.9166666666667,0.5490112994350282
P21889,1EQR,C,5,-0.75279,1,0.0,0,"185,579","182,183,184,185,186,187,188,576,577,578,579,580,581,582",177,"174,175,176,177,178,179,180","185,579",177,394,4,0.6677966101694915,443,31,0.0762711864406779,0.3,0.9567567567567568,177.0,,,,590,394.75,0.6690677966101695
P21889,1EQR,C,6,-0.14907,0,-0.83478,1,"307,350","304,305,306,307,308,309,310,347,348,349,350,351,352,353",394,"391,392,393,394,395,396,397","307,350",394,43,21,0.0728813559322033,92,41,0.1169491525423728,,,,0.3322033898305084,0.8166666666666667,196.0,590,74.95238095238095,0.1270379338175948
P21889,1EQR,C,7,0.20478,0,-0.82227,3,"199,449","196,197,198,199,200,201,202,446,447,448,449,450,451,452","474,485,532","471,472,473,474,475,476,477,482,483,484,485,486,487,488,529,530,531,532,533,534,535","199,449","474,485,532",250,6,0.423728813559322,336,64,0.1677966101694915,,,,0.0983050847457627,0.4113475177304964,58.0,590,233.83333333333331,0.3963276836158192
P22106,1CT9,A,1,-0.17546,0,-0.68945,1,"65,91","62,63,64,65,66,67,68,88,89,90,91,92,93,94",100,"97,98,99,100,101,102,103","66,92",101,26,4,0.0469314079422382,69,34,0.095667870036101,,,,0.8176895306859205,0.9805194805194806,453.0,554,27.0,0.0487364620938628
P22106,1CT9,A,2,-0.75525,1,0.04152,0,"98,224","95,96,97,98,99,100,101,221,222,223,224,225,226,227",77,"74,75,76,77,78,79,80","99,225",78,126,1,0.2274368231046931,222,31,0.1227436823104693,0.1407942238267148,0.7878787878787878,78.0,,,,554,126.0,0.2274368231046931
P22106,1CT9,A,3,-0.83352,1,-0.18751,0,"155,180","152,153,154,155,156,157,158,177,178,179,180,181,182,183",146,"143,144,145,146,147,148,149","156,181",147,25,1,0.0451263537906137,81,41,0.1389891696750902,0.2653429602888086,0.9423076923076924,147.0,,,,554,25.0,0.0451263537906137
P22188,1E8C,A,1,0.7281,1,0.45773,0,"212,388","209,210,211,212,213,214,215,385,386,387,388,389,390,391",205,"202,203,204,205,206,207,208","213,389",206,176,3,0.3555555555555555,276,37,0.1414141414141414,0.4161616161616162,0.9671361502347418,206.0,,,,495,177.0,0.3575757575757576
P22188,1E8C,A,2,-0.00072,0,0.66009,1,"353,451","350,351,352,353,354,355,356,448,449,450,451,452,453,454",461,"458,459,460,461,462,463,464","354,452",462,98,3,0.1979797979797979,150,42,0.1353535353535353,,,,0.0666666666666666,0.7674418604651163,33.0,495,100.0,0.202020202020202
P22188,1E8C,A,3,-0.00099,0,0.91669,1,"17,75","14,15,16,17,18,19,20,72,73,74,75,76,77,78",83,"80,81,82,83,84,85,86","18,76",84,58,7,0.1171717171717171,86,31,0.0989898989898989,,,,0.8303030303030303,0.9809069212410502,411.0,495,59.57142857142857,0.1203463203463203
P22188,1E8C,A,4,-0.05988,0,0.68166,1,"110,168","107,108,109,110,111,112,113,165,166,167,168,169,170,171",180,"177,178,179,180,181,182,183","111,169",181,58,24,0.1171717171717171,125,40,0.1515151515151515,,,,0.6343434343434343,0.9631901840490796,314.0,495,80.41666666666667,0.1624579124579124
P22188,1E8C,A,5,0.8315,1,0.18189,0,"122,204","119,120,121,122,123,124,125,201,202,203,204,205,206,207",111,"108,109,110,111,112,113,114","123,205",112,82,44,0.1656565656565656,151,36,0.1616161616161616,0.2262626262626262,0.9105691056910568,112.0,,,,495,190.5909090909091,0.3850321395775941
P22256,1SFF,B,1,0.00639,0,-0.7862,1,"46,385","43,44,45,46,47,48,49,382,383,384,385,386,387,388",400,"397,398,399,400,401,402,403","46,385",400,339,13,0.795774647887324,379,41,0.1549295774647887,,,,0.0610328638497652,0.6341463414634146,26.0,426,346.0769230769231,0.812387143373059
P22256,1SFF,B,2,-1.03205,1,0.06781,0,"276,300","273,274,275,276,277,278,279,297,298,299,300,301,302,303",107,"104,105,106,107,108,109,110","276,300",107,24,69,0.056338028169014,70,36,0.1690140845070422,0.2511737089201878,0.3876811594202898,107.0,,,,426,100.23188405797102,0.2352861128121385
P22256,1SFF,B,3,-0.05174,0,-0.82379,3,"54,244","51,52,53,54,55,56,57,241,242,243,244,245,246,247","264,277,305","261,262,263,264,265,266,267,274,275,276,277,278,279,280,302,303,304,305,306,307,308","54,244","264,277,305",190,4,0.4460093896713615,279,85,0.3051643192488263,,,,0.284037558685446,0.6648351648351648,121.0,426,191.5,0.4495305164319249
P22256,1SFF,B,4,-0.03232,0,-1.30537,2,"62,271","59,60,61,62,63,64,65,268,269,270,271,272,273,274","278,308","275,276,277,278,279,280,281,305,306,307,308,309,310,311","62,271","278,308",209,28,0.4906103286384976,277,70,0.2089201877934272,,,,0.2769953051643192,0.7612903225806451,118.0,426,194.75,0.4571596244131455
P22256,1SFF,B,5,0.65388,1,0.23427,0,"155,211","152,153,154,155,156,157,158,208,209,210,211,212,213,214",148,"145,146,147,148,149,150,151","155,211",148,56,4,0.1314553990610328,112,34,0.1431924882629108,0.3474178403755869,0.9548387096774194,148.0,,,,426,61.0,0.1431924882629108
P22259,1OS1,A,1,0.92055,1,0.23909,0,"82,195","79,80,81,82,83,84,85,192,193,194,195,196,197,198",71,"68,69,70,71,72,73,74","82,195",71,113,21,0.2092592592592592,191,32,0.1092592592592592,0.1314814814814814,0.8658536585365854,71.0,,,,540,320.3333333333333,0.5932098765432099
P22259,1OS1,A,2,0.22607,0,0.8239,1,"45,174","42,43,44,45,46,47,48,171,172,173,174,175,176,177",192,"189,190,191,192,193,194,195","45,174",192,129,3,0.2388888888888889,231,31,0.1388888888888889,,,,0.6444444444444445,0.9508196721311476,348.0,540,145.66666666666666,0.2697530864197531
P22259,1OS1,A,3,0.62634,1,-0.17638,0,"382,480","379,380,381,382,383,384,385,477,478,479,480,481,482,483",371,"368,369,370,371,372,373,374","382,480",371,98,11,0.1814814814814815,193,36,0.15,0.687037037037037,0.9712041884816754,371.0,,,,540,143.36363636363637,0.2654882154882155
P22259,1OS1,A,4,-0.70389,3,0.01829,0,"333,392","330,331,332,333,334,335,336,389,390,391,392,393,394,395","234,266,286","231,232,233,234,235,236,237,263,264,265,266,267,268,269,283,284,285,286,287,288,289","333,392","234,266,286",59,9,0.1092592592592592,179,81,0.2333333333333333,0.4333333333333333,0.7027027027027027,234.0,,,,540,63.66666666666666,0.1179012345679012
P22259,1OS1,A,5,0.04312,0,0.82221,3,"15,106","12,13,14,15,16,17,18,103,104,105,106,107,108,109","119,170,192","116,117,118,119,120,121,122,167,168,169,170,171,172,173,189,190,191,192,193,194,195","15,106","119,170,192",91,4,0.1685185185185185,169,85,0.1962962962962963,,,,0.6444444444444445,0.8018433179723502,348.0,540,93.25,0.1726851851851852
P22259,1OS1,A,6,0.05624,0,-0.69183,1,"286,311","283,284,285,286,287,288,289,308,309,310,311,312,313,314",333,"330,331,332,333,334,335,336","286,311",333,25,46,0.0462962962962962,65,43,0.1407407407407407,,,,0.3833333333333333,0.9039301310043668,207.0,540,233.2608695652174,0.4319645732689211
P22259,1OS1,A,7,-0.75014,1,0.11796,0,"132,159","129,130,131,132,133,134,135,156,157,158,159,160,161,162",123,"120,121,122,123,124,125,126","132,159",123,27,35,0.05,80,42,0.1018518518518518,0.2277777777777777,0.9318181818181818,123.0,,,,540,51.8,0.0959259259259259
P22259,1OS1,A,8,-0.60432,1,0.29204,0,"243,266","240,241,242,243,244,245,246,263,264,265,266,267,268,269",235,"232,233,234,235,236,237,238","243,266",235,23,29,0.0425925925925925,75,37,0.1148148148148148,0.4351851851851852,0.9670781893004116,235.0,,,,540,124.10344827586206,0.2298212005108556
P22523,2WMM,B,1,0.01229,0,0.63646,1,"659,695","656,657,658,659,660,661,662,692,693,694,695,696,697,698",778,"775,776,777,778,779,780,781","659,695",778,36,1,0.0242261103633916,72,35,0.0376850605652759,,,,0.4764468371467025,0.8950695322376738,708.0,1486,36.0,0.0242261103633916
P22939,1RQJ,A,1,0.63331,1,0.42387,0,"117,257","114,115,116,117,118,119,120,254,255,256,257,258,259,260",100,"97,98,99,100,101,102,103","96,236",79,140,6,0.4682274247491639,224,30,0.2073578595317725,0.2642140468227424,0.8229166666666666,79.0,,,,299,144.16666666666666,0.4821627647714604
P22939,1RQJ,A,2,0.60543,1,0.0,0,"256,319","253,254,255,256,257,258,259,316,317,318,319,320,321,322",244,"241,242,243,244,245,246,247","235,298",223,63,4,0.2107023411371237,115,33,0.1939799331103679,0.745819397993311,0.948936170212766,223.0,,,,299,64.0,0.2140468227424749
P23003,3BT7,A,1,0.71328,1,0.16829,0,"228,297","225,226,227,228,229,230,231,294,295,296,297,298,299,300",214,"211,212,213,214,215,216,217","228,297",214,69,4,0.1885245901639344,111,30,0.1830601092896175,0.5846994535519126,0.9385964912280702,214.0,,,,366,78.75,0.2151639344262295
P23256,1D2F,B,1,0.0,0,-0.68759,1,"33,348","30,31,32,33,34,35,36,345,346,347,348,349,350,351",363,"360,361,362,363,364,365,366","33,348",363,315,8,0.8076923076923077,356,33,0.141025641025641,,,,0.0692307692307692,0.6428571428571429,27.0,390,316.625,0.8118589743589744
P23256,1D2F,B,2,-1.09799,1,0.05493,0,"241,270","238,239,240,241,242,243,244,267,268,269,270,271,272,273",92,"89,90,91,92,93,94,95","241,270",92,29,56,0.0743589743589743,63,32,0.1564102564102564,0.2358974358974359,0.3817427385892116,92.0,,,,390,92.46428571428572,0.237087912087912
P23256,1D2F,B,3,-0.03748,0,-1.58088,2,"46,235","43,44,45,46,47,48,49,232,233,234,235,236,237,238","244,277","241,242,243,244,245,246,247,274,275,276,277,278,279,280","46,235","244,277",189,17,0.4846153846153846,247,63,0.2076923076923077,,,,0.2897435897435897,0.7290322580645161,113.0,390,185.94117647058823,0.4767722473604826
P23256,1D2F,B,4,0.73013,1,0.21102,0,"124,167","121,122,123,124,125,126,127,164,165,166,167,168,169,170",114,"111,112,113,114,115,116,117","124,167",114,43,3,0.1102564102564102,83,33,0.1794871794871795,0.2923076923076923,0.9193548387096774,114.0,,,,390,55.0,0.141025641025641
P23367,1B63,A,1,0.00161,0,0.76987,1,"15,74","12,13,14,15,16,17,18,71,72,73,74,75,76,77",98,"95,96,97,98,99,100,101","15,74",98,59,3,0.0959349593495935,130,27,0.0780487804878048,,,,0.8406504065040651,0.955637707948244,517.0,615,61.333333333333336,0.0997289972899729
P23367,1B63,A,2,0.79903,1,-0.08628,0,"94,261","91,92,93,94,95,96,97,258,259,260,261,262,263,264",30,"27,28,29,30,31,32,33","94,261",30,167,17,0.2715447154471544,257,25,0.1138211382113821,0.048780487804878,0.3191489361702128,30.0,,,,615,200.94117647058823,0.3267336202773792
P23367,1B63,A,3,0.09088,0,-0.6621,1,"243,276","240,241,242,243,244,245,246,273,274,275,276,277,278,279",286,"283,284,285,286,287,288,289","243,276",286,33,1,0.0536585365853658,74,33,0.0845528455284552,,,,0.5349593495934959,0.9705014749262536,329.0,615,33.0,0.0536585365853658
P23522,1DXE,B,1,0.03463,0,0.70633,1,"19,227","16,17,18,19,20,21,22,224,225,226,227,228,229,230",233,"230,231,232,233,234,235,236","19,227",233,208,1,0.8125,234,33,0.1875,,,,0.08984375,0.7931034482758621,23.0,256,208.0,0.8125
P23522,1DXE,B,2,0.84389,1,0.00795,0,"41,236","38,39,40,41,42,43,44,233,234,235,236,237,238,239",21,"18,19,20,21,22,23,24","41,236",21,195,2,0.76171875,228,29,0.234375,0.08203125,0.5121951219512195,21.0,,,,256,199.0,0.77734375
P23721,1BJO,A,1,0.0,0,-1.74305,2,"12,197","9,10,11,12,13,14,15,194,195,196,197,198,199,200","206,246","203,204,205,206,207,208,209,243,244,245,246,247,248,249","12,197","206,246",185,13,0.511049723756906,263,53,0.2320441988950276,,,,0.3204419889502762,0.703030303030303,116.0,362,168.92307692307693,0.466638334041649
P23721,1BJO,A,2,0.0,0,-0.72261,1,"7,322","4,5,6,7,8,9,10,319,320,321,322,323,324,325",335,"332,333,334,335,336,337,338","7,322",335,315,13,0.8701657458563536,348,34,0.1602209944751381,,,,0.074585635359116,0.675,27.0,362,316.84615384615387,0.8752656183595411
P23721,1BJO,A,3,-0.94835,1,0.04974,0,"205,242","202,203,204,205,206,207,208,239,240,241,242,243,244,245",71,"68,69,70,71,72,73,74","205,242",71,37,78,0.1022099447513812,73,35,0.1740331491712707,0.1961325966850828,0.3463414634146341,71.0,,,,362,118.23076923076924,0.3266043348916277
P23721,1BJO,A,4,0.71137,1,0.15143,0,"106,147","103,104,105,106,107,108,109,144,145,146,147,148,149,150",95,"92,93,94,95,96,97,98","106,147",95,41,3,0.1132596685082873,80,35,0.1740331491712707,0.2624309392265193,0.8962264150943396,95.0,,,,362,45.333333333333336,0.1252302025782689
P23827,1ECY,A,1,-0.71009,1,-0.04357,0,"74,99","71,72,73,74,75,76,77,96,97,98,99,100,101,102",49,"46,47,48,49,50,51,52","94,119",69,25,26,0.1543209876543209,54,24,0.3950617283950617,0.4259259259259259,0.7340425531914894,69.0,,,,162,42.5,0.2623456790123457
P23827,1ECY,A,2,-0.03515,0,-1.19954,1,"20,73","17,18,19,20,21,22,23,70,71,72,73,74,75,76",116,"113,114,115,116,117,118,119","40,93",136,53,11,0.3271604938271605,117,32,0.3024691358024691,,,,0.1604938271604938,0.3768115942028985,26.0,162,56.27272727272727,0.3473625140291807
P23827,1ECY,A,3,-0.02507,0,-1.8728,2,"14,64","11,12,13,14,15,16,17,61,62,63,64,65,66,67","72,117","69,70,71,72,73,74,75,114,115,116,117,118,119,120","34,84","92,137",50,5,0.3086419753086419,118,46,0.3580246913580246,,,,0.1543209876543209,0.3205128205128205,25.0,162,52.4,0.3234567901234568
P23843,3TCH,A,1,0.68005,1,0.45296,0,"332,399","329,330,331,332,333,334,335,396,397,398,399,400,401,402",321,"318,319,320,321,322,323,324","332,399",321,67,4,0.1233885819521178,138,34,0.1252302025782689,0.5911602209944752,0.966867469879518,321.0,,,,543,68.25,0.1256906077348066
P23843,3TCH,A,2,0.65535,1,0.04248,0,"397,439","394,395,396,397,398,399,400,436,437,438,439,440,441,442",390,"387,388,389,390,391,392,393","397,439",390,42,1,0.0773480662983425,82,31,0.1031307550644567,0.7182320441988951,0.982367758186398,390.0,,,,543,42.0,0.0773480662983425
P23843,3TCH,A,3,0.80331,1,0.0,0,"249,535","246,247,248,249,250,251,252,532,533,534,535,536,537,538",44,"41,42,43,44,45,46,47","249,535",44,286,18,0.5267034990791897,333,32,0.1289134438305709,0.0810313075506445,0.1767068273092369,44.0,,,,543,345.55555555555554,0.6363822385921833
P23843,3TCH,A,4,-0.48497,0,0.69364,1,"349,447","346,347,348,349,350,351,352,444,445,446,447,448,449,450",506,"503,504,505,506,507,508,509","349,447",506,98,21,0.1804788213627992,149,38,0.143646408839779,,,,0.0681399631675874,0.3854166666666667,37.0,543,114.28571428571428,0.2104709287029729
P23843,3TCH,A,5,-1.80496,3,0.011,0,"347,529","344,345,346,347,348,349,350,526,527,528,529,530,531,532","294,300,317","291,292,293,294,295,296,297,297,298,299,300,301,302,303,314,315,316,317,318,319,320","347,529","294,300,317",182,8,0.3351749539594843,269,85,0.2081031307550644,0.5414364640883977,0.8472622478386167,294.0,,,,543,94.375,0.1738029465930018
P23843,3TCH,A,6,0.08872,0,-0.82547,1,"55,122","52,53,54,55,56,57,58,119,120,121,122,123,124,125",191,"188,189,190,191,192,193,194","55,122",191,67,15,0.1233885819521178,151,35,0.1233885819521178,,,,0.6482504604051565,0.836104513064133,352.0,543,74.6,0.1373848987108655
P23843,3TCH,A,7,-0.65463,1,-0.06502,0,"316,502","313,314,315,316,317,318,319,499,500,501,502,503,504,505",301,"298,299,300,301,302,303,304","316,502",301,186,8,0.3425414364640884,231,41,0.1362799263351749,0.5543278084714549,0.9525316455696202,301.0,,,,543,187.125,0.3446132596685083
P23843,3TCH,A,8,0.00103,0,-1.84876,2,"183,349","180,181,182,183,184,185,186,346,347,348,349,350,351,352","508,514","505,506,507,508,509,510,511,511,512,513,514,515,516,517","183,349","508,514",166,44,0.3057090239410681,304,62,0.1952117863720073,,,,0.0534069981583793,0.1494845360824742,29.0,543,172.97727272727272,0.3185585133098945
P23847,1DPE,A,1,0.67281,1,0.0,0,"22,498","19,20,21,22,23,24,25,495,496,497,498,499,500,501",7,"4,5,6,7,8,9,10","50,526",35,476,1,0.8897196261682243,507,33,0.1570093457943925,0.0654205607476635,0.7,35.0,,,,535,476.0,0.8897196261682243
P23847,1DPE,A,2,-0.38589,0,0.6637,1,"315,410","312,313,314,315,316,317,318,407,408,409,410,411,412,413",473,"470,471,472,473,474,475,476","343,438",501,95,23,0.1775700934579439,159,38,0.1626168224299065,,,,0.0635514018691588,0.3505154639175257,34.0,535,118.7391304347826,0.2219422998780983
P23847,1DPE,A,3,0.64518,1,0.06902,0,"372,400","369,370,371,372,373,374,375,397,398,399,400,401,402,403",347,"344,345,346,347,348,349,350","400,428",375,28,6,0.0523364485981308,65,28,0.1158878504672897,0.7009345794392523,0.9375,375.0,,,,535,37.0,0.0691588785046729
P23847,1DPE,A,4,-0.0564,0,-1.67683,2,"44,313","41,42,43,44,45,46,47,310,311,312,313,314,315,316","477,481","474,475,476,477,478,479,480,478,479,480,481,482,483,484","72,341","505,509",269,45,0.502803738317757,394,53,0.1700934579439252,,,,0.0485981308411214,0.134020618556701,26.0,535,228.6,0.4272897196261682
P23847,1DPE,A,5,-0.64171,1,0.03426,0,"283,468","280,281,282,283,284,285,286,465,466,467,468,469,470,471",267,"264,265,266,267,268,269,270","311,496",295,185,9,0.3457943925233644,234,43,0.1476635514018691,0.5514018691588785,0.9485530546623794,295.0,,,,535,187.77777777777777,0.3509865005192107
P23847,1DPE,A,6,0.11256,0,-0.83643,1,"17,93","14,15,16,17,18,19,20,90,91,92,93,94,95,96",156,"153,154,155,156,157,158,159","45,121",184,76,13,0.1420560747663551,162,38,0.1401869158878504,,,,0.6560747663551402,0.8478260869565217,351.0,535,87.38461538461539,0.1633357296908698
P23847,1DPE,A,7,-1.87464,3,-0.03752,0,"313,495","310,311,312,313,314,315,316,492,493,494,495,496,497,498","260,266,287","257,258,259,260,261,262,263,263,264,265,266,267,268,269,284,285,286,287,288,289,290","341,523","288,294,315",182,18,0.3401869158878505,268,88,0.222429906542056,0.5383177570093458,0.844574780058651,288.0,,,,535,73.55555555555556,0.1374870197300103
P23865,5WQL,D,1,-0.51438,0,0.67369,1,"90,155","87,88,89,90,91,92,93,152,153,154,155,156,157,158",168,"165,166,167,168,169,170,171","90,155",168,65,24,0.095307917888563,126,23,0.0777126099706744,,,,0.7536656891495601,0.9753320683111956,514.0,682,71.04166666666667,0.1041666666666666
P23865,5WQL,D,2,0.62857,1,0.30378,0,"417,456","414,415,416,417,418,419,420,453,454,455,456,457,458,459",409,"406,407,408,409,410,411,412","417,456",409,39,24,0.0571847507331378,110,30,0.1202346041055718,0.5997067448680352,0.9808153477218226,409.0,,,,682,95.625,0.1402126099706744
P23865,5WQL,D,3,-0.65474,1,-0.13273,0,"292,318","289,290,291,292,293,294,295,315,316,317,318,319,320,321",284,"281,282,283,284,285,286,287","292,318",284,26,2,0.0381231671554252,58,34,0.0718475073313783,0.4164222873900293,0.9726027397260274,284.0,,,,682,32.0,0.0469208211143695
P23865,5WQL,D,4,-0.10839,0,-0.69255,1,"228,486","225,226,227,228,229,230,231,483,484,485,486,487,488,489",503,"500,501,502,503,504,505,506","228,486",503,258,8,0.3782991202346041,328,34,0.0733137829912023,,,,0.2624633431085044,0.9132653061224488,179.0,682,416.875,0.6112536656891495
P23869,1LOP,A,1,-0.18753,0,-1.56034,2,"51,86","48,49,50,51,52,53,54,83,84,85,86,87,88,89","94,121","91,92,93,94,95,96,97,118,119,120,121,122,123,124","51,86","94,121",35,58,0.2134146341463414,87,66,0.5548780487804879,,,,0.2621951219512195,0.5512820512820513,43.0,164,47.672413793103445,0.2906854499579478
P23869,1LOP,A,2,-0.83214,1,0.01229,0,"98,123","95,96,97,98,99,100,101,120,121,122,123,124,125,126",84,"81,82,83,84,85,86,87","98,123",84,25,8,0.1524390243902439,66,37,0.4634146341463415,0.5121951219512195,0.8571428571428571,84.0,,,,164,33.0,0.2012195121951219
P23872,4KRY,B,1,0.02008,0,0.85315,1,"75,100","72,73,74,75,76,77,78,97,98,99,100,101,102,103",118,"115,116,117,118,119,120,121","75,100",118,25,34,0.0783699059561128,83,38,0.238244514106583,,,,0.6300940438871473,0.9178082191780822,201.0,319,48.14705882352941,0.1509312188825373
P23872,4KRY,B,2,0.9339,1,0.342,0,"110,162","107,108,109,110,111,112,113,159,160,161,162,163,164,165",87,"84,85,86,87,88,89,90","110,162",87,52,24,0.1630094043887147,120,37,0.2601880877742947,0.2727272727272727,0.7909090909090909,87.0,,,,319,180.0,0.5642633228840125
P23872,4KRY,B,3,0.73462,1,0.27057,0,"221,264","218,219,220,221,222,223,224,261,262,263,264,265,266,267",197,"194,195,196,197,198,199,200","221,264",197,43,20,0.1347962382445141,115,37,0.225705329153605,0.6175548589341693,0.8914027149321267,197.0,,,,319,56.0,0.1755485893416928
P23874,2WIU,A,1,-0.69012,1,-0.754,1,"167,223","164,165,166,167,168,169,170,220,221,222,223,224,225,226","160,231","157,158,159,160,161,162,163,228,229,230,231,232,233,234","167,223","160,231",56,6,0.1272727272727272,128,55,0.1590909090909091,0.3636363636363636,0.9580838323353292,160.0,0.475,0.9631336405529954,209.0,440,55.0,0.125
P23874,2WIU,A,2,-0.77709,1,0.03829,0,"229,413","226,227,228,229,230,231,232,410,411,412,413,414,415,416",206,"203,204,205,206,207,208,209","229,413",206,184,4,0.4181818181818181,269,33,0.1522727272727272,0.4681818181818182,0.8995633187772926,206.0,,,,440,186.0,0.4227272727272727
P23882,2FMT,A,1,-0.79407,1,-0.00495,0,"119,145","116,117,118,119,120,121,122,142,143,144,145,146,147,148",111,"108,109,110,111,112,113,114","120,146",112,26,11,0.0825396825396825,77,38,0.1936507936507936,0.3555555555555555,0.9333333333333332,112.0,,,,315,57.54545454545455,0.1826839826839827
P23882,2FMT,A,2,-0.74758,3,0.1783,0,"164,228","161,162,163,164,165,166,167,225,226,227,228,229,230,231","124,137,150","121,122,123,124,125,126,127,134,135,136,137,138,139,140,147,148,149,150,151,152,153","165,229","125,138,151",64,12,0.2031746031746031,135,78,0.326984126984127,0.3968253968253968,0.7575757575757576,125.0,,,,315,66.66666666666667,0.2116402116402116
P23909,1NG9,A,1,-0.3986,0,0.94861,1,"305,349","302,303,304,305,306,307,308,346,347,348,349,350,351,352",552,"549,550,551,552,553,554,555","305,349",552,44,9,0.0515826494724501,110,31,0.0832356389214536,,,,0.3528722157092614,0.5972222222222222,301.0,853,152.0,0.1781946072684642
P23909,1NG9,A,2,-0.04906,0,0.83167,1,"572,634","569,570,571,572,573,574,575,631,632,633,634,635,636,637",646,"643,644,645,646,647,648,649","572,634",646,62,26,0.0726846424384525,129,32,0.0656506447831184,,,,0.2426729191090269,0.9452054794520548,207.0,853,216.34615384615384,0.2536297231490666
P23909,1NG9,A,3,0.65981,1,0.8264,1,"151,349","148,149,150,151,152,153,154,346,347,348,349,350,351,352","134,556","131,132,133,134,135,136,137,553,554,555,556,557,558,559","151,349","134,556",198,58,0.2321219226260258,298,77,0.1383352872215709,0.1570926143024619,0.8874172185430463,134.0,0.3481828839390387,0.5892857142857143,297.0,853,131.5,0.1541617819460727
P23909,1NG9,A,4,-0.15194,0,-0.66791,1,"473,492","470,471,472,473,474,475,476,489,490,491,492,493,494,495",500,"497,498,499,500,501,502,503","473,492",500,19,5,0.022274325908558,45,29,0.0527549824150058,,,,0.4138335287221571,0.9778393351800554,353.0,853,21.4,0.0250879249706916
P23909,1NG9,A,5,-0.82557,1,-0.01805,0,"756,771","753,754,755,756,757,758,759,768,769,770,771,772,773,774",747,"744,745,746,747,748,749,750","756,771",747,15,4,0.0175849941383352,46,34,0.063305978898007,0.8757327080890973,0.988095238095238,747.0,,,,853,18.75,0.0219812426729191
P23909,1NG9,A,6,-0.00291,0,-0.66813,1,"40,58","37,38,39,40,41,42,43,55,56,57,58,59,60,61",67,"64,65,66,67,68,69,70","40,58",67,18,4,0.0211019929660023,34,32,0.0504103165298944,,,,0.9214536928487692,0.9886792452830188,786.0,853,27.0,0.0316529894490035
P23909,1NG9,A,7,0.90089,3,0.0766,0,"172,261","169,170,171,172,173,174,175,258,259,260,261,262,263,264","135,146,156","132,133,134,135,136,137,138,143,144,145,146,147,148,149,153,154,155,156,157,158,159","172,261","135,146,156",89,13,0.104337631887456,140,71,0.1055099648300117,0.1582649472450175,0.7848837209302325,135.0,,,,853,136.15384615384616,0.1596176391018126
P23930,5N6L,A,1,-0.08058,0,-0.70268,1,"214,454","211,212,213,214,215,216,217,451,452,453,454,455,456,457",475,"472,473,474,475,476,477,478","214,454",475,240,7,0.46875,293,32,0.126953125,,,,0.072265625,0.6379310344827587,37.0,512,258.2857142857143,0.5044642857142857
P23930,5N6L,A,2,0.86523,1,-0.07388,0,"256,469","253,254,255,256,257,258,259,466,467,468,469,470,471,472",226,"223,224,225,226,227,228,229","256,469",226,213,4,0.416015625,271,39,0.109375,0.44140625,0.8828125,226.0,,,,512,216.0,0.421875
P24171,1Y79,1,1,-0.14763,0,-0.63217,7,"13,387","10,11,12,13,14,15,16,384,385,386,387,388,389,390","396,410,424,442,460,550,599","393,394,395,396,397,398,399,407,408,409,410,411,412,413,421,422,423,424,425,426,427,439,440,441,442,443,444,445,457,458,459,460,461,462,463,547,548,549,550,551,552,553,596,597,598,599,600,601,602","14,388","397,411,425,443,461,551,600",374,1,0.5491923641703378,509,158,0.2540381791483113,,,,0.118942731277533,0.2764505119453925,81.0,681,374.0,0.5491923641703378
P24171,1Y79,1,2,0.07103,0,-0.61081,1,"180,210","177,178,179,180,181,182,183,207,208,209,210,211,212,213",216,"213,214,215,216,217,218,219","181,211",217,30,1,0.0440528634361233,59,29,0.066079295154185,,,,0.6813509544787077,0.9872340425531916,464.0,681,30.0,0.0440528634361233
P24171,1Y79,1,3,-0.78941,1,0.0874,0,"458,521","455,456,457,458,459,460,461,518,519,520,521,522,523,524",359,"356,357,358,359,360,361,362","459,522",360,63,2,0.092511013215859,133,28,0.0690161527165932,0.5286343612334802,0.7843137254901961,360.0,,,,681,64.0,0.0939794419970631
P24171,1Y79,1,4,0.24288,0,-0.60254,5,"81,413","78,79,80,81,82,83,84,410,411,412,413,414,415,416","424,444,460,547,599","421,422,423,424,425,426,427,441,442,443,444,445,446,447,457,458,459,460,461,462,463,544,545,546,547,548,549,550,596,597,598,599,600,601,602","82,414","425,445,461,548,600",332,6,0.487518355359765,472,132,0.2261380323054332,,,,0.118942731277533,0.3033707865168539,81.0,681,384.0,0.5638766519823789
P24171,1Y79,1,5,-0.31695,0,-0.70554,3,"202,449","199,200,201,202,203,204,205,446,447,448,449,450,451,452","460,547,597","457,458,459,460,461,462,463,544,545,546,547,548,549,550,594,595,596,597,598,599,600","203,450","461,548,598",247,6,0.3627019089574155,403,81,0.1732745961820851,,,,0.1218795888399412,0.3593073593073593,83.0,681,287.3333333333333,0.4219285364659814
P24173,2H1H,A,1,0.7861,1,0.01963,0,"211,256","208,209,210,211,212,213,214,253,254,255,256,257,258,259",180,"177,178,179,180,181,182,183","211,256",180,45,32,0.1410658307210031,85,28,0.1661442006269592,0.5642633228840125,0.8530805687203792,180.0,,,,319,93.625,0.2934952978056426
P24182,3RV3,B,1,-0.09807,0,-0.71911,1,"302,364","299,300,301,302,303,304,305,361,362,363,364,365,366,367",387,"384,385,386,387,388,389,390","302,364",387,62,25,0.1380846325167037,143,36,0.1514476614699332,,,,0.1380846325167037,0.7294117647058823,62.0,449,301.6,0.6717149220489979
P24182,3RV3,B,2,0.0445,0,-0.89745,1,"116,160","113,114,115,116,117,118,119,157,158,159,160,161,162,163",200,"197,198,199,200,201,202,203","116,160",200,44,6,0.0979955456570155,87,38,0.155902004454343,,,,0.5545657015590201,0.8615916955017301,249.0,449,45.5,0.1013363028953229
P24182,3RV3,B,3,-0.67623,1,0.03158,0,"173,203","170,171,172,173,174,175,176,200,201,202,203,204,205,206",156,"153,154,155,156,157,158,159","173,203",156,30,8,0.066815144766147,64,31,0.1180400890868596,0.3474387527839643,0.9017341040462428,156.0,,,,449,59.5,0.1325167037861915
P24182,3RV3,B,4,0.65135,1,0.1476,0,"228,294","225,226,227,228,229,230,231,291,292,293,294,295,296,297",211,"208,209,210,211,212,213,214","228,294",211,66,17,0.1469933184855233,141,40,0.1826280623608017,0.4699331848552338,0.925438596491228,211.0,,,,449,87.52941176470588,0.1949430106118171
P24183,1KQF,A,1,-0.05084,0,0.85214,1,"890,926","887,888,889,890,891,892,893,923,924,925,926,927,928,929",971,"968,969,970,971,972,973,974","890,926",971,36,3,0.0354679802955665,100,37,0.0679802955665024,,,,0.0433497536945812,0.4943820224719101,44.0,1015,32.0,0.0315270935960591
P24183,1KQF,A,2,-0.04186,0,1.03179,1,"108,583","105,106,107,108,109,110,111,580,581,582,583,584,585,586",613,"610,611,612,613,614,615,616","108,583",613,475,12,0.4679802955665024,668,38,0.0620689655172413,,,,0.3960591133004926,0.9305555555555556,402.0,1015,478.8333333333333,0.4717569786535303
P24183,1KQF,A,3,-0.00559,0,0.80627,1,"200,408","197,198,199,200,201,202,203,405,406,407,408,409,410,411",441,"438,439,440,441,442,443,444","200,408",441,208,7,0.2049261083743842,331,40,0.0798029556650246,,,,0.5655172413793104,0.9456342668863262,574.0,1015,216.7142857142857,0.2135116115411682
P24183,1KQF,A,4,0.71764,1,0.12957,0,"947,972","944,945,946,947,948,949,950,969,970,971,972,973,974,975",921,"918,919,920,921,922,923,924","947,972",921,25,49,0.0246305418719211,79,36,0.0798029556650246,0.9073891625615764,0.972544878563886,921.0,,,,1015,60.97959183673469,0.0600784156026942
P24183,1KQF,A,5,-0.0547,0,0.73239,1,"157,473","154,155,156,157,158,159,160,470,471,472,473,474,475,476",530,"527,528,529,530,531,532,533","157,473",530,316,5,0.3113300492610837,489,29,0.0600985221674876,,,,0.4778325123152709,0.8948339483394834,485.0,1015,320.2,0.3154679802955665
P24183,1KQF,A,6,0.67184,1,0.25884,0,"177,555","174,175,176,177,178,179,180,552,553,554,555,556,557,558",163,"160,161,162,163,164,165,166","177,555",163,378,38,0.3724137931034483,557,38,0.0738916256157635,0.1605911330049261,0.9209039548022598,163.0,,,,1015,491.3684210526316,0.4841068187710656
P24183,1KQF,A,7,-0.74756,1,0.89875,1,"121,590","118,119,120,121,122,123,124,587,588,589,590,591,592,593","112,612","109,110,111,112,113,114,115,609,610,611,612,613,614,615","121,590","112,612",469,14,0.4620689655172413,661,51,0.0729064039408867,0.1103448275862069,0.9256198347107438,112.0,0.3970443349753694,0.9482352941176472,403.0,1015,480.7142857142857,0.4736101337086559
P24183,1KQF,A,8,1.03291,3,-0.61371,1,"199,997","196,197,198,199,200,201,202,994,995,996,997,998,999,1000","165,176,190,1008","162,163,164,165,166,167,168,173,174,175,176,177,178,179,187,188,189,190,191,192,193,1005,1006,1007,1008,1009,1010,1011","199,997","165,176,190,1008",798,167,0.7862068965517242,927,122,0.1605911330049261,0.1625615763546798,0.8291457286432161,165.0,0.0068965517241379,0.3888888888888889,7.0,1015,390.251497005988,0.3844842335034364
P24183,1KQF,A,9,2.71467,3,0.24055,0,"264,898","261,262,263,264,265,266,267,895,896,897,898,899,900,901","189,206,256","186,187,188,189,190,191,192,203,204,205,206,207,208,209,253,254,255,256,257,258,259","264,898","189,206,256",634,8,0.6246305418719211,835,111,0.1458128078817734,0.1862068965517241,0.7159090909090909,189.0,,,,1015,483.0,0.4758620689655172
P24183,1KQF,A,10,-0.32221,0,1.56694,3,"54,445","51,52,53,54,55,56,57,442,443,444,445,446,447,448","580,584,612","577,578,579,580,581,582,583,581,582,583,584,585,586,587,609,610,611,612,613,614,615","54,445","580,584,612",391,14,0.3852216748768473,606,59,0.1182266009852216,,,,0.3970443349753694,0.7070175438596491,403.0,1015,375.1428571428572,0.3695988740323715
P24183,1KQF,A,11,-0.10537,0,2.04324,2,"86,217","83,84,85,86,87,88,89,214,215,216,217,218,219,220","448,614","445,446,447,448,449,450,451,611,612,613,614,615,616,617","86,217","448,614",131,46,0.129064039408867,305,78,0.1300492610837438,,,,0.3950738916256157,0.5025062656641605,401.0,1015,184.08695652173915,0.1813664596273292
P24183,1KQF,A,12,2.73716,5,0.04264,0,"305,781","302,303,304,305,306,307,308,778,779,780,781,782,783,784","163,176,189,206,286","160,161,162,163,164,165,166,173,174,175,176,177,178,179,186,187,188,189,190,191,192,203,204,205,206,207,208,209,283,284,285,286,287,288,289","305,781","163,176,189,206,286",476,106,0.4689655172413793,721,138,0.1921182266009852,0.1605911330049261,0.5344262295081967,163.0,,,,1015,416.3301886792453,0.4101775257923599
P24183,1KQF,A,13,2.29017,6,-0.05304,0,"340,836","337,338,339,340,341,342,343,833,834,835,836,837,838,839","163,173,189,211,282,306","160,161,162,163,164,165,166,170,171,172,173,174,175,176,186,187,188,189,190,191,192,208,209,210,211,212,213,214,279,280,281,282,283,284,285,303,304,305,306,307,308,309","340,836","163,173,189,211,282,306",496,69,0.4886699507389163,717,180,0.2108374384236453,0.1605911330049261,0.4794117647058823,163.0,,,,1015,487.1739130434783,0.4799742985650032
P24183,1KQF,A,14,1.19803,3,-0.60094,1,"350,491","347,348,349,350,351,352,353,488,489,490,491,492,493,494","206,286,308,835","203,204,205,206,207,208,209,283,284,285,286,287,288,289,305,306,307,308,309,310,311,832,833,834,835,836,837,838","350,491","206,286,308,835",141,6,0.1389162561576354,321,102,0.122167487684729,0.2029556650246305,0.5885714285714285,206.0,0.1773399014778325,0.3435114503816794,180.0,1015,142.83333333333334,0.1407224958949097
P24183,1KQF,A,15,1.99446,4,-0.68742,1,"419,997","416,417,418,419,420,421,422,994,995,996,997,998,999,1000","163,176,188,202,1003","160,161,162,163,164,165,166,173,174,175,176,177,178,179,185,186,187,188,189,190,191,199,200,201,202,203,204,205,1000,1001,1002,1003,1004,1005,1006","419,997","163,176,188,202,1003",578,63,0.5694581280788177,802,138,0.1576354679802955,0.1605911330049261,0.3890214797136038,163.0,0.0118226600985221,0.6666666666666666,12.0,1015,551.7142857142857,0.543560872624912
P24183,1KQF,A,16,0.90017,3,0.70799,1,"507,726","504,505,506,507,508,509,510,723,724,725,726,727,728,729","162,178,188,733","159,160,161,162,163,164,165,175,176,177,178,179,180,181,185,186,187,188,189,190,191,730,731,732,733,734,735,736","507,726","162,178,188,733",219,9,0.2157635467980295,378,113,0.129064039408867,0.1596059113300492,0.3195266272189349,162.0,0.2778325123152709,0.9757785467128028,282.0,1015,222.33333333333331,0.219047619047619
P24183,1KQF,A,17,0.82667,5,0.06241,0,"568,877","565,566,567,568,569,570,571,874,875,876,877,878,879,880","165,176,191,455,555","162,163,164,165,166,167,168,173,174,175,176,177,178,179,188,189,190,191,192,193,194,452,453,454,455,456,457,458,552,553,554,555,556,557,558","568,877","165,176,191,455,555",309,10,0.3044334975369458,528,105,0.1399014778325123,0.1625615763546798,0.2904929577464789,165.0,,,,1015,361.1,0.3557635467980296
P24183,1KQF,A,18,0.87878,5,0.32556,0,"600,978","597,598,599,600,601,602,603,975,976,977,978,979,980,981","166,176,212,453,582","163,164,165,166,167,168,169,173,174,175,176,177,178,179,209,210,211,212,213,214,215,450,451,452,453,454,455,456,579,580,581,582,583,584,585","600,978","166,176,212,453,582",378,15,0.3724137931034483,627,136,0.1812807881773399,0.1635467980295566,0.2766666666666666,166.0,,,,1015,380.06666666666666,0.3744499178981937
P24186,1B0A,A,1,-0.00398,0,-0.68345,1,"15,148","12,13,14,15,16,17,18,145,146,147,148,149,150,151",272,"269,270,271,272,273,274,275","15,148",272,133,18,0.4618055555555556,168,35,0.21875,,,,0.0555555555555555,0.1142857142857142,16.0,288,171.77777777777777,0.5964506172839505
P24186,1B0A,A,2,0.75328,1,0.05342,0,"54,96","51,52,53,54,55,56,57,93,94,95,96,97,98,99",37,"34,35,36,37,38,39,40","54,96",37,42,14,0.1458333333333333,85,39,0.2256944444444444,0.1284722222222222,0.6851851851851852,37.0,,,,288,131.0,0.4548611111111111
P24186,1B0A,A,3,0.6158,1,0.12464,0,"179,205","176,177,178,179,180,181,182,202,203,204,205,206,207,208",162,"159,160,161,162,163,164,165","179,205",162,26,5,0.0902777777777777,56,35,0.2152777777777778,0.5625,0.905027932960894,162.0,,,,288,36.6,0.1270833333333333
P24193,2I6R,A,1,0.90561,1,-0.00459,0,"102,131","99,100,101,102,103,104,105,128,129,130,131,132,133,134",85,"82,83,84,85,86,87,88","116,145",99,29,4,0.0863095238095238,71,32,0.2053571428571428,0.2946428571428571,0.853448275862069,99.0,,,,336,31.0,0.0922619047619047
P24193,2I6R,A,2,-0.00338,0,-0.6997,1,"35,76","32,33,34,35,36,37,38,73,74,75,76,77,78,79",138,"135,136,137,138,139,140,141","49,90",152,41,23,0.1220238095238095,92,36,0.1607142857142857,,,,0.5476190476190477,0.7479674796747967,184.0,336,88.17391304347827,0.2624223602484472
P24193,2I6R,A,3,-1.26535,1,0.15912,0,"238,285","235,236,237,238,239,240,241,282,283,284,285,286,287,288",162,"159,160,161,162,163,164,165","252,299",176,47,7,0.1398809523809523,105,42,0.1964285714285714,0.5238095238095238,0.6984126984126984,176.0,,,,336,68.42857142857143,0.203656462585034
P24193,2I6R,A,4,0.8808,1,-1.02331,1,"182,240","179,180,181,182,183,184,185,237,238,239,240,241,242,243","161,260","158,159,160,161,162,163,164,257,258,259,260,261,262,263","196,254","175,274",58,4,0.1726190476190476,148,64,0.2351190476190476,0.5208333333333334,0.8928571428571429,175.0,0.1845238095238095,0.7560975609756098,62.0,336,59.5,0.1770833333333333
P24193,2I6R,A,5,-1.9099,2,-0.08175,0,"253,300","250,251,252,253,254,255,256,297,298,299,300,301,302,303","156,228","153,154,155,156,157,158,159,225,226,227,228,229,230,231","267,314","170,242",47,55,0.1398809523809523,123,61,0.3095238095238095,0.5059523809523809,0.6367041198501873,170.0,,,,336,68.96363636363637,0.2052489177489177
P24200,6GHC,A,1,-0.7199,1,0.03429,0,"85,129","82,83,84,85,86,87,88,126,127,128,129,130,131,132",59,"56,57,58,59,60,61,62","85,129",59,44,1,0.1588447653429603,84,31,0.1732851985559566,0.2129963898916967,0.6941176470588235,59.0,,,,277,44.0,0.1588447653429603
P24200,6GHC,A,2,-0.07094,0,-1.04638,1,"23,62","20,21,22,23,24,25,26,59,60,61,62,63,64,65",125,"122,123,124,125,126,127,128","23,62",125,39,6,0.1407942238267148,86,31,0.2166064981949458,,,,0.5487364620938628,0.7069767441860465,152.0,277,49.0,0.1768953068592057
P24203,4IXM,A,1,0.0,0,0.94,1,"4,81","1,2,3,4,5,6,7,78,79,80,81,82,83,84",95,"92,93,94,95,96,97,98","4,81",95,77,2,0.2421383647798742,123,33,0.210691823899371,,,,0.7012578616352201,0.940928270042194,223.0,318,78.5,0.2468553459119497
P24203,4IXM,A,2,0.64934,1,0.00104,0,"93,196","90,91,92,93,94,95,96,193,194,195,196,197,198,199",8,"5,6,7,8,9,10,11","93,196",8,103,19,0.3238993710691824,163,37,0.210691823899371,0.0251572327044025,0.086021505376344,8.0,,,,318,153.31578947368422,0.4821251241310824
P24203,4IXM,A,3,-0.02821,0,-0.68463,1,"207,259","204,205,206,207,208,209,210,256,257,258,259,260,261,262",297,"294,295,296,297,298,299,300","207,259",297,52,24,0.1635220125786163,105,38,0.1981132075471698,,,,0.0660377358490566,0.3559322033898305,21.0,318,95.16666666666669,0.2992662473794549
P24215,4EAC,A,1,0.63703,1,-0.42604,0,"13,365","10,11,12,13,14,15,16,362,363,364,365,366,367,368",6,"3,4,5,6,7,8,9","13,365",6,352,5,0.8934010152284264,384,33,0.1598984771573604,0.015228426395939,0.4615384615384615,6.0,,,,394,355.2,0.901522842639594
P24215,4EAC,A,2,0.86966,1,-0.26155,0,"182,365","179,180,181,182,183,184,185,362,363,364,365,366,367,368",104,"101,102,103,104,105,106,107","182,365",104,183,3,0.4644670050761421,261,38,0.2030456852791878,0.2639593908629442,0.5714285714285714,104.0,,,,394,184.33333333333331,0.4678510998307953
P24215,4EAC,A,3,0.753,1,0.43059,0,"149,240","146,147,148,149,150,151,152,237,238,239,240,241,242,243",133,"130,131,132,133,134,135,136","149,240",133,91,6,0.2309644670050761,168,30,0.1598984771573604,0.3375634517766497,0.8926174496644296,133.0,,,,394,115.0,0.2918781725888325
P24228,2EX2,A,1,0.03566,0,-0.61447,1,"57,350","54,55,56,57,58,59,60,347,348,349,350,351,352,353",364,"361,362,363,364,365,366,367","57,350",364,293,2,0.6142557651991615,337,38,0.1215932914046121,,,,0.2368972746331236,0.889763779527559,113.0,477,293.5,0.6153039832285115
P24228,2EX2,A,2,-0.91404,1,-0.00369,0,"280,326","277,278,279,280,281,282,283,323,324,325,326,327,328,329",82,"79,80,81,82,83,84,85","280,326",82,46,30,0.0964360587002096,117,31,0.1572327044025157,0.1719077568134172,0.2928571428571428,82.0,,,,477,106.43333333333334,0.223130677847659
P24228,2EX2,A,3,-0.66788,1,0.03859,0,"361,421","358,359,360,361,362,363,364,418,419,420,421,422,423,424",60,"57,58,59,60,61,62,63","361,421",60,60,4,0.1257861635220125,133,38,0.1257861635220125,0.1257861635220125,0.1662049861495844,60.0,,,,477,61.5,0.1289308176100629
P24228,2EX2,A,4,-0.0361,0,0.64382,1,"198,227","195,196,197,198,199,200,201,224,225,226,227,228,229,230",233,"230,231,232,233,234,235,236","198,227",233,29,3,0.060796645702306,59,35,0.1153039832285115,,,,0.5115303983228512,0.976,244.0,477,33.333333333333336,0.0698812019566736
P24232,1GVH,A,1,0.11908,0,-0.94511,1,"152,192","149,150,151,152,153,154,155,189,190,191,192,193,194,195",245,"242,243,244,245,246,247,248","152,192",245,40,28,0.101010101010101,105,37,0.1565656565656565,,,,0.3813131313131313,0.7401960784313726,151.0,396,133.32142857142858,0.3366702741702742
P24232,1GVH,A,2,-0.78826,1,0.45198,0,"209,272","206,207,208,209,210,211,212,269,270,271,272,273,274,275",187,"184,185,186,187,188,189,190","209,272",187,63,17,0.1590909090909091,157,37,0.1666666666666666,0.4722222222222222,0.8947368421052632,187.0,,,,396,75.23529411764706,0.1899881164587047
P24232,1GVH,A,3,0.77109,1,0.13152,0,"277,360","274,275,276,277,278,279,280,357,358,359,360,361,362,363",263,"260,261,262,263,264,265,266","277,360",263,83,8,0.2095959595959595,123,34,0.1767676767676767,0.6641414141414141,0.9494584837545126,263.0,,,,396,97.875,0.2471590909090909
P24242,3DBI,A,1,0.76508,1,0.1275,0,"199,249","196,197,198,199,200,201,202,246,247,248,249,250,251,252",186,"183,184,185,186,187,188,189","197,247",184,50,3,0.1488095238095238,98,35,0.2142857142857142,0.5476190476190477,0.934010152284264,184.0,,,,336,74.66666666666667,0.2222222222222222
P25397,2XVM,A,1,0.65855,1,0.19129,0,"44,100","41,42,43,44,45,46,47,97,98,99,100,101,102,103",35,"32,33,34,35,36,37,38","44,100",35,56,2,0.2842639593908629,96,32,0.3807106598984771,0.1776649746192893,0.7954545454545454,35.0,,,,197,57.0,0.2893401015228426
P25397,2XVM,A,2,0.293,0,-0.79581,1,"107,177","104,105,106,107,108,109,110,174,175,176,177,178,179,180",189,"186,187,188,189,190,191,192","107,177",189,70,1,0.3553299492385787,109,36,0.3299492385786802,,,,0.0406091370558375,0.4,8.0,197,70.0,0.3553299492385787
P25397,2XVM,A,3,0.74437,1,-0.62667,1,"147,177","144,145,146,147,148,149,150,174,175,176,177,178,179,180","135,188","132,133,134,135,136,137,138,185,186,187,188,189,190,191","147,177","135,188",30,9,0.1522842639593908,63,50,0.3197969543147208,0.6852791878172588,0.9183673469387756,135.0,0.0456852791878172,0.45,9.0,197,36.77777777777778,0.1866892272983643
P25522,2GJA,A,1,0.0,0,0.89307,1,"215,258","212,213,214,215,216,217,218,255,256,257,258,259,260,261",268,"265,266,267,268,269,270,271","215,258",268,43,1,0.0947136563876652,86,39,0.118942731277533,,,,0.4096916299559471,0.9489795918367347,186.0,454,43.0,0.0947136563876652
P25524,1K6W,A,1,0.67281,1,0.03996,0,"282,319","279,280,281,282,283,284,285,316,317,318,319,320,321,322",274,"271,272,273,274,275,276,277","283,320",275,37,2,0.0866510538641686,107,42,0.1920374707259953,0.6440281030444965,0.9717314487632508,275.0,,,,427,37.5,0.0878220140515222
P25524,1K6W,A,2,0.91164,1,-0.19575,0,"110,315","107,108,109,110,111,112,113,312,313,314,315,316,317,318",61,"58,59,60,61,62,63,64","111,316",62,205,13,0.4800936768149882,271,41,0.2037470725995316,0.1451990632318501,0.5585585585585585,62.0,,,,427,211.23076923076923,0.4946856422266258
P25524,1K6W,A,3,-0.90004,1,-0.09476,0,"350,384","347,348,349,350,351,352,353,381,382,383,384,385,386,387",55,"52,53,54,55,56,57,58","351,385",56,34,18,0.0796252927400468,94,42,0.1592505854800937,0.1311475409836065,0.1595441595441595,56.0,,,,427,50.333333333333336,0.1178766588602654
P25526,3JZ4,A,1,-0.24836,0,0.79602,1,"41,185","38,39,40,41,42,43,44,182,183,184,185,186,187,188",207,"204,205,206,207,208,209,210","42,186",208,144,31,0.2987551867219917,245,50,0.1804979253112033,,,,0.5684647302904564,0.9256756756756755,274.0,482,170.25806451612902,0.3532324989961183
P25526,3JZ4,A,2,-0.01108,0,0.74296,1,"101,320","98,99,100,101,102,103,104,317,318,319,320,321,322,323",327,"324,325,326,327,328,329,330","102,321",328,219,9,0.454356846473029,364,35,0.1078838174273859,,,,0.3195020746887966,0.9565217391304348,154.0,482,230.77777777777777,0.4787920700783771
P25526,3JZ4,A,3,0.94029,1,0.06441,0,"165,229","162,163,164,165,166,167,168,226,227,228,229,230,231,232",150,"147,148,149,150,151,152,153","166,230",151,64,19,0.1327800829875518,157,40,0.1680497925311203,0.3132780082987552,0.9096385542168676,151.0,,,,482,238.47368421052636,0.4947586809347019
P25526,3JZ4,A,4,0.19821,0,0.6038,1,"293,381","290,291,292,293,294,295,296,378,379,380,381,382,383,384",392,"389,390,391,392,393,394,395","294,382",393,88,6,0.1825726141078838,140,40,0.1514522821576763,,,,0.1846473029045643,0.89,89.0,482,112.5,0.233402489626556
P25526,3JZ4,A,5,1.03867,1,0.0173,0,"289,413","286,287,288,289,290,291,292,410,411,412,413,414,415,416",259,"256,257,258,259,260,261,262","290,414",260,124,19,0.2572614107883817,179,42,0.1659751037344398,0.5394190871369294,0.896551724137931,260.0,,,,482,146.52631578947367,0.3039965057872897
P25526,3JZ4,A,6,0.16621,0,-0.668,1,"312,355","309,310,311,312,313,314,315,352,353,354,355,356,357,358",368,"365,366,367,368,369,370,371","313,356",369,43,3,0.0892116182572614,90,39,0.1327800829875518,,,,0.2344398340248962,0.8968253968253969,113.0,482,44.66666666666666,0.0926694329183955
P25535,4K22,A,1,-0.35863,0,-0.67024,1,"82,256","79,80,81,82,83,84,85,253,254,255,256,257,258,259",271,"268,269,270,271,272,273,274","82,256",271,174,1,0.435,270,33,0.2125,,,,0.3225,0.8958333333333334,129.0,400,174.0,0.435
P25535,4K22,A,2,0.07047,0,-0.75156,1,"52,78","49,50,51,52,53,54,55,75,76,77,78,79,80,81",106,"103,104,105,106,107,108,109","52,78",106,26,2,0.065,64,42,0.1725,,,,0.735,0.9130434782608696,294.0,400,27.5,0.06875
P25535,4K22,A,3,-0.84851,1,0.09569,0,"222,263","219,220,221,222,223,224,225,260,261,262,263,264,265,266",192,"189,190,191,192,193,194,195","222,263",192,41,9,0.1025,79,34,0.1325,0.48,0.8648648648648649,192.0,,,,400,75.55555555555556,0.1888888888888888
P25535,4K22,A,4,-0.02065,0,-1.66084,2,"107,215","104,105,106,107,108,109,110,212,213,214,215,216,217,218","224,272","221,222,223,224,225,226,227,269,270,271,272,273,274,275","107,215","224,272",108,36,0.27,221,61,0.27,,,,0.32,0.6918918918918919,128.0,400,134.77777777777777,0.3369444444444444
P25535,4K22,A,5,-0.41516,0,-1.05139,3,"84,203","81,82,83,84,85,86,87,200,201,202,203,204,205,206","214,224,272","211,212,213,214,215,216,217,221,222,223,224,225,226,227,269,270,271,272,273,274,275","84,203","214,224,272",119,10,0.2975,244,79,0.2475,,,,0.32,0.649746192893401,128.0,400,121.0,0.3025
P25539,2G6V,B,1,0.8029,1,0.14422,0,"204,299","201,202,203,204,205,206,207,296,297,298,299,300,301,302",190,"187,188,189,190,191,192,193","204,299",190,95,27,0.2588555858310626,144,36,0.1989100817438692,0.5177111716621253,0.931372549019608,190.0,,,,367,164.03703703703704,0.4469674033706731
P25539,2G6V,B,2,0.09163,0,0.966,1,"146,282","143,144,145,146,147,148,149,279,280,281,282,283,284,285",297,"294,295,296,297,298,299,300","146,282",297,136,10,0.3705722070844686,200,41,0.2070844686648501,,,,0.1907356948228883,0.8235294117647058,70.0,367,140.5,0.38283378746594
P25552,6PBZ,A,1,0.15351,0,0.78207,1,"186,240","183,184,185,186,187,188,189,237,238,239,240,241,242,243",272,"269,270,271,272,273,274,275","186,240",272,54,22,0.1093117408906882,114,33,0.1234817813765182,,,,0.4493927125506073,0.8740157480314961,222.0,494,68.04545454545455,0.1377438351122561
P25553,2HG2,A,1,0.12507,0,-0.74488,1,"310,353","307,308,309,310,311,312,313,350,351,352,353,354,355,356",366,"363,364,365,366,367,368,369","310,353",366,43,2,0.0897703549060542,90,43,0.1356993736951983,,,,0.2359081419624217,0.8968253968253969,113.0,479,43.5,0.0908141962421711
P25553,2HG2,A,2,-0.31353,0,0.85147,1,"38,179","35,36,37,38,39,40,41,176,177,178,179,180,181,182",205,"202,203,204,205,206,207,208","38,179",205,141,20,0.2943632567849686,235,45,0.1670146137787056,,,,0.5720250521920668,0.9133333333333332,274.0,479,166.7,0.3480167014613778
P25553,2HG2,A,3,0.03954,0,0.8449,1,"98,317","95,96,97,98,99,100,101,314,315,316,317,318,319,320",325,"322,323,324,325,326,327,328","98,317",325,219,10,0.4572025052192067,366,35,0.1148225469728601,,,,0.3215031315240083,0.9506172839506172,154.0,479,241.3,0.5037578288100208
P25553,2HG2,A,4,0.96838,1,0.05277,0,"162,226","159,160,161,162,163,164,165,223,224,225,226,227,228,229",147,"144,145,146,147,148,149,150","162,226",147,64,18,0.1336116910229645,153,42,0.162839248434238,0.3068893528183716,0.9074074074074074,147.0,,,,479,235.16666666666663,0.4909533750869868
P25553,2HG2,A,5,0.24977,0,0.61619,1,"290,375","287,288,289,290,291,292,293,372,373,374,375,376,377,378",390,"387,388,389,390,391,392,393","290,375",390,85,6,0.1774530271398747,140,38,0.1524008350730689,,,,0.18580375782881,0.8557692307692307,89.0,479,119.66666666666669,0.2498260264439805
P25553,2HG2,A,6,0.7622,1,-0.01724,0,"285,411","282,283,284,285,286,287,288,408,409,410,411,412,413,414",255,"252,253,254,255,256,257,258","285,411",255,126,20,0.2630480167014614,188,44,0.1670146137787056,0.5323590814196242,0.8947368421052632,255.0,,,,479,153.55,0.3205636743215032
P25714,6AL2,A,1,0.0,0,-0.74217,1,"52,275","49,50,51,52,53,54,55,272,273,274,275,276,277,278",286,"283,284,285,286,287,288,289","52,275",286,223,1,0.406934306569343,279,41,0.1277372262773722,,,,0.4781021897810219,0.9597069597069596,262.0,548,223.0,0.406934306569343
P25714,6AL2,A,2,-0.6759,1,0.11106,0,"229,323","226,227,228,229,230,231,232,320,321,322,323,324,325,326",222,"219,220,221,222,223,224,225","229,323",222,94,4,0.1715328467153284,156,33,0.0930656934306569,0.4051094890510949,0.9694323144104804,222.0,,,,548,98.0,0.1788321167883211
P25714,6AL2,A,3,0.20085,0,-0.6275,1,"426,498","423,424,425,426,427,428,429,495,496,497,498,499,500,501",511,"508,509,510,511,512,513,514","426,498",511,72,7,0.1313868613138686,125,33,0.1222627737226277,,,,0.0675182481751824,0.74,37.0,548,96.42857142857144,0.1759645464025026
P25740,2IW1,A,1,-0.02102,0,1.3046,1,"13,204","10,11,12,13,14,15,16,201,202,203,204,205,206,207",266,"263,264,265,266,267,268,269","13,204",266,191,6,0.5106951871657754,261,27,0.1978609625668449,,,,0.2887700534759358,0.6352941176470588,108.0,374,212.16666666666663,0.5672905525846702
P25740,2IW1,A,2,0.94917,1,0.03128,0,"214,275","211,212,213,214,215,216,217,272,273,274,275,276,277,278",199,"196,197,198,199,200,201,202","214,275",199,61,39,0.1631016042780748,106,34,0.2005347593582887,0.5320855614973262,0.9299065420560748,199.0,,,,374,89.15384615384616,0.2383792677910325
P25746,1SDI,A,1,-0.63394,1,0.83724,1,"46,114","43,44,45,46,47,48,49,111,112,113,114,115,116,117","14,176","11,12,13,14,15,16,17,173,174,175,176,177,178,179","46,114","14,176",68,14,0.3192488262910798,115,51,0.3755868544600939,0.0657276995305164,0.3043478260869565,14.0,0.1737089201877934,0.3737373737373737,37.0,213,83.21428571428571,0.3906773977196512
P25746,1SDI,A,2,-0.63048,1,0.17063,0,"55,177","52,53,54,55,56,57,58,174,175,176,177,178,179,180",15,"12,13,14,15,16,17,18","55,177",15,122,16,0.5727699530516432,168,36,0.3098591549295774,0.0704225352112676,0.2727272727272727,15.0,,,,213,129.375,0.6073943661971831
P26281,5ETP,A,1,-1.39968,2,0.0,0,"54,158","51,52,53,54,55,56,57,155,156,157,158,159,160,161","5,40","2,3,4,5,6,7,8,37,38,39,40,41,42,43","55,159","6,41",104,33,0.6540880503144654,147,55,0.4276729559748428,0.0377358490566037,0.109090909090909,6.0,,,,159,80.3030303030303,0.505050505050505
P26281,5ETP,A,2,0.0,0,-0.73806,1,"0,30","-3,-2,-1,0,1,2,3,27,28,29,30,31,32,33",61,"58,59,60,61,62,63,64","1,31",62,30,2,0.1886792452830188,68,33,0.2955974842767295,,,,0.610062893081761,0.7578125,97.0,159,31.0,0.1949685534591195
P26602,1G1B,A,1,0.06803,0,-0.73616,5,"13,62","10,11,12,13,14,15,16,59,60,61,62,63,64,65","76,91,130,140,154","73,74,75,76,77,78,79,88,89,90,91,92,93,94,127,128,129,130,131,132,133,137,138,139,140,141,142,143,151,152,153,154,155,156,157","14,63","77,92,131,141,155",49,4,0.296969696969697,94,88,0.6121212121212121,,,,0.0606060606060606,0.0980392156862745,10.0,165,47.75,0.2893939393939393
P26602,1G1B,A,2,0.0,0,-0.77487,1,"8,89","5,6,7,8,9,10,11,86,87,88,89,90,91,92",155,"152,153,154,155,156,157,158","9,90",156,81,6,0.4909090909090909,129,36,0.3696969696969697,,,,0.0545454545454545,0.12,9.0,165,82.83333333333333,0.502020202020202
P26616,6AGS,A,1,0.61978,1,0.0,0,"40,562","37,38,39,40,41,42,43,559,560,561,562,563,564,565",26,"23,24,25,26,27,28,29","40,562",26,522,2,0.9238938053097344,553,25,0.0991150442477876,0.0460176991150442,0.65,26.0,,,,565,522.5,0.9247787610619468
P26616,6AGS,A,2,0.05652,0,0.83963,1,"126,166","123,124,125,126,127,128,129,163,164,165,166,167,168,169",194,"191,192,193,194,195,196,197","126,166",194,40,35,0.0707964601769911,95,39,0.1203539823008849,,,,0.6566371681415929,0.9298245614035088,371.0,565,67.77142857142857,0.1199494310998735
P26616,6AGS,A,3,0.89219,1,-0.00688,0,"179,244","176,177,178,179,180,181,182,241,242,243,244,245,246,247",150,"147,148,149,150,151,152,153","179,244",150,65,33,0.1150442477876106,134,40,0.1415929203539823,0.2654867256637168,0.8379888268156425,150.0,,,,565,272.5151515151515,0.4823277017967283
P26616,6AGS,A,4,0.60834,1,0.25055,0,"314,387","311,312,313,314,315,316,317,384,385,386,387,388,389,390",298,"295,296,297,298,299,300,301","314,387",298,73,4,0.1292035398230088,109,34,0.1256637168141593,0.5274336283185841,0.9490445859872612,298.0,,,,565,79.25,0.1402654867256637
P26646,1O8C,D,1,0.18829,0,-0.85587,1,"27,94","24,25,26,27,28,29,30,91,92,93,94,95,96,97",103,"100,101,102,103,104,105,106","27,94",103,67,7,0.2067901234567901,124,34,0.2037037037037037,,,,0.6820987654320988,0.9608695652173912,221.0,324,72.85714285714286,0.2248677248677248
P26646,1O8C,D,2,-0.89157,3,0.13584,0,"99,300","96,97,98,99,100,101,102,297,298,299,300,301,302,303","37,64,85","34,35,36,37,38,39,40,61,62,63,64,65,66,67,82,83,84,85,86,87,88","99,300","37,64,85",201,7,0.6203703703703703,257,78,0.3024691358024691,0.1141975308641975,0.3737373737373737,37.0,,,,324,217.57142857142856,0.6715167548500882
P26646,1O8C,D,3,0.62751,1,0.38158,0,"167,216","164,165,166,167,168,169,170,213,214,215,216,217,218,219",150,"147,148,149,150,151,152,153","167,216",150,49,5,0.1512345679012345,103,33,0.228395061728395,0.4629629629629629,0.8982035928143712,150.0,,,,324,60.0,0.1851851851851851
P26648,2UXV,A,1,-0.75701,1,0.01164,0,"420,433","417,418,419,420,421,422,423,430,431,432,433,434,435,436",403,"400,401,402,403,404,405,406","420,433",403,13,7,0.0276595744680851,57,38,0.1595744680851064,0.8574468085106383,0.9595238095238096,403.0,,,,470,46.57142857142857,0.0990881458966565
P26648,2UXV,A,2,-0.72023,1,0.08586,0,"115,144","112,113,114,115,116,117,118,141,142,143,144,145,146,147",101,"98,99,100,101,102,103,104","115,144",101,29,2,0.0617021276595744,91,32,0.1234042553191489,0.2148936170212766,0.8782608695652174,101.0,,,,470,29.5,0.0627659574468085
P26648,2UXV,A,3,0.05741,0,-0.87166,1,"230,255","227,228,229,230,231,232,233,252,253,254,255,256,257,258",281,"278,279,280,281,282,283,284","230,255",281,25,20,0.0531914893617021,85,32,0.1553191489361702,,,,0.4021276595744681,0.8790697674418605,189.0,470,102.75,0.2186170212765957
P27111,3HFU,C,1,0.71424,1,0.10532,0,"204,239","201,202,203,204,205,206,207,236,237,238,239,240,241,242",192,"189,190,191,192,193,194,195","204,239",192,35,1,0.1170568561872909,71,33,0.2274247491638795,0.6421404682274248,0.9411764705882352,192.0,,,,299,35.0,0.1170568561872909
P27111,3HFU,C,2,-0.01904,0,-0.70264,1,"145,160","142,143,144,145,146,147,148,157,158,159,160,161,162,163",266,"263,264,265,266,267,268,269","145,160",266,15,21,0.0501672240802675,42,31,0.1839464882943143,,,,0.1103678929765886,0.237410071942446,33.0,299,99.8095238095238,0.3338111164198121
P27111,3HFU,C,3,-0.78334,1,0.05073,0,"239,256","236,237,238,239,240,241,242,253,254,255,256,257,258,259",166,"163,164,165,166,167,168,169","239,256",166,17,28,0.0568561872909698,49,39,0.2006688963210702,0.5551839464882943,0.694560669456067,166.0,,,,299,71.0,0.2374581939799331
P27245,5H3R,A,1,0.08809,0,-0.61411,1,"56,89","53,54,55,56,57,58,59,86,87,88,89,90,91,92",96,"93,94,95,96,97,98,99","56,89",96,33,1,0.2291666666666666,57,25,0.2569444444444444,,,,0.3333333333333333,0.8727272727272727,48.0,144,33.0,0.2291666666666666
P27248,3A8J,A,1,-0.20311,0,0.85342,1,"25,47","22,23,24,25,26,27,28,44,45,46,47,48,49,50",218,"215,216,217,218,219,220,221","26,48",219,22,21,0.0604395604395604,65,35,0.1868131868131868,,,,0.3983516483516483,0.4588607594936709,145.0,364,114.66666666666669,0.315018315018315
P27248,3A8J,A,2,-0.95906,1,-0.95626,1,"109,182","106,107,108,109,110,111,112,179,180,181,182,183,184,185","54,195","51,52,53,54,55,56,57,192,193,194,195,196,197,198","110,183","55,196",73,24,0.2005494505494505,139,64,0.2445054945054945,0.1510989010989011,0.5,55.0,0.4615384615384615,0.9281767955801103,168.0,364,78.08333333333333,0.214514652014652
P27248,3A8J,A,3,0.78674,3,0.19694,0,"127,264","124,125,126,127,128,129,130,261,262,263,264,265,266,267","87,97,111","84,85,86,87,88,89,90,94,95,96,97,98,99,100,108,109,110,111,112,113,114","128,265","88,98,112",137,4,0.3763736263736263,236,68,0.2637362637362637,0.2417582417582417,0.6875,88.0,,,,364,129.0,0.3543956043956044
P27248,3A8J,A,4,-0.04679,0,-0.85187,1,"280,312","277,278,279,280,281,282,283,309,310,311,312,313,314,315",327,"324,325,326,327,328,329,330","281,313",328,32,21,0.0879120879120879,72,44,0.1758241758241758,,,,0.0989010989010989,0.7058823529411765,36.0,364,120.38095238095238,0.3307169021454735
P27248,3A8J,A,5,-0.8034,1,0.0,0,"326,353","323,324,325,326,327,328,329,350,351,352,353,354,355,356",281,"278,279,280,281,282,283,284","327,354",282,27,9,0.0741758241758241,64,34,0.195054945054945,0.7747252747252747,0.8623853211009175,282.0,,,,364,34.0,0.0934065934065934
P27250,7BU2,A,1,-0.62987,1,0.17589,0,"48,321","45,46,47,48,49,50,51,318,319,320,321,322,323,324",39,"36,37,38,39,40,41,42","48,321",39,273,1,0.8053097345132744,320,35,0.1887905604719764,0.1150442477876106,0.8125,39.0,,,,339,273.0,0.8053097345132744
P27250,7BU2,A,2,0.06607,0,-0.95775,1,"30,94","27,28,29,30,31,32,33,91,92,93,94,95,96,97",130,"127,128,129,130,131,132,133","30,94",130,64,4,0.1887905604719764,124,33,0.2094395280235988,,,,0.616519174041298,0.8530612244897959,209.0,339,83.25,0.245575221238938
P27250,7BU2,A,3,-1.03159,1,-0.65878,1,"108,159","105,106,107,108,109,110,111,156,157,158,159,160,161,162","91,287","88,89,90,91,92,93,94,284,285,286,287,288,289,290","108,159","91,287",51,9,0.1504424778761062,134,58,0.2566371681415929,0.2684365781710914,0.8425925925925926,91.0,0.1533923303834808,0.2888888888888888,52.0,339,115.22222222222224,0.3398885611274992
P27250,7BU2,A,4,0.7602,1,0.26893,0,"181,238","178,179,180,181,182,183,184,235,236,237,238,239,240,241",173,"170,171,172,173,174,175,176","181,238",173,57,2,0.168141592920354,102,36,0.2064896755162241,0.5103244837758112,0.9558011049723756,173.0,,,,339,69.0,0.2035398230088495
P27250,7BU2,A,5,-0.933,3,0.12343,0,"125,314","122,123,124,125,126,127,128,311,312,313,314,315,316,317","38,64,89","35,36,37,38,39,40,41,61,62,63,64,65,66,67,86,87,88,89,90,91,92","125,314","38,64,89",189,7,0.5575221238938053,247,75,0.2861356932153392,0.1120943952802359,0.304,38.0,,,,339,192.14285714285717,0.5667930889169827
P27296,6FWR,A,1,0.67522,1,0.2117,0,"92,248","89,90,91,92,93,94,95,245,246,247,248,249,250,251",82,"79,80,81,82,83,84,85","92,248",82,156,1,0.217877094972067,205,33,0.0851955307262569,0.1145251396648044,0.8913043478260869,82.0,,,,716,156.0,0.217877094972067
P27296,6FWR,A,2,0.09932,0,0.60247,1,"537,576","534,535,536,537,538,539,540,573,574,575,576,577,578,579",587,"584,585,586,587,588,589,590","537,576",587,39,4,0.0544692737430167,74,34,0.079608938547486,,,,0.1801675977653631,0.9214285714285714,129.0,716,42.0,0.0586592178770949
P27296,6FWR,A,3,0.50591,0,0.90383,1,"198,371","195,196,197,198,199,200,201,368,369,370,371,372,373,374",398,"395,396,397,398,399,400,401","198,371",398,173,3,0.2416201117318435,285,25,0.0824022346368715,,,,0.4441340782122905,0.9217391304347826,318.0,716,175.66666666666666,0.2453445065176908
P27296,6FWR,A,4,0.92224,1,0.0,0,"524,695","521,522,523,524,525,526,527,692,693,694,695,696,697,698",501,"498,499,500,501,502,503,504","524,695",501,171,14,0.2388268156424581,217,32,0.0782122905027933,0.6997206703910615,0.9561068702290076,501.0,,,,716,177.71428571428572,0.2482043096568236
P27296,6FWR,A,5,0.65417,1,0.70816,1,"470,640","467,468,469,470,471,472,473,637,638,639,640,641,642,643","462,668","459,460,461,462,463,464,465,665,666,667,668,669,670,671","470,640","462,668",170,30,0.2374301675977653,256,68,0.1298882681564245,0.6452513966480447,0.9829787234042552,462.0,0.0670391061452514,0.631578947368421,48.0,716,174.06666666666666,0.2431098696461825
P27296,6FWR,A,6,1.11671,3,0.0,0,"553,701","550,551,552,553,554,555,556,698,699,700,701,702,703,704","501,520,539","498,499,500,501,502,503,504,517,518,519,520,521,522,523,536,537,538,539,540,541,542","553,701","501,520,539",148,7,0.2067039106145251,214,98,0.1480446927374301,0.6997206703910615,0.9059674502712476,501.0,,,,716,138.85714285714286,0.1939345570630486
P27296,6FWR,A,7,-0.75531,1,0.075,0,"170,206","167,168,169,170,171,172,173,203,204,205,206,207,208,209",118,"115,116,117,118,119,120,121","170,206",118,36,4,0.0502793296089385,65,27,0.0698324022346368,0.164804469273743,0.6941176470588235,118.0,,,,716,39.0,0.0544692737430167
P27302,6TJ8,B,1,0.77505,1,-0.07618,0,"505,537","502,503,504,505,506,507,508,534,535,536,537,538,539,540",494,"491,492,493,494,495,496,497","505,537",494,32,6,0.0482654600301659,92,44,0.1206636500754147,0.7450980392156863,0.9782178217821782,494.0,,,,663,58.333333333333336,0.0879839115133232
P27302,6TJ8,B,2,0.0266,0,0.75197,1,"181,228","178,179,180,181,182,183,184,225,226,227,228,229,230,231",241,"238,239,240,241,242,243,244","181,228",241,47,21,0.0708898944193061,94,43,0.1070889894419306,,,,0.6365007541478129,0.9701149425287356,422.0,663,158.8095238095238,0.2395317101199454
P27302,6TJ8,B,3,-0.02234,0,0.81103,1,"458,503","455,456,457,458,459,460,461,500,501,502,503,504,505,506",516,"513,514,515,516,517,518,519","458,503",516,45,44,0.0678733031674208,124,49,0.1191553544494721,,,,0.2217194570135746,0.91875,147.0,663,130.47727272727272,0.1967982997394761
P27302,6TJ8,B,4,-0.06256,0,0.78215,1,"543,561","540,541,542,543,544,545,546,558,559,560,561,562,563,564",580,"577,578,579,580,581,582,583","543,561",580,18,21,0.0271493212669683,57,41,0.1040723981900452,,,,0.1251885369532428,0.8137254901960784,83.0,663,53.0,0.0799396681749622
P27302,6TJ8,B,5,0.60496,1,0.05674,0,"390,430","387,388,389,390,391,392,393,427,428,429,430,431,432,433",376,"373,374,375,376,377,378,379","390,430",376,40,11,0.0603318250377073,107,33,0.1101055806938159,0.5671191553544495,0.964102564102564,376.0,,,,663,55.72727272727273,0.0840532017002605
P27302,6TJ8,B,6,0.83494,1,0.09508,0,"564,611","561,562,563,564,565,566,567,608,609,610,611,612,613,614",554,"551,552,553,554,555,556,557","564,611",554,47,16,0.0708898944193061,104,38,0.1191553544494721,0.8355957767722474,0.9822695035460992,554.0,,,,663,82.5,0.1244343891402715
P27302,6TJ8,B,7,0.66767,3,0.06014,0,"128,405","125,126,127,128,129,130,131,402,403,404,405,406,407,408","9,27,47","6,7,8,9,10,11,12,24,25,26,27,28,29,30,44,45,46,47,48,49,50","128,405","9,27,47",277,15,0.4177978883861237,390,92,0.2383107088989442,0.0135746606334841,0.0703125,9.0,,,,663,298.1333333333333,0.4496732026143791
P27302,6TJ8,B,8,0.63843,3,0.66749,1,"132,396","129,130,131,132,133,134,135,393,394,395,396,397,398,399","9,29,46,403","6,7,8,9,10,11,12,26,27,28,29,30,31,32,43,44,45,46,47,48,49,400,401,402,403,404,405,406","132,396","9,29,46,403",264,28,0.3981900452488687,387,123,0.2187028657616893,0.0135746606334841,0.0681818181818181,9.0,0.392156862745098,0.9737827715355806,260.0,663,238.92857142857144,0.3603749191984486
P27302,6TJ8,B,9,0.67589,5,0.12561,0,"169,406","166,167,168,169,170,171,172,403,404,405,406,407,408,409","12,29,47,126,150","9,10,11,12,13,14,15,26,27,28,29,30,31,32,44,45,46,47,48,49,50,123,124,125,126,127,128,129,147,148,149,150,151,152,153","169,406","12,29,47,126,150",237,14,0.3574660633484163,353,144,0.2835595776772247,0.0180995475113122,0.0710059171597633,12.0,,,,663,246.07142857142856,0.3711484593837535
P27302,6TJ8,B,10,0.65928,5,0.74446,1,"173,396","170,171,172,173,174,175,176,393,394,395,396,397,398,399","12,30,47,126,150,403","9,10,11,12,13,14,15,27,28,29,30,31,32,33,44,45,46,47,48,49,50,123,124,125,126,127,128,129,147,148,149,150,151,152,153,400,401,402,403,404,405,406","173,396","12,30,47,126,150,403",223,2,0.3363499245852187,347,175,0.2941176470588235,0.0180995475113122,0.0693641618497109,12.0,0.392156862745098,0.9737827715355806,260.0,663,223.5,0.33710407239819
P27305,4A91,A,1,0.67745,1,0.14352,0,"19,235","16,17,18,19,20,21,22,232,233,234,235,236,237,238",9,"6,7,8,9,10,11,12","29,245",19,216,3,0.7012987012987013,258,34,0.2207792207792207,0.0616883116883116,0.6551724137931034,19.0,,,,308,217.33333333333331,0.7056277056277056
P27305,4A91,A,2,-0.7953,1,-0.11035,0,"121,134","118,119,120,121,122,123,124,131,132,133,134,135,136,137",100,"97,98,99,100,101,102,103","131,144",110,13,14,0.0422077922077922,36,34,0.172077922077922,0.3571428571428571,0.8396946564885496,110.0,,,,308,31.785714285714285,0.1032003710575139
P27431,4CCL,B,1,-0.03008,0,-1.85275,2,"21,144","18,19,20,21,22,23,24,141,142,143,144,145,146,147","177,197","174,175,176,177,178,179,180,194,195,196,197,198,199,200","21,144","177,197",123,59,0.3297587131367292,199,58,0.2386058981233244,,,,0.4718498659517426,0.7685589519650655,176.0,373,137.11864406779662,0.3676103058117872
P27431,4CCL,B,2,-0.6367,1,-1.78012,2,"61,155","58,59,60,61,62,63,64,152,153,154,155,156,157,158","54,161,187","51,52,53,54,55,56,57,158,159,160,161,162,163,164,184,185,186,187,188,189,190","61,155","54,161,187",94,22,0.2520107238605898,186,79,0.2117962466487935,0.1447721179624665,0.8852459016393442,54.0,0.4986595174262734,0.8532110091743119,186.0,373,59.40909090909091,0.1592737021691445
P27431,4CCL,B,3,-0.09671,0,-0.78549,1,"107,130","104,105,106,107,108,109,110,127,128,129,130,131,132,133",201,"198,199,200,201,202,203,204","107,130",201,23,4,0.0616621983914209,83,28,0.1581769436997319,,,,0.4611260053619302,0.7078189300411523,172.0,373,100.0,0.2680965147453083
P27431,4CCL,B,4,-0.78203,1,0.11675,0,"172,192","169,170,171,172,173,174,175,189,190,191,192,193,194,195",140,"137,138,139,140,141,142,143","172,192",140,20,6,0.0536193029490616,76,31,0.1340482573726541,0.3753351206434316,0.813953488372093,140.0,,,,373,24.33333333333333,0.065236818588025
P27828,1VGV,A,1,0.98725,1,0.0775,0,"232,287","229,230,231,232,233,234,235,284,285,286,287,288,289,290",208,"205,206,207,208,209,210,211","232,287",208,55,19,0.1462765957446808,100,33,0.1702127659574468,0.5531914893617021,0.896551724137931,208.0,,,,376,97.0,0.2579787234042553
P27833,4ZAH,A,1,-0.14536,0,-0.69936,1,"292,320","289,290,291,292,293,294,295,317,318,319,320,321,322,323",350,"347,348,349,350,351,352,353","292,320",350,28,1,0.0744680851063829,62,35,0.1888297872340425,,,,0.0691489361702127,0.4642857142857143,26.0,376,28.0,0.0744680851063829
P27833,4ZAH,A,2,0.0,0,-1.63459,2,"5,179","2,3,4,5,6,7,8,176,177,178,179,180,181,182","191,243","188,189,190,191,192,193,194,240,241,242,243,244,245,246","5,179","191,243",174,12,0.4627659574468085,256,75,0.2819148936170212,,,,0.3537234042553192,0.6751269035532995,133.0,376,159.91666666666666,0.4253102836879432
P27833,4ZAH,A,3,0.65029,1,0.27462,0,"88,124","85,86,87,88,89,90,91,121,122,123,124,125,126,127",74,"71,72,73,74,75,76,77","88,124",74,36,4,0.0957446808510638,92,38,0.1968085106382978,0.1968085106382978,0.8409090909090909,74.0,,,,376,46.5,0.1236702127659574
P27862,1VI7,A,1,-0.70151,1,0.00889,0,"97,136","94,95,96,97,98,99,100,133,134,135,136,137,138,139",9,"6,7,8,9,10,11,12","94,133",6,39,1,0.1911764705882352,102,29,0.2892156862745098,0.0294117647058823,0.0638297872340425,6.0,,,,204,39.0,0.1911764705882352
P27862,1VI7,A,2,-0.85968,1,0.0,0,"177,205","174,175,176,177,178,179,180,202,203,204,205,206,207,208",142,"139,140,141,142,143,144,145","174,202",139,28,1,0.1372549019607843,55,27,0.230392156862745,0.6813725490196079,0.7988505747126436,139.0,,,,204,28.0,0.1372549019607843
P27862,1VI7,A,3,0.01088,0,-0.65456,1,"139,162","136,137,138,139,140,141,142,159,160,161,162,163,164,165",179,"176,177,178,179,180,181,182","136,159",176,23,2,0.1127450980392156,50,32,0.25,,,,0.1372549019607843,0.6222222222222222,28.0,204,24.0,0.1176470588235294
P28248,1XS1,C,1,0.0,0,-0.94169,1,"2,106","-1,0,1,2,3,4,5,103,104,105,106,107,108,109",159,"156,157,158,159,160,161,162","2,106",159,104,1,0.538860103626943,162,31,0.2849740932642487,,,,0.1761658031088082,0.3908045977011494,34.0,193,104.0,0.538860103626943
P28248,1XS1,C,2,0.00874,0,-0.80679,1,"88,122","85,86,87,88,89,90,91,119,120,121,122,123,124,125",138,"135,136,137,138,139,140,141","88,122",138,34,1,0.1761658031088082,99,38,0.3212435233160621,,,,0.2849740932642487,0.7746478873239436,55.0,193,34.0,0.1761658031088082
P28248,1XS1,C,3,-0.69902,1,-0.15702,0,"69,90","66,67,68,69,70,71,72,87,88,89,90,91,92,93",42,"39,40,41,42,43,44,45","69,90",42,21,13,0.1088082901554404,54,34,0.310880829015544,0.2176165803108808,0.6086956521739131,42.0,,,,193,117.6153846153846,0.6094061379035473
P28248,1XS1,C,4,-0.6979,1,-0.02871,0,"129,163","126,127,128,129,130,131,132,160,161,162,163,164,165,166",103,"100,101,102,103,104,105,106","129,163",103,34,14,0.1761658031088082,107,31,0.2590673575129533,0.533678756476684,0.7984496124031008,103.0,,,,193,43.42857142857143,0.2250185048112509
P28304,1QOR,B,1,-0.6441,1,0.13154,0,"61,311","58,59,60,61,62,63,64,308,309,310,311,312,313,314",39,"36,37,38,39,40,41,42","61,311",39,250,1,0.764525993883792,301,36,0.2507645259938837,0.1192660550458715,0.639344262295082,39.0,,,,327,250.0,0.764525993883792
P28304,1QOR,B,2,0.73696,1,0.19941,0,"153,238","150,151,152,153,154,155,156,235,236,237,238,239,240,241",145,"142,143,144,145,146,147,148","153,238",145,85,1,0.2599388379204893,133,33,0.2599388379204893,0.4434250764525994,0.9477124183006536,145.0,,,,327,85.0,0.2599388379204893
P28304,1QOR,B,3,-0.96048,3,0.12666,0,"97,304","94,95,96,97,98,99,100,301,302,303,304,305,306,307","38,64,87","35,36,37,38,39,40,41,61,62,63,64,65,66,67,84,85,86,87,88,89,90","97,304","38,64,87",207,7,0.6330275229357798,261,67,0.2966360856269113,0.1162079510703364,0.3917525773195876,38.0,,,,327,216.0,0.6605504587155964
P28305,1I2K,A,1,0.08041,0,0.70856,1,"83,142","80,81,82,83,84,85,86,139,140,141,142,143,144,145",162,"159,160,161,162,163,164,165","83,142",162,59,20,0.2193308550185873,127,35,0.3308550185873606,,,,0.3977695167286245,0.84251968503937,107.0,269,106.6,0.3962825278810408
P28305,1I2K,A,2,0.61424,1,0.05257,0,"38,200","35,36,37,38,39,40,41,197,198,199,200,201,202,203",26,"23,24,25,26,27,28,29","38,200",26,162,3,0.6022304832713755,225,40,0.2825278810408922,0.0966542750929368,0.6842105263157895,26.0,,,,269,186.0,0.6914498141263941
P28306,2R1F,B,1,-0.01079,0,-0.74723,1,"158,250","155,156,157,158,159,160,161,247,248,249,250,251,252,253",283,"280,281,282,283,284,285,286","158,250",283,92,7,0.2705882352941176,166,44,0.2058823529411764,,,,0.1676470588235294,0.6333333333333333,57.0,340,108.57142857142856,0.3193277310924369
P28306,2R1F,B,2,-0.7441,1,-0.05835,0,"233,294","230,231,232,233,234,235,236,291,292,293,294,295,296,297",212,"209,210,211,212,213,214,215","233,294",212,61,37,0.1794117647058823,108,37,0.2176470588235294,0.6235294117647059,0.9098712446351932,212.0,,,,340,73.5945945945946,0.2164546899841017
P28629,2VYC,A,1,-0.07519,0,-0.93519,1,"218,382","215,216,217,218,219,220,221,379,380,381,382,383,384,385",398,"395,396,397,398,399,400,401","218,382",398,164,2,0.2172185430463576,254,41,0.1019867549668874,,,,0.4728476821192053,0.9571045576407506,357.0,755,167.0,0.2211920529801324
P28629,2VYC,A,2,-1.08008,1,-0.09649,0,"387,583","384,385,386,387,388,389,390,580,581,582,583,584,585,586",227,"224,225,226,227,228,229,230","387,583",227,196,5,0.2596026490066225,308,32,0.0980132450331125,0.3006622516556291,0.58656330749354,227.0,,,,755,334.6,0.4431788079470199
P28629,2VYC,A,3,-0.60145,1,-0.72312,1,"323,571","320,321,322,323,324,325,326,568,569,570,571,572,573,574","226,578","223,224,225,226,227,228,229,575,576,577,578,579,580,581","323,571","226,578",248,3,0.3284768211920529,353,66,0.1350993377483443,0.2993377483443709,0.6996904024767802,226.0,0.2344370860927152,0.9619565217391304,177.0,755,248.33333333333331,0.3289183222958057
P28629,2VYC,A,4,-0.77881,1,-0.65501,1,"572,699","569,570,571,572,573,574,575,696,697,698,699,700,701,702","556,706","553,554,555,556,557,558,559,703,704,705,706,707,708,709","572,699","556,706",127,11,0.1682119205298013,228,69,0.1284768211920529,0.7364238410596027,0.972027972027972,556.0,0.0649006622516556,0.875,49.0,755,82.27272727272727,0.1089704996989765
P28629,2VYC,A,5,-0.62941,1,-0.68081,1,"324,479","321,322,323,324,325,326,327,476,477,478,479,480,481,482","226,533","223,224,225,226,227,228,229,530,531,532,533,534,535,536","324,479","226,533",155,110,0.2052980132450331,263,68,0.1350993377483443,0.2993377483443709,0.6975308641975309,226.0,0.2940397350993377,0.8043478260869565,222.0,755,219.23636363636365,0.2903792895845876
P28629,2VYC,A,6,0.64428,1,0.22935,0,"258,317","255,256,257,258,259,260,261,314,315,316,317,318,319,320",248,"245,246,247,248,249,250,251","258,317",248,59,3,0.0781456953642384,129,35,0.0980132450331125,0.3284768211920529,0.9612403100775194,248.0,,,,755,78.33333333333333,0.1037527593818984
P28630,1JR3,D,1,0.0,0,0.84416,1,"3,122","0,1,2,3,4,5,6,119,120,121,122,123,124,125",135,"132,133,134,135,136,137,138","3,122",135,119,3,0.3469387755102041,141,29,0.1428571428571428,,,,0.6064139941690962,0.9411764705882352,208.0,343,123.0,0.358600583090379
P28630,1JR3,D,2,0.72832,1,0.04709,0,"34,137","31,32,33,34,35,36,37,134,135,136,137,138,139,140",21,"18,19,20,21,22,23,24","34,137",21,103,9,0.3002915451895043,130,37,0.1749271137026239,0.0612244897959183,0.6176470588235294,21.0,,,,343,115.11111111111111,0.3356009070294785
P28631,1JR3,E,1,-0.02095,0,0.9168,1,"26,132","23,24,25,26,27,28,29,129,130,131,132,133,134,135",142,"139,140,141,142,143,144,145","26,132",142,106,3,0.3173652694610778,152,34,0.18562874251497,,,,0.5748502994011976,0.9504950495049505,192.0,334,107.66666666666669,0.3223552894211577
P28631,1JR3,E,2,0.62769,1,0.05413,0,"40,164","37,38,39,40,41,42,43,161,162,163,164,165,166,167",28,"25,26,27,28,29,30,31","40,164",28,124,2,0.3712574850299401,149,35,0.1946107784431137,0.0838323353293413,0.7,28.0,,,,334,125.5,0.3757485029940119
P28632,1EM8,B,1,0.79978,1,0.12448,0,"57,88","54,55,56,57,58,59,60,85,86,87,88,89,90,91",40,"37,38,39,40,41,42,43","57,88",40,31,15,0.2262773722627737,70,32,0.4671532846715328,0.291970802919708,0.7017543859649122,40.0,,,,137,58.66666666666666,0.4282238442822384
P28635,4YAH,X,1,0.64836,1,-0.83211,1,"45,110","42,43,44,45,46,47,48,107,108,109,110,111,112,113","36,230","33,34,35,36,37,38,39,227,228,229,230,231,232,233","45,110","36,230",65,30,0.2398523985239852,117,66,0.3468634686346863,0.1328413284132841,0.8,36.0,0.1512915129151291,0.2546583850931677,41.0,271,107.63333333333334,0.3971709717097171
P28635,4YAH,X,2,-0.77075,3,-0.03586,0,"163,226","160,161,162,163,164,165,166,223,224,225,226,227,228,229","115,134,144","112,113,114,115,116,117,118,131,132,133,134,135,136,137,141,142,143,144,145,146,147","163,226","115,134,144",63,6,0.2324723247232472,125,83,0.3837638376383764,0.4243542435424354,0.7055214723926381,115.0,,,,271,51.833333333333336,0.1912669126691267
P28635,4YAH,X,3,0.61886,1,-0.11755,0,"45,250","42,43,44,45,46,47,48,247,248,249,250,251,252,253",37,"34,35,36,37,38,39,40","45,250",37,205,6,0.7564575645756457,235,34,0.2435424354243542,0.1365313653136531,0.8222222222222222,37.0,,,,271,213.66666666666663,0.7884378843788438
P28635,4YAH,X,4,-0.97903,1,0.0,0,"228,270","225,226,227,228,229,230,231,267,268,269,270,271,272,273",108,"105,106,107,108,109,110,111","228,270",108,42,13,0.1549815498154981,91,32,0.1845018450184501,0.3985239852398524,0.4736842105263157,108.0,,,,271,60.07692307692308,0.2216860630144763
P28861,1FDR,A,1,0.0,0,-0.74353,1,"4,38","1,2,3,4,5,6,7,35,36,37,38,39,40,41",90,"87,88,89,90,91,92,93","4,38",90,34,3,0.1370967741935483,86,31,0.2298387096774193,,,,0.6370967741935484,0.7523809523809524,158.0,248,35.0,0.1411290322580645
P28861,1FDR,A,2,0.75786,1,0.08612,0,"121,210","118,119,120,121,122,123,124,207,208,209,210,211,212,213",110,"107,108,109,110,111,112,113","121,210",110,89,6,0.3588709677419355,133,33,0.3104838709677419,0.4435483870967742,0.9090909090909092,110.0,,,,248,102.33333333333331,0.4126344086021505
P28905,1EM8,A,1,0.64762,1,0.2259,0,"52,99","49,50,51,52,53,54,55,96,97,98,99,100,101,102",41,"38,39,40,41,42,43,44","52,99",41,47,1,0.3197278911564626,80,34,0.4557823129251701,0.2789115646258503,0.7884615384615384,41.0,,,,147,47.0,0.3197278911564626
P29208,1FHV,A,1,0.00346,0,0.8976,1,"104,272","101,102,103,104,105,106,107,269,270,271,272,273,274,275",287,"284,285,286,287,288,289,290","104,272",287,168,23,0.525,216,28,0.184375,,,,0.103125,0.6875,33.0,320,188.5217391304348,0.5891304347826087
P29208,1FHV,A,2,-0.08637,0,1.01697,3,"92,242","89,90,91,92,93,94,95,239,240,241,242,243,244,245","261,276,287","258,259,260,261,262,263,264,273,274,275,276,277,278,279,284,285,286,287,288,289,290","92,242","261,276,287",150,24,0.46875,209,62,0.315625,,,,0.103125,0.4230769230769231,33.0,320,162.83333333333334,0.5088541666666667
P29745,1VIX,A,1,-0.02883,0,1.0554,1,"38,79","35,36,37,38,39,40,41,76,77,78,79,80,81,82",163,"160,161,162,163,164,165,166","38,79",163,41,65,0.1004901960784313,96,37,0.2279411764705882,,,,0.6004901960784313,0.7446808510638298,245.0,408,98.6,0.2416666666666666
P29745,1VIX,A,2,0.77675,1,0.16356,0,"140,174","137,138,139,140,141,142,143,171,172,173,174,175,176,177",77,"74,75,76,77,78,79,80","140,174",77,34,92,0.0833333333333333,109,41,0.213235294117647,0.1887254901960784,0.55,77.0,,,,408,236.15217391304347,0.5788043478260869
P29745,1VIX,A,3,-0.00064,0,0.97912,1,"193,331","190,191,192,193,194,195,196,328,329,330,331,332,333,334",368,"365,366,367,368,369,370,371","193,331",368,138,7,0.3382352941176471,186,36,0.1519607843137254,,,,0.0980392156862745,0.5194805194805194,40.0,408,141.0,0.3455882352941176
P29745,1VIX,A,4,0.71013,1,0.1187,0,"345,372","342,343,344,345,346,347,348,369,370,371,372,373,374,375",202,"199,200,201,202,203,204,205","345,372",202,27,45,0.0661764705882353,74,35,0.1691176470588235,0.4950980392156863,0.5855072463768116,202.0,,,,408,48.15555555555556,0.1180283224400871
P30014,3V9X,B,1,0.91433,3,-0.44766,0,"78,181","75,76,77,78,79,80,81,178,179,180,181,182,183,184","23,38,61","20,21,22,23,24,25,26,35,36,37,38,39,40,41,58,59,60,61,62,63,64","78,181","23,38,61",103,2,0.4790697674418605,151,70,0.4046511627906977,0.1069767441860465,0.2948717948717949,23.0,,,,215,103.5,0.4813953488372093
P30014,3V9X,B,2,1.07416,1,-0.35988,0,"40,183","37,38,39,40,41,42,43,180,181,182,183,184,185,186",22,"19,20,21,22,23,24,25","40,183",22,143,14,0.6651162790697674,191,39,0.2976744186046511,0.1023255813953488,0.55,22.0,,,,215,146.21428571428572,0.6800664451827243
P30125,1CM7,A,1,-0.77175,1,-0.04934,0,"135,311","132,133,134,135,136,137,138,308,309,310,311,312,313,314",109,"106,107,108,109,110,111,112","135,311",109,176,1,0.4848484848484848,242,35,0.2121212121212121,0.3002754820936639,0.8074074074074075,109.0,,,,363,176.0,0.4848484848484848
P30125,1CM7,A,2,0.67503,1,-0.00787,0,"23,72","20,21,22,23,24,25,26,69,70,71,72,73,74,75",8,"5,6,7,8,9,10,11","23,72",8,49,14,0.1349862258953168,104,36,0.2121212121212121,0.0220385674931129,0.3478260869565217,8.0,,,,363,214.57142857142856,0.5911058638331366
P30125,1CM7,A,3,-0.17278,0,0.69888,1,"134,233","131,132,133,134,135,136,137,230,231,232,233,234,235,236",245,"242,243,244,245,246,247,248","134,233",245,99,5,0.2727272727272727,134,36,0.2011019283746556,,,,0.325068870523416,0.9076923076923076,118.0,363,107.0,0.2947658402203856
P30125,1CM7,A,4,0.66913,1,0.06722,0,"209,244","206,207,208,209,210,211,212,241,242,243,244,245,246,247",191,"188,189,190,191,192,193,194","209,244",191,35,6,0.0964187327823691,80,38,0.2066115702479339,0.5261707988980716,0.9138755980861244,191.0,,,,363,42.0,0.1157024793388429
P30128,2P4V,A,1,-0.73204,1,0.0,0,"104,156","101,102,103,104,105,106,107,153,154,155,156,157,158,159",89,"86,87,88,89,90,91,92","104,156",89,52,1,0.3291139240506329,81,28,0.3354430379746835,0.5632911392405063,0.8557692307692307,89.0,,,,158,52.0,0.3291139240506329
P30130,3RFZ,B,1,-0.01958,0,-0.81791,1,"667,690","664,665,666,667,668,669,670,687,688,689,690,691,692,693",701,"698,699,700,701,702,703,704","712,735",746,23,10,0.0261958997722095,82,37,0.0763097949886104,,,,0.1503416856492027,0.9230769230769232,132.0,878,68.5,0.0780182232346241
P30130,3RFZ,B,2,-0.60532,1,-0.06829,0,"289,325","286,287,288,289,290,291,292,322,323,324,325,326,327,328",252,"249,250,251,252,253,254,255","334,370",297,36,2,0.041002277904328,99,32,0.0694760820045558,0.3382687927107061,0.8892215568862275,297.0,,,,878,36.5,0.0415717539863325
P30130,3RFZ,B,3,-0.08168,0,-0.71399,1,"748,776","745,746,747,748,749,750,751,773,774,775,776,777,778,779",790,"787,788,789,790,791,792,793","793,821",835,28,2,0.0318906605922551,75,35,0.0694760820045558,,,,0.0489749430523918,0.7543859649122807,43.0,878,29.0,0.0330296127562642
P30131,1GXT,A,1,-0.77403,2,0.0,0,"50,88","47,48,49,50,51,52,53,85,86,87,88,89,90,91","9,36","6,7,8,9,10,11,12,33,34,35,36,37,38,39","50,88","9,36",38,5,0.0506666666666666,73,57,0.0813333333333333,0.012,0.18,9.0,,,,750,40.6,0.0541333333333333
P30138,1ZFN,A,1,0.79365,1,-0.08611,0,"47,123","44,45,46,47,48,49,50,120,121,122,123,124,125,126",32,"29,30,31,32,33,34,35","47,123",32,76,14,0.3027888446215139,123,37,0.2948207171314741,0.1274900398406374,0.6808510638297872,32.0,,,,251,139.85714285714286,0.5571997723392146
P30138,1ZFN,A,2,0.78326,1,-0.22249,0,"70,189","67,68,69,70,71,72,73,186,187,188,189,190,191,192",56,"53,54,55,56,57,58,59","70,189",56,119,5,0.4741035856573705,186,38,0.3107569721115538,0.2231075697211155,0.8,56.0,,,,251,121.2,0.4828685258964144
P30138,1ZFN,A,3,-0.694,1,-0.18252,0,"160,216","157,158,159,160,161,162,163,213,214,215,216,217,218,219",150,"147,148,149,150,151,152,153","160,216",150,56,9,0.2231075697211155,115,40,0.2788844621513944,0.5976095617529881,0.9375,150.0,,,,251,59.44444444444444,0.2368304559539619
P30177,4MUO,A,1,1.2633,2,-0.01931,0,"126,231","123,124,125,126,127,128,129,228,229,230,231,232,233,234","86,115","83,84,85,86,87,88,89,112,113,114,115,116,117,118","126,231","86,115",105,2,0.328125,181,55,0.284375,0.26875,0.6825396825396826,86.0,,,,320,105.5,0.3296875
P30177,4MUO,A,2,-0.0068,0,0.62694,1,"113,148","110,111,112,113,114,115,116,145,146,147,148,149,150,151",155,"152,153,154,155,156,157,158","113,148",155,35,11,0.109375,81,37,0.196875,,,,0.515625,0.9593023255813954,165.0,320,61.81818181818182,0.1931818181818181
P30177,4MUO,A,3,0.81005,1,0.07222,0,"101,199","98,99,100,101,102,103,104,196,197,198,199,200,201,202",84,"81,82,83,84,85,86,87","101,199",84,98,17,0.30625,165,38,0.246875,0.2625,0.8316831683168316,84.0,,,,320,134.1764705882353,0.4193014705882353
P30178,2G8Y,A,1,0.11752,0,-0.85267,1,"116,251","113,114,115,116,117,118,119,248,249,250,251,252,253,254",271,"268,269,270,271,272,273,274","116,251",271,135,6,0.3739612188365651,192,41,0.185595567867036,,,,0.2493074792243767,0.8181818181818182,90.0,361,141.66666666666666,0.3924284395198522
P30178,2G8Y,A,2,-0.79559,1,-0.86827,1,"157,207","154,155,156,157,158,159,160,204,205,206,207,208,209,210","149,227","146,147,148,149,150,151,152,224,225,226,227,228,229,230","157,207","149,227",50,10,0.1385041551246537,113,60,0.1966759002770083,0.4127423822714681,0.9490445859872612,149.0,0.371191135734072,0.8701298701298701,134.0,361,57.8,0.1601108033240997
P30750,3TUI,C,1,0.0116,0,0.72944,1,"33,187","30,31,32,33,34,35,36,184,185,186,187,188,189,190",196,"193,194,195,196,197,198,199","33,187",196,154,3,0.4489795918367347,201,40,0.1749271137026239,,,,0.4285714285714285,0.9423076923076924,147.0,343,155.0,0.4518950437317784
P30750,3TUI,C,2,-0.07638,0,-0.75148,1,"268,297","265,266,267,268,269,270,271,294,295,296,297,298,299,300",314,"311,312,313,314,315,316,317","268,297",314,29,14,0.0845481049562682,69,32,0.1574344023323615,,,,0.0845481049562682,0.6304347826086957,29.0,343,65.5,0.1909620991253644
P30750,3TUI,C,3,-0.73893,1,0.0,0,"313,340","310,311,312,313,314,315,316,337,338,339,340,341,342,343",269,"266,267,268,269,270,271,272","313,340",269,27,2,0.0787172011661807,59,33,0.1690962099125364,0.7842565597667639,0.8594249201277955,269.0,,,,343,27.5,0.0801749271137026
P30850,2IX1,A,1,0.65019,1,-0.01193,0,"102,548","99,100,101,102,103,104,105,545,546,547,548,549,550,551",87,"84,85,86,87,88,89,90","102,548",87,446,2,0.6925465838509317,492,34,0.1195652173913043,0.1350931677018633,0.8529411764705882,87.0,,,,644,490.0,0.7608695652173914
P30850,2IX1,A,2,0.70409,1,0.18147,0,"214,336","211,212,213,214,215,216,217,333,334,335,336,337,338,339",198,"195,196,197,198,199,200,201","214,336",198,122,20,0.1894409937888198,209,34,0.1024844720496894,0.3074534161490683,0.9252336448598132,198.0,,,,644,201.85,0.3134316770186335
P30850,2IX1,A,3,0.04741,0,0.80807,1,"193,278","190,191,192,193,194,195,196,275,276,277,278,279,280,281",305,"302,303,304,305,306,307,308","193,278",305,85,4,0.1319875776397515,162,39,0.0760869565217391,,,,0.5263975155279503,0.9262295081967212,339.0,644,91.5,0.1420807453416149
P30850,2IX1,A,4,0.17926,0,-0.97153,1,"255,366","252,253,254,255,256,257,258,363,364,365,366,367,368,369",388,"385,386,387,388,389,390,391","255,366",388,111,8,0.1723602484472049,210,25,0.1009316770186335,,,,0.3975155279503105,0.920863309352518,256.0,644,174.375,0.2707686335403726
P30850,2IX1,A,5,-0.17451,0,-1.21028,1,"356,449","353,354,355,356,357,358,359,446,447,448,449,450,451,452",492,"489,490,491,492,493,494,495","356,449",492,93,6,0.1444099378881987,168,36,0.1009316770186335,,,,0.2360248447204969,0.7794871794871795,152.0,644,96.83333333333331,0.1503623188405797
P30850,2IX1,A,6,-0.85287,1,-0.02778,0,"377,550","374,375,376,377,378,379,380,547,548,549,550,551,552,553",363,"360,361,362,363,364,365,366","377,550",363,173,9,0.2686335403726708,261,24,0.0791925465838509,0.5636645962732919,0.9628647214854112,363.0,,,,644,185.77777777777777,0.2884748102139406
P30850,2IX1,A,7,-0.68786,1,-0.00105,0,"475,484","472,473,474,475,476,477,478,481,482,483,484,485,486,487",415,"412,413,414,415,416,417,418","475,484",415,9,36,0.0139751552795031,40,38,0.0900621118012422,0.6444099378881988,0.8736842105263158,415.0,,,,644,84.47222222222223,0.1311680469289165
P30850,2IX1,A,8,0.60013,3,0.11005,0,"288,343","285,286,287,288,289,290,291,340,341,342,343,344,345,346","197,212,225","194,195,196,197,198,199,200,209,210,211,212,213,214,215,222,223,224,225,226,227,228","288,343","197,212,225",55,14,0.0854037267080745,117,72,0.1506211180124223,0.3059006211180124,0.6840277777777778,197.0,,,,644,155.21428571428572,0.2410159716060337
P30870,3K7D,A,1,-0.60367,1,-0.01268,0,"694,791","691,692,693,694,695,696,697,788,789,790,791,792,793,794",687,"684,685,686,687,688,689,690","694,791",687,97,1,0.102536997885835,162,35,0.0676532769556025,0.726215644820296,0.989913544668588,687.0,,,,946,97.0,0.102536997885835
P30871,5A61,A,1,0.0,0,-1.6879,4,"1,68","-2,-1,0,1,2,3,4,65,66,67,68,69,70,71","83,126,141,158","80,81,82,83,84,85,86,123,124,125,126,127,128,129,138,139,140,141,142,143,144,155,156,157,158,159,160,161","1,68","83,126,141,158",67,27,0.1547344110854503,133,87,0.2448036951501154,,,,0.6351039260969977,0.7534246575342466,275.0,433,75.77777777777777,0.1750064151911727
P30871,5A61,A,2,-1.6081,4,-0.04159,0,"78,168","75,76,77,78,79,80,81,165,166,167,168,169,170,171","6,39,55,67","3,4,5,6,7,8,9,36,37,38,39,40,41,42,52,53,54,55,56,57,58,64,65,66,67,68,69,70","78,168","6,39,55,67",90,24,0.207852193995381,158,93,0.279445727482679,0.0138568129330254,0.0769230769230769,6.0,,,,433,150.375,0.3472863741339492
P30871,5A61,A,3,-0.99814,1,-0.10264,0,"40,192","37,38,39,40,41,42,43,189,190,191,192,193,194,195",7,"4,5,6,7,8,9,10","40,192",7,152,1,0.3510392609699769,211,32,0.1824480369515011,0.0161662817551963,0.175,7.0,,,,433,152.0,0.3510392609699769
P30871,5A61,A,4,-1.60991,2,-0.09215,0,"54,196","51,52,53,54,55,56,57,193,194,195,196,197,198,199","8,40","5,6,7,8,9,10,11,37,38,39,40,41,42,43","54,196","8,40",142,39,0.3279445727482679,209,67,0.2378752886836027,0.0184757505773672,0.1481481481481481,8.0,,,,433,73.7948717948718,0.1704269556463551
P30958,3HJH,A,1,0.05145,0,0.70863,1,"386,412","383,384,385,386,387,388,389,409,410,411,412,413,414,415",424,"421,422,423,424,425,426,427","386,412",424,26,5,0.0226480836236933,49,32,0.0444250871080139,,,,0.6306620209059234,0.9836956521739132,724.0,1148,105.8,0.0921602787456446
P30958,3HJH,A,2,0.80462,1,0.01435,0,"30,353","27,28,29,30,31,32,33,350,351,352,353,354,355,356",19,"16,17,18,19,20,21,22","30,353",19,323,4,0.2813588850174216,358,33,0.0566202090592334,0.0165505226480836,0.6333333333333333,19.0,,,,1148,325.75,0.2837543554006969
P30958,3HJH,A,3,0.97557,1,0.71539,1,"61,413","58,59,60,61,62,63,64,410,411,412,413,414,415,416","45,445","42,43,44,45,46,47,48,442,443,444,445,446,447,448","61,413","45,445",352,23,0.3066202090592334,433,65,0.0914634146341463,0.039198606271777,0.7377049180327869,45.0,0.6123693379790941,0.9564625850340136,703.0,1148,338.1304347826087,0.2945387062566277
P30958,3HJH,A,4,0.23563,0,-0.97498,1,"89,159","86,87,88,89,90,91,92,156,157,158,159,160,161,162",212,"209,210,211,212,213,214,215","89,159",212,70,12,0.0609756097560975,159,33,0.0592334494773519,,,,0.8153310104529616,0.9464105156723964,936.0,1148,80.91666666666667,0.0704849012775842
P31057,1M3U,I,1,0.0,0,0.75062,1,"13,192","10,11,12,13,14,15,16,189,190,191,192,193,194,195",198,"195,196,197,198,199,200,201","13,192",198,179,1,0.678030303030303,225,34,0.1969696969696969,,,,0.25,0.9166666666666666,66.0,264,179.0,0.678030303030303
P31057,1M3U,I,2,0.86043,1,-0.1237,0,"33,215","30,31,32,33,34,35,36,212,213,214,215,216,217,218",21,"18,19,20,21,22,23,24","33,215",21,182,17,0.6893939393939394,230,38,0.2765151515151515,0.0795454545454545,0.6363636363636364,21.0,,,,264,203.94117647058823,0.7725044563279857
P31122,6KKL,A,1,-0.06256,0,0.84005,1,"53,101","50,51,52,53,54,55,56,98,99,100,101,102,103,104",110,"107,108,109,110,111,112,113","53,101",110,48,19,0.1212121212121212,105,30,0.154040404040404,,,,0.7222222222222222,0.9694915254237289,286.0,396,57.63157894736842,0.1455342902711323
P31122,6KKL,A,2,-0.10524,0,0.61069,1,"250,301","247,248,249,250,251,252,253,298,299,300,301,302,303,304",307,"304,305,306,307,308,309,310","250,301",307,51,24,0.1287878787878787,102,32,0.1489898989898989,,,,0.2247474747474747,0.936842105263158,89.0,396,58.04166666666666,0.1465698653198653
P31122,6KKL,A,3,0.82669,1,0.0,0,"322,384","319,320,321,322,323,324,325,381,382,383,384,385,386,387",220,"217,218,219,220,221,222,223","322,384",220,62,35,0.1565656565656565,130,34,0.1717171717171717,0.5555555555555556,0.6832298136645962,220.0,,,,396,90.85714285714286,0.2294372294372294
P31129,3TVK,A,1,0.11073,0,-0.74852,1,"150,203","147,148,149,150,151,152,153,200,201,202,203,204,205,206",211,"208,209,210,211,212,213,214","150,203",211,53,17,0.179054054054054,104,28,0.1993243243243243,,,,0.2871621621621621,0.913978494623656,85.0,296,64.05882352941177,0.2164149443561208
P31129,3TVK,A,2,-0.8059,1,-0.02546,0,"211,266","208,209,210,211,212,213,214,263,264,265,266,267,268,269",161,"158,159,160,161,162,163,164","211,266",161,55,6,0.1858108108108108,110,40,0.2128378378378378,0.543918918918919,0.7630331753554502,161.0,,,,296,61.16666666666666,0.2066441441441441
P31133,1A99,A,1,0.06138,0,-0.70375,1,"86,120","83,84,85,86,87,88,89,117,118,119,120,121,122,123",129,"126,127,128,129,130,131,132","86,120",129,34,1,0.0918918918918919,75,27,0.154054054054054,,,,0.6513513513513514,0.964,241.0,370,34.0,0.0918918918918919
P31133,1A99,A,2,-0.88337,1,-0.01291,0,"158,267","155,156,157,158,159,160,161,264,265,266,267,268,269,270",141,"138,139,140,141,142,143,144","158,267",141,109,11,0.2945945945945946,159,39,0.1729729729729729,0.3810810810810811,0.8924050632911392,141.0,,,,370,111.0,0.3
P31133,1A99,A,3,0.04706,0,-0.67279,1,"83,133","80,81,82,83,84,85,86,130,131,132,133,134,135,136",279,"276,277,278,279,280,281,282","83,133",279,50,20,0.1351351351351351,89,37,0.1945945945945946,,,,0.2459459459459459,0.3839662447257383,91.0,370,137.15,0.3706756756756756
P31133,1A99,A,4,-1.45426,3,0.0,0,"187,359","184,185,186,187,188,189,190,356,357,358,359,360,361,362","136,137,178","133,134,135,136,137,138,139,134,135,136,137,138,139,140,175,176,177,178,179,180,181","187,359","136,137,178",172,80,0.4648648648648649,268,67,0.2756756756756757,0.3675675675675676,0.7272727272727273,136.0,,,,370,117.5125,0.3176013513513513
P31142,1URH,A,1,0.68621,1,0.03162,0,"112,144","109,110,111,112,113,114,115,141,142,143,144,145,146,147",22,"19,20,21,22,23,24,25","113,145",23,32,43,0.1138790035587188,85,36,0.2669039145907473,0.0818505338078291,0.2035398230088495,23.0,,,,281,58.372093023255815,0.207729868410163
P31142,1URH,A,2,0.0,0,1.04454,1,"5,97","2,3,4,5,6,7,8,94,95,96,97,98,99,100",117,"114,115,116,117,118,119,120","6,98",118,92,3,0.3274021352313167,148,38,0.2170818505338078,,,,0.5800711743772242,0.8907103825136612,163.0,281,98.66666666666669,0.3511269276393832
P31142,1URH,A,3,0.661,1,0.24972,0,"49,92","46,47,48,49,50,51,52,89,90,91,92,93,94,95",23,"20,21,22,23,24,25,26","50,93",24,43,31,0.1530249110320284,96,39,0.2384341637010676,0.0854092526690391,0.48,24.0,,,,281,81.06451612903226,0.2884858225232464
P31142,1URH,A,4,0.74427,1,0.19347,0,"195,236","192,193,194,195,196,197,198,233,234,235,236,237,238,239",170,"167,168,169,170,171,172,173","196,237",171,41,2,0.1459074733096085,91,39,0.2241992882562277,0.608540925266904,0.8724489795918368,171.0,,,,281,53.5,0.1903914590747331
P31224,4DX5,A,1,-0.00864,0,-0.72586,1,"40,76","37,38,39,40,41,42,43,73,74,75,76,77,78,79",93,"90,91,92,93,94,95,96","40,76",93,36,1,0.0343183984747378,96,30,0.0533841754051477,,,,0.911344137273594,0.9825282631038028,956.0,1049,36.0,0.0343183984747378
P31224,4DX5,A,2,-0.86946,1,0.517,0,"634,994","631,632,633,634,635,636,637,991,992,993,994,995,996,997",566,"563,564,565,566,567,568,569","634,994",566,360,2,0.3431839847473784,526,30,0.0571973307912297,0.5395614871306006,0.8927444794952681,566.0,,,,1049,360.5,0.3436606291706387
P31224,4DX5,A,3,0.02379,0,-0.85521,1,"139,178","136,137,138,139,140,141,142,175,176,177,178,179,180,181",288,"285,286,287,288,289,290,291","139,178",288,39,8,0.0371782650142993,92,38,0.0695900857959961,,,,0.7254528122020972,0.8737083811710677,761.0,1049,41.625,0.0396806482364156
P31224,4DX5,A,4,-0.88042,1,0.0778,0,"826,860","823,824,825,826,827,828,829,857,858,859,860,861,862,863",682,"679,680,681,682,683,684,685","826,860",682,34,5,0.0324118207816968,73,37,0.0552907530981887,0.6501429933269781,0.8256658595641646,682.0,,,,1049,38.4,0.036606291706387
P31224,4DX5,A,5,-0.56862,0,-1.05156,7,"51,755","48,49,50,51,52,53,54,752,753,754,755,756,757,758","824,909,922,978,1006,1007,1010","821,822,823,824,825,826,827,906,907,908,909,910,911,912,919,920,921,922,923,924,925,975,976,977,978,979,980,981,1003,1004,1005,1006,1007,1008,1009,1004,1005,1006,1007,1008,1009,1010,1007,1008,1009,1010,1011,1012,1013","51,755","824,909,922,978,1006,1007,1010",704,4,0.6711153479504289,893,132,0.1734985700667302,,,,0.0371782650142993,0.1326530612244898,39.0,1049,557.5,0.5314585319351763
P31224,4DX5,A,6,-0.03952,0,-0.88309,7,"141,610","138,139,140,141,142,143,144,607,608,609,610,611,612,613","629,760,771,909,922,978,1018","626,627,628,629,630,631,632,757,758,759,760,761,762,763,768,769,770,771,772,773,774,906,907,908,909,910,911,912,919,920,921,922,923,924,925,975,976,977,978,979,980,981,1015,1016,1017,1018,1019,1020,1021","141,610","629,760,771,909,922,978,1018",469,3,0.4470924690181125,654,175,0.2163965681601525,,,,0.0295519542421353,0.0706150341685649,31.0,1049,473.0,0.4509056244041944
P31224,4DX5,A,7,-0.84399,1,-0.79663,5,"83,618","80,81,82,83,84,85,86,615,616,617,618,619,620,621","41,627,909,922,978,1017","38,39,40,41,42,43,44,624,625,626,627,628,629,630,906,907,908,909,910,911,912,919,920,921,922,923,924,925,975,976,977,978,979,980,981,1014,1015,1016,1017,1018,1019,1020","83,618","41,627,909,922,978,1017",535,4,0.5100095328884652,742,167,0.1925643469971401,0.0390848427073403,0.4939759036144578,41.0,0.0305052430886558,0.074245939675174,32.0,1049,409.5,0.390371782650143
P31224,4DX5,A,8,-1.07092,1,-0.91124,5,"84,813","81,82,83,84,85,86,87,810,811,812,813,814,815,816","42,825,906,923,979,1017","39,40,41,42,43,44,45,822,823,824,825,826,827,828,903,904,905,906,907,908,909,920,921,922,923,924,925,926,976,977,978,979,980,981,982,1014,1015,1016,1017,1018,1019,1020","84,813","42,825,906,923,979,1017",729,44,0.6949475691134414,899,166,0.1954242135367016,0.0400381315538608,0.5,42.0,0.0305052430886558,0.135593220338983,32.0,1049,674.1363636363636,0.6426466764884305
P31224,4DX5,A,9,-0.96309,1,-0.87828,5,"288,610","285,286,287,288,289,290,291,607,608,609,610,611,612,613","136,629,909,921,976,1017","133,134,135,136,137,138,139,626,627,628,629,630,631,632,906,907,908,909,910,911,912,918,919,920,921,922,923,924,973,974,975,976,977,978,979,1014,1015,1016,1017,1018,1019,1020","288,610","136,629,909,921,976,1017",322,31,0.3069590085795996,506,154,0.1811248808388942,0.1296472831267874,0.4722222222222222,136.0,0.0305052430886558,0.0728929384965831,32.0,1049,345.64516129032256,0.3294996771118423
P31224,4DX5,A,10,0.81393,3,0.0573,0,"448,887","445,446,447,448,449,450,451,884,885,886,887,888,889,890","52,54,399","49,50,51,52,53,54,55,51,52,53,54,55,56,57,396,397,398,399,400,401,402","448,887","52,54,399",439,37,0.4184938036224976,607,66,0.1029551954242135,0.0495710200190657,0.1160714285714285,52.0,,,,1049,443.2432432432432,0.4225388400793548
P31224,4DX5,A,11,0.0,0,0.68826,1,"7,428","4,5,6,7,8,9,10,425,426,427,428,429,430,431",490,"487,488,489,490,491,492,493","7,428",490,421,8,0.4013346043851287,556,38,0.0562440419447092,,,,0.5328884652049571,0.9001610305958132,559.0,1049,427.25,0.4072926596758818
P31224,4DX5,A,12,0.89563,1,-0.01058,0,"467,563","464,465,466,467,468,469,470,560,561,562,563,564,565,566",410,"407,408,409,410,411,412,413","467,563",410,96,5,0.0915157292659675,192,32,0.0800762631077216,0.3908484270734032,0.8779443254817987,410.0,,,,1049,170.0,0.1620591039084842
P31224,4DX5,A,13,-0.14576,0,0.69057,1,"919,990","916,917,918,919,920,921,922,987,988,989,990,991,992,993",1005,"1002,1003,1004,1005,1006,1007,1008","919,990",1005,71,49,0.0676835081029551,155,34,0.0562440419447092,,,,0.0419447092469018,0.7457627118644068,44.0,1049,556.7755102040817,0.5307678838933095
P31224,4DX5,A,14,-1.65643,2,-1.57032,7,"204,748","201,202,203,204,205,206,207,745,746,747,748,749,750,751","135,184,757,768,824,906,922,979,1017","132,133,134,135,136,137,138,181,182,183,184,185,186,187,754,755,756,757,758,759,760,765,766,767,768,769,770,771,821,822,823,824,825,826,827,903,904,905,906,907,908,909,919,920,921,922,923,924,925,976,977,978,979,980,981,982,1014,1015,1016,1017,1018,1019,1020","204,748","135,184,757,768,824,906,922,979,1017",544,49,0.5185891325071497,769,221,0.2364156339370829,0.1286939942802669,0.6617647058823529,135.0,0.0305052430886558,0.1063122923588039,32.0,1049,506.4693877551021,0.4828116184510029
P31224,4DX5,A,15,-1.66304,2,-1.36875,5,"246,771","243,244,245,246,247,248,249,768,769,770,771,772,773,774","140,184,824,909,922,983,1009","137,138,139,140,141,142,143,181,182,183,184,185,186,187,821,822,823,824,825,826,827,906,907,908,909,910,911,912,919,920,921,922,923,924,925,980,981,982,983,984,985,986,1006,1007,1008,1009,1010,1011,1012","246,771","140,184,824,909,922,983,1009",525,43,0.5004766444232602,761,195,0.219256434699714,0.1334604385128694,0.5691056910569106,140.0,0.0381315538608198,0.1438848920863309,40.0,1049,581.6279069767442,0.5544593965459906
P31224,4DX5,A,16,-1.72544,2,-1.9428,6,"270,762","267,268,269,270,271,272,273,759,760,761,762,763,764,765","139,183,770,824,909,922,983,1009","136,137,138,139,140,141,142,180,181,182,183,184,185,186,767,768,769,770,771,772,773,821,822,823,824,825,826,827,906,907,908,909,910,911,912,919,920,921,922,923,924,925,980,981,982,983,984,985,986,1006,1007,1008,1009,1010,1011,1012","270,762","139,183,770,824,909,922,983,1009",492,10,0.4690181124880839,720,212,0.2144899904671115,0.1325071496663489,0.5148148148148148,139.0,0.0381315538608198,0.1393728222996515,40.0,1049,521.4,0.4970448045757864
P31224,4DX5,A,17,-1.09521,1,-0.94945,1,"623,721","620,621,622,623,624,625,626,718,719,720,721,722,723,724","575,826","572,573,574,575,576,577,578,823,824,825,826,827,828,829","623,721","575,826",98,3,0.0934223069590085,191,70,0.094375595805529,0.5481410867492851,0.9229534510433388,575.0,0.2125834127740705,0.6798780487804879,223.0,1049,114.66666666666669,0.1093104544010168
P31434,2F2H,A,1,-0.6484,1,-0.12018,0,"67,122","64,65,66,67,68,69,70,119,120,121,122,123,124,125",58,"55,56,57,58,59,60,61","67,122",58,55,7,0.0712435233160621,115,36,0.0971502590673575,0.0751295336787564,0.8656716417910447,58.0,,,,772,156.71428571428572,0.2029977794226499
P31434,2F2H,A,2,-0.70883,1,0.1119,0,"643,692","640,641,642,643,644,645,646,689,690,691,692,693,694,695",635,"632,633,634,635,636,637,638","643,692",635,49,2,0.0634715025906735,125,27,0.0738341968911917,0.822538860103627,0.9875583203732504,635.0,,,,772,73.0,0.0945595854922279
P31434,2F2H,A,3,-0.12097,0,-0.69987,1,"84,209","81,82,83,84,85,86,87,206,207,208,209,210,211,212",240,"237,238,239,240,241,242,243","84,209",240,125,14,0.1619170984455958,227,39,0.0984455958549222,,,,0.689119170984456,0.9449378330373002,532.0,772,167.78571428571428,0.2173390081421169
P31434,2F2H,A,4,-0.6789,1,0.76086,0,"174,499","171,172,173,174,175,176,177,496,497,498,499,500,501,502",166,"163,164,165,166,167,168,169","174,499",166,325,3,0.4209844559585492,455,43,0.0893782383419689,0.2150259067357512,0.9540229885057472,166.0,,,,772,394.6666666666667,0.5112262521588947
P31434,2F2H,A,5,-0.04413,0,-0.6882,1,"569,638","566,567,568,569,570,571,572,635,636,637,638,639,640,641",661,"658,659,660,661,662,663,664","569,638",661,69,5,0.0893782383419689,154,29,0.0958549222797927,,,,0.1437823834196891,0.8283582089552238,111.0,772,74.2,0.0961139896373057
P31434,2F2H,A,6,-0.05868,0,1.06302,1,"262,449","259,260,261,262,263,264,265,446,447,448,449,450,451,452",462,"459,460,461,462,463,464,465","262,449",462,187,39,0.2422279792746114,262,34,0.1049222797927461,,,,0.4015544041450777,0.959752321981424,310.0,772,271.1794871794872,0.3512687657765378
P31434,2F2H,A,7,0.80885,1,-0.09238,0,"298,548","295,296,297,298,299,300,301,545,546,547,548,549,550,551",272,"269,270,271,272,273,274,275","298,548",272,250,25,0.3238341968911917,360,40,0.0906735751295336,0.3523316062176165,0.912751677852349,272.0,,,,772,282.24,0.3655958549222798
P31473,3NBX,X,1,1.01382,1,-0.10803,0,"148,209","145,146,147,148,149,150,151,206,207,208,209,210,211,212",43,"40,41,42,43,44,45,46","148,209",43,61,26,0.1224899598393574,130,37,0.1566265060240964,0.0863453815261044,0.2905405405405405,43.0,,,,498,94.3076923076923,0.189372876119864
P31545,2Y4E,B,1,-0.63468,1,-0.72874,1,"145,313","142,143,144,145,146,147,148,310,311,312,313,314,315,316","37,336","34,35,36,37,38,39,40,333,334,335,336,337,338,339","180,348","72,371",168,145,0.3971631205673759,281,78,0.2624113475177305,0.1702127659574468,0.4,72.0,0.1229314420803782,0.6933333333333334,52.0,423,198.04827586206895,0.4681992337164751
P31545,2Y4E,B,2,0.13326,0,-0.61036,1,"241,317","238,239,240,241,242,243,244,314,315,316,317,318,319,320",330,"327,328,329,330,331,332,333","276,352",365,76,3,0.1796690307328605,135,37,0.1276595744680851,,,,0.1371158392434988,0.8169014084507042,58.0,423,78.0,0.1843971631205673
P31545,2Y4E,B,3,-0.63593,1,-0.00843,0,"336,370","333,334,335,336,337,338,339,367,368,369,370,371,372,373",234,"231,232,233,234,235,236,237","371,405",269,34,1,0.0803782505910165,103,39,0.1843971631205673,0.6359338061465721,0.7250673854447439,269.0,,,,423,34.0,0.0803782505910165
P31545,2Y4E,B,4,-0.12194,0,-0.76911,1,"34,96","31,32,33,34,35,36,37,93,94,95,96,97,98,99",147,"144,145,146,147,148,149,150","69,131",182,62,28,0.1465721040189125,130,38,0.1702127659574468,,,,0.5697399527186762,0.8253424657534246,241.0,423,75.21428571428571,0.1778115501519756
P31545,2Y4E,B,5,-0.99242,1,0.12496,0,"140,172","137,138,139,140,141,142,143,169,170,171,172,173,174,175",41,"38,39,40,41,42,43,44","175,207",76,32,24,0.0756501182033096,87,32,0.1394799054373522,0.1796690307328605,0.4342857142857143,76.0,,,,423,170.54166666666666,0.4031717888100866
P31550,2QRY,A,1,-1.23477,1,0.01008,0,"242,303","239,240,241,242,243,244,245,300,301,302,303,304,305,306",119,"116,117,118,119,120,121,122","242,303",119,61,3,0.1865443425076452,128,38,0.2110091743119266,0.363914373088685,0.4917355371900826,119.0,,,,327,62.66666666666666,0.1916411824668705
P31550,2QRY,A,2,0.01785,0,-0.63227,1,"81,120","78,79,80,81,82,83,84,117,118,119,120,121,122,123",246,"243,244,245,246,247,248,249","81,120",246,39,29,0.1192660550458715,82,41,0.2171253822629969,,,,0.2477064220183486,0.391304347826087,81.0,327,101.79310344827586,0.311293894337235
P31550,2QRY,A,3,-2.11604,4,0.0,0,"193,321","190,191,192,193,194,195,196,318,319,320,321,322,323,324","123,124,155,166","120,121,122,123,124,125,126,121,122,123,124,125,126,127,152,153,154,155,156,157,158,163,164,165,166,167,168,169","193,321","123,124,155,166",128,77,0.3914373088685015,226,83,0.3180428134556575,0.3761467889908257,0.6373056994818653,123.0,,,,327,95.012987012987,0.2905595933118869
P31572,1XVV,A,1,-0.62079,1,-0.16793,0,"160,224","157,158,159,160,161,162,163,221,222,223,224,225,226,227",152,"149,150,151,152,153,154,155","160,224",152,64,1,0.1580246913580247,114,27,0.1160493827160493,0.3753086419753086,0.95,152.0,,,,405,64.0,0.1580246913580247
P31572,1XVV,A,2,0.78322,1,0.00124,0,"33,91","30,31,32,33,34,35,36,88,89,90,91,92,93,94",17,"14,15,16,17,18,19,20","33,91",17,58,23,0.1432098765432098,129,32,0.1703703703703703,0.0419753086419753,0.5151515151515151,17.0,,,,405,158.43478260869566,0.3911969940955448
P31572,1XVV,A,3,0.81203,1,-0.23667,0,"58,170","55,56,57,58,59,60,61,167,168,169,170,171,172,173",43,"40,41,42,43,44,45,46","58,170",43,112,34,0.2765432098765432,202,39,0.219753086419753,0.1061728395061728,0.7413793103448276,43.0,,,,405,297.6764705882353,0.7350036310820625
P31658,1ONS,A,1,1.0298,3,0.21423,0,"104,153","101,102,103,104,105,106,107,150,151,152,153,154,155,156","52,72,93","49,50,51,52,53,54,55,69,70,71,72,73,74,75,90,91,92,93,94,95,96","105,154","53,73,94",49,3,0.1731448763250883,114,86,0.3745583038869258,0.1872791519434629,0.5047619047619047,53.0,,,,283,71.33333333333333,0.2520612485276796
P31658,1ONS,A,2,-0.09431,0,1.04487,1,"17,59","14,15,16,17,18,19,20,56,57,58,59,60,61,62",80,"77,78,79,80,81,82,83","18,60",81,42,15,0.1484098939929328,118,31,0.3144876325088339,,,,0.7137809187279152,0.905829596412556,202.0,283,48.73333333333333,0.1722025912838633
P31658,1ONS,A,3,0.67658,1,-0.04842,0,"89,146","86,87,88,89,90,91,92,143,144,145,146,147,148,149",49,"46,47,48,49,50,51,52","90,147",50,57,67,0.2014134275618374,110,25,0.1908127208480565,0.1766784452296819,0.5555555555555556,50.0,,,,283,135.19402985074626,0.4777174199673012
P31663,1IHO,B,1,0.0,0,0.98784,1,"3,79","0,1,2,3,4,5,6,76,77,78,79,80,81,82",90,"87,88,89,90,91,92,93","3,79",90,76,4,0.2685512367491166,118,34,0.1696113074204947,,,,0.6819787985865724,0.946078431372549,193.0,283,79.25,0.2800353356890459
P31663,1IHO,B,2,0.7711,1,0.04513,0,"48,145","45,46,47,48,49,50,51,142,143,144,145,146,147,148",24,"21,22,23,24,25,26,27","48,145",24,97,17,0.342756183745583,143,33,0.1908127208480565,0.0848056537102473,0.5,24.0,,,,283,123.76470588235294,0.4373311161920599
P31677,2WTX,B,1,0.08606,0,1.17379,1,"131,300","128,129,130,131,132,133,134,297,298,299,300,301,302,303",346,"343,344,345,346,347,348,349","132,301",347,169,23,0.3565400843881856,284,29,0.1835443037974683,,,,0.2679324894514768,0.7341040462427746,127.0,474,206.08695652173915,0.4347826086956521
P31677,2WTX,B,2,0.74837,1,0.01626,0,"292,355","289,290,291,292,293,294,295,352,353,354,355,356,357,358",257,"254,255,256,257,258,259,260","293,356",258,63,37,0.1329113924050632,115,31,0.1497890295358649,0.5443037974683544,0.8805460750853242,258.0,,,,474,111.94594594594597,0.236172881742502
P31697,1ZE3,C,1,0.62661,1,0.0,0,"143,205","140,141,142,143,144,145,146,202,203,204,205,206,207,208",132,"129,130,131,132,133,134,135","179,241",168,62,1,0.2572614107883817,89,25,0.2116182572614107,0.6970954356846473,0.9385474860335196,168.0,,,,241,62.0,0.2572614107883817
P31808,3F1L,A,1,0.9823,1,-0.01354,0,"162,205","159,160,161,162,163,164,165,202,203,204,205,206,207,208",151,"148,149,150,151,152,153,154","162,205",151,43,2,0.1706349206349206,104,36,0.2777777777777778,0.5992063492063492,0.9320987654320988,151.0,,,,252,43.5,0.1726190476190476
P31808,3F1L,A,2,0.75824,1,0.10774,0,"32,97","29,30,31,32,33,34,35,94,95,96,97,98,99,100",15,"12,13,14,15,16,17,18","32,97",15,65,20,0.2579365079365079,113,33,0.2619047619047619,0.0595238095238095,0.46875,15.0,,,,252,167.9,0.6662698412698413
P31827,6OFR,A,1,-0.07721,0,-0.67255,1,"537,581","534,535,536,537,538,539,540,578,579,580,581,582,583,584",591,"588,589,590,591,592,593,594","537,581",591,44,1,0.0556962025316455,113,30,0.0582278481012658,,,,0.2518987341772152,0.9521531100478468,199.0,790,44.0,0.0556962025316455
P31827,6OFR,A,2,-0.69862,1,-0.13433,0,"593,642","590,591,592,593,594,595,596,639,640,641,642,643,644,645",576,"573,574,575,576,577,578,579","593,642",576,49,2,0.0620253164556962,123,33,0.0696202531645569,0.7291139240506329,0.9713322091062394,576.0,,,,790,49.5,0.0626582278481012
P31827,6OFR,A,3,-0.1789,0,-0.85161,1,"656,714","653,654,655,656,657,658,659,711,712,713,714,715,716,717",724,"721,722,723,724,725,726,727","656,714",724,58,2,0.0734177215189873,133,26,0.0556962025316455,,,,0.0835443037974683,0.868421052631579,66.0,790,59.5,0.0753164556962025
P31828,6OFS,A,1,-0.68224,1,-0.4875,0,"120,338","117,118,119,120,121,122,123,335,336,337,338,339,340,341",65,"62,63,64,65,66,67,68","120,338",65,218,2,0.234156820622986,346,40,0.0719656283566058,0.0698174006444683,0.5416666666666666,65.0,,,,931,219.5,0.2357679914070891
P31828,6OFS,A,2,-0.78597,1,0.08595,0,"343,455","340,341,342,343,344,345,346,452,453,454,455,456,457,458",288,"285,286,287,288,289,290,291","343,455",288,112,1,0.1203007518796992,210,30,0.0622986036519871,0.309344790547798,0.8396501457725948,288.0,,,,931,112.0,0.1203007518796992
P31828,6OFS,A,3,-0.68151,1,0.01557,0,"603,737","600,601,602,603,604,605,606,734,735,736,737,738,739,740",552,"549,550,551,552,553,554,555","603,737",552,134,4,0.1439312567132116,226,37,0.0580021482277121,0.5929108485499462,0.9154228855721394,552.0,,,,931,154.25,0.1656820622986036
P31828,6OFS,A,4,0.00896,0,-0.86662,1,"742,813","739,740,741,742,743,744,745,810,811,812,813,814,815,816",820,"817,818,819,820,821,822,823","742,813",820,71,1,0.0762620837808807,137,32,0.0601503759398496,,,,0.1192266380236305,0.940677966101695,111.0,931,71.0,0.0762620837808807
P31828,6OFS,A,5,-0.70035,1,0.15331,0,"814,886","811,812,813,814,815,816,817,883,884,885,886,887,888,889",784,"781,782,783,784,785,786,787","814,886",784,72,2,0.0773361976369495,147,27,0.0687432867883995,0.8421052631578947,0.9631449631449632,784.0,,,,931,72.5,0.0778732545649838
P31828,6OFS,A,6,-0.74085,1,0.07313,0,"96,156","93,94,95,96,97,98,99,153,154,155,156,157,158,159",88,"85,86,87,88,89,90,91","96,156",88,60,10,0.0644468313641246,114,29,0.0494092373791621,0.0945220193340494,0.9166666666666666,88.0,,,,931,71.6,0.076906552094522
P31828,6OFS,A,7,0.67985,1,-0.80837,3,"382,584","379,380,381,382,383,384,385,581,582,583,584,585,586,587","369,620,708,722","366,367,368,369,370,371,372,617,618,619,620,621,622,623,705,706,707,708,709,710,711,719,720,721,722,723,724,725","382,584","369,620,708,722",202,32,0.2169709989258861,376,103,0.1557465091299677,0.3963480128893663,0.9659685863874344,369.0,0.2244897959183673,0.6023054755043228,209.0,931,117.375,0.1260741138560687
P32055,1BSV,A,1,0.64611,1,-0.10402,0,"210,283","207,208,209,210,211,212,213,280,281,282,283,284,285,286",203,"200,201,202,203,204,205,206","210,283",203,73,3,0.2274143302180685,144,25,0.205607476635514,0.632398753894081,0.9666666666666668,203.0,,,,321,74.0,0.2305295950155763
P32055,1BSV,A,2,0.63856,1,-0.06013,0,"263,302","260,261,262,263,264,265,266,299,300,301,302,303,304,305",246,"243,244,245,246,247,248,249","263,302",246,39,10,0.1214953271028037,96,32,0.2087227414330218,0.7663551401869159,0.935361216730038,246.0,,,,321,44.3,0.138006230529595
P32056,1RYA,A,1,-0.00568,0,-0.70107,1,"13,94","10,11,12,13,14,15,16,91,92,93,94,95,96,97",107,"104,105,106,107,108,109,110","12,93",106,81,3,0.5094339622641509,134,31,0.3647798742138364,,,,0.3333333333333333,0.803030303030303,53.0,159,83.33333333333333,0.5241090146750523
P32056,1RYA,A,2,-0.74924,1,-0.00947,0,"46,126","43,44,45,46,47,48,49,123,124,125,126,127,128,129",35,"32,33,34,35,36,37,38","45,125",34,80,17,0.5031446540880503,122,34,0.3018867924528302,0.2138364779874214,0.7555555555555555,34.0,,,,159,93.88235294117646,0.590455049944506
P32056,1RYA,A,3,-0.9923,1,-1.02282,1,"47,88","44,45,46,47,48,49,50,85,86,87,88,89,90,91","21,107","18,19,20,21,22,23,24,104,105,106,107,108,109,110","46,87","20,106",41,18,0.2578616352201258,85,44,0.4716981132075472,0.1257861635220125,0.4347826086956521,20.0,0.3333333333333333,0.7361111111111112,53.0,159,58.11111111111112,0.3654786862334032
P32099,3A7R,A,1,-0.15226,0,-0.92314,1,"73,138","70,71,72,73,74,75,76,135,136,137,138,139,140,141",150,"147,148,149,150,151,152,153","74,139",151,65,8,0.1923076923076923,136,36,0.2071005917159763,,,,0.5532544378698225,0.9396984924623116,187.0,338,73.5,0.2174556213017751
P32099,3A7R,A,2,0.60776,1,-0.03421,0,"65,78","62,63,64,65,66,67,68,75,76,77,78,79,80,81",44,"41,42,43,44,45,46,47","66,79",45,13,43,0.0384615384615384,52,36,0.1745562130177514,0.1331360946745562,0.6818181818181818,45.0,,,,338,142.88372093023256,0.4227329021604513
P32125,1NP6,B,1,0.0,0,0.90577,1,"9,91","6,7,8,9,10,11,12,88,89,90,91,92,93,94",106,"103,104,105,106,107,108,109","9,91",106,82,4,0.4685714285714286,113,30,0.2971428571428571,,,,0.3942857142857143,0.8214285714285714,69.0,175,88.0,0.5028571428571429
P32131,1OLT,A,1,0.12488,0,-0.84689,1,"32,336","29,30,31,32,33,34,35,333,334,335,336,337,338,339",359,"356,357,358,359,360,361,362","32,336",359,304,5,0.6652078774617067,342,35,0.1312910284463894,,,,0.2144420131291028,0.8099173553719008,98.0,457,308.0,0.6739606126914661
P32131,1OLT,A,2,0.82052,1,0.31382,0,"72,112","69,70,71,72,73,74,75,109,110,111,112,113,114,115",60,"57,58,59,60,61,62,63","72,112",60,40,50,0.087527352297593,92,33,0.1159737417943107,0.1312910284463894,0.8333333333333334,60.0,,,,457,208.76,0.4568052516411378
P32131,1OLT,A,3,0.79046,1,0.32548,0,"182,214","179,180,181,182,183,184,185,211,212,213,214,215,216,217",171,"168,169,170,171,172,173,174","182,214",171,32,7,0.0700218818380744,81,30,0.1422319474835886,0.3741794310722101,0.9395604395604396,171.0,,,,457,51.285714285714285,0.1122225695529853
P32131,1OLT,A,4,1.42813,2,-0.07725,0,"134,322","131,132,133,134,135,136,137,319,320,321,322,323,324,325","54,107","51,52,53,54,55,56,57,104,105,106,107,108,109,110","134,322","54,107",188,3,0.4113785557986871,243,44,0.1575492341356674,0.1181619256017505,0.4029850746268656,54.0,,,,457,190.66666666666663,0.4172137126185266
P32138,5AED,A,1,-0.78487,1,0.79452,1,"55,408","52,53,54,55,56,57,58,405,406,407,408,409,410,411","40,466","37,38,39,40,41,42,43,463,464,465,466,467,468,469","55,408","40,466",353,73,0.5206489675516224,490,68,0.1799410029498525,0.0589970501474926,0.7272727272727273,40.0,0.3126843657817109,0.7851851851851852,212.0,678,231.83561643835617,0.3419404372247141
P32138,5AED,A,2,-0.81873,1,-0.78296,1,"57,202","54,55,56,57,58,59,60,199,200,201,202,203,204,205","39,216","36,37,38,39,40,41,42,213,214,215,216,217,218,219","57,202","39,216",145,1,0.2138643067846607,250,54,0.1415929203539823,0.0575221238938053,0.6842105263157895,39.0,0.6814159292035398,0.9705882352941176,462.0,678,145.0,0.2138643067846607
P32138,5AED,A,3,-0.13856,0,0.67414,1,"136,153","133,134,135,136,137,138,139,150,151,152,153,154,155,156",179,"176,177,178,179,180,181,182","136,153",179,17,3,0.0250737463126843,71,35,0.1165191740412979,,,,0.7359882005899705,0.9504761904761904,499.0,678,19.33333333333333,0.0285152409046214
P32138,5AED,A,4,0.71027,1,0.42074,0,"163,474","160,161,162,163,164,165,166,471,472,473,474,475,476,477",155,"152,153,154,155,156,157,158","163,474",155,311,7,0.4587020648967551,435,36,0.0988200589970501,0.2286135693215339,0.950920245398773,155.0,,,,678,336.7142857142857,0.4966287399915718
P32138,5AED,A,5,-0.0481,0,1.02427,1,"247,438","244,245,246,247,248,249,250,435,436,437,438,439,440,441",451,"448,449,450,451,452,453,454","247,438",451,191,2,0.2817109144542772,254,33,0.1120943952802359,,,,0.3348082595870206,0.9458333333333332,227.0,678,198.0,0.2920353982300885
P32138,5AED,A,6,0.9068,1,-0.09127,0,"275,548","272,273,274,275,276,277,278,545,546,547,548,549,550,551",259,"256,257,258,259,260,261,262","275,548",259,273,17,0.4026548672566372,380,36,0.1047197640117994,0.3820058997050147,0.9418181818181818,259.0,,,,678,279.1764705882353,0.411764705882353
P32138,5AED,A,7,0.07302,0,-0.79189,1,"337,365","334,335,336,337,338,339,340,362,363,364,365,366,367,368",373,"370,371,372,373,374,375,376","337,365",373,28,1,0.0412979351032448,52,36,0.0914454277286135,,,,0.4498525073746313,0.97444089456869,305.0,678,28.0,0.0412979351032448
P32138,5AED,A,8,-0.00255,0,-0.63725,1,"564,639","561,562,563,564,565,566,567,636,637,638,639,640,641,642",660,"657,658,659,660,661,662,663","564,639",660,75,4,0.1106194690265486,156,34,0.0988200589970501,,,,0.0265486725663716,0.4615384615384615,18.0,678,85.25,0.1257374631268436
P32140,2RGK,F,1,0.0,0,0.63607,1,"5,329","2,3,4,5,6,7,8,326,327,328,329,330,331,332",388,"385,386,387,388,389,390,391","5,329",388,324,1,0.784503631961259,384,29,0.1476997578692493,,,,0.0605326876513317,0.2976190476190476,25.0,413,324.0,0.784503631961259
P32156,1X8D,A,1,0.0,0,-0.75228,1,"1,39","-2,-1,0,1,2,3,4,36,37,38,39,40,41,42",57,"54,55,56,57,58,59,60","1,39",57,38,1,0.3653846153846153,71,30,0.3942307692307692,,,,0.4519230769230769,0.7230769230769231,47.0,104,38.0,0.3653846153846153
P32169,1GT7,B,1,0.10936,0,-0.72638,1,"39,94","36,37,38,39,40,41,42,91,92,93,94,95,96,97",103,"100,101,102,103,104,105,106","39,94",103,55,5,0.2007299270072992,106,32,0.2262773722627737,,,,0.6240875912408759,0.95,171.0,274,76.6,0.2795620437956204
P32169,1GT7,B,2,-0.64049,1,0.0,0,"177,265","174,175,176,177,178,179,180,262,263,264,265,266,267,268",167,"164,165,166,167,168,169,170","177,265",167,88,5,0.3211678832116788,151,23,0.2116788321167883,0.6094890510948905,0.943502824858757,167.0,,,,274,89.8,0.3277372262773722
P32170,1DE5,A,1,-0.05342,0,0.81304,1,"41,320","38,39,40,41,42,43,44,317,318,319,320,321,322,323",332,"329,330,331,332,333,334,335","33,312",324,279,3,0.665871121718377,336,38,0.1813842482100238,,,,0.2267303102625298,0.8878504672897196,95.0,419,282.0,0.6730310262529833
P32170,1DE5,A,2,0.7674,1,0.09082,0,"67,144","64,65,66,67,68,69,70,141,142,143,144,145,146,147",50,"47,48,49,50,51,52,53","59,136",42,77,90,0.1837708830548926,167,31,0.1837708830548926,0.1002386634844868,0.711864406779661,42.0,,,,419,253.24444444444444,0.6044020153805356
P32171,2CGJ,A,1,-0.74165,1,-0.0592,0,"95,163","92,93,94,95,96,97,98,160,161,162,163,164,165,166",87,"84,85,86,87,88,89,90","95,163",87,68,1,0.1390593047034765,135,37,0.1288343558282208,0.1779141104294478,0.9157894736842104,87.0,,,,489,68.0,0.1390593047034765
P32171,2CGJ,A,2,-0.05639,0,-0.65556,1,"238,284","235,236,237,238,239,240,241,281,282,283,284,285,286,287",292,"289,290,291,292,293,294,295","238,284",292,46,8,0.0940695296523517,120,32,0.1656441717791411,,,,0.4028629856850715,0.9609756097560976,197.0,489,121.375,0.2482106339468302
P32171,2CGJ,A,3,-0.80266,1,-0.19783,0,"287,436","284,285,286,287,288,289,290,433,434,435,436,437,438,439",241,"238,239,240,241,242,243,244","287,436",241,149,6,0.3047034764826176,235,41,0.1738241308793456,0.492842535787321,0.8397212543554007,241.0,,,,489,157.5,0.3220858895705521
P32171,2CGJ,A,4,-0.04885,0,0.65156,1,"302,332","299,300,301,302,303,304,305,329,330,331,332,333,334,335",368,"365,366,367,368,369,370,371","302,332",368,30,35,0.0613496932515337,64,34,0.1267893660531697,,,,0.2474437627811861,0.7707006369426752,121.0,489,73.74285714285715,0.1508033888401986
P32173,1E5K,A,1,0.61366,1,-0.02698,0,"35,100","32,33,34,35,36,37,38,97,98,99,100,101,102,103",11,"8,9,10,11,12,13,14","35,100",11,65,1,0.3350515463917525,115,39,0.3505154639175257,0.056701030927835,0.3142857142857143,11.0,,,,194,65.0,0.3350515463917525
P32173,1E5K,A,2,0.70726,1,0.00052,0,"135,178","132,133,134,135,136,137,138,175,176,177,178,179,180,181",125,"122,123,124,125,126,127,128","135,178",125,43,2,0.2216494845360824,87,36,0.3350515463917525,0.6443298969072165,0.925925925925926,125.0,,,,194,44.5,0.229381443298969
P32664,5IW4,B,1,0.04684,0,-0.75769,1,"14,46","11,12,13,14,15,16,17,43,44,45,46,47,48,49",55,"52,53,54,55,56,57,58","14,46",55,32,1,0.1245136186770428,75,31,0.2101167315175097,,,,0.7859922178988327,0.957345971563981,202.0,257,32.0,0.1245136186770428
P32664,5IW4,B,2,-0.63563,1,-0.24259,0,"160,199","157,158,159,160,161,162,163,196,197,198,199,200,201,202",129,"126,127,128,129,130,131,132","160,199",129,39,18,0.1517509727626459,81,29,0.2023346303501945,0.5019455252918288,0.80625,129.0,,,,257,76.94444444444444,0.2993947254647643
P32684,3DH3,B,1,0.62976,1,-0.02983,0,"96,221","93,94,95,96,97,98,99,218,219,220,221,222,223,224",71,"68,69,70,71,72,73,74","96,221",71,125,3,0.4310344827586206,162,33,0.1827586206896551,0.2448275862068965,0.7395833333333334,71.0,,,,290,126.0,0.4344827586206896
P32684,3DH3,B,2,0.05983,0,-0.83245,1,"134,168","131,132,133,134,135,136,137,165,166,167,168,169,170,171",180,"177,178,179,180,181,182,183","134,168",180,34,2,0.1172413793103448,68,32,0.193103448275862,,,,0.3793103448275862,0.9016393442622952,110.0,290,35.0,0.1206896551724138
P32684,3DH3,B,3,-0.6336,1,0.00083,0,"180,207","177,178,179,180,181,182,183,204,205,206,207,208,209,210",135,"132,133,134,135,136,137,138","180,207",135,27,2,0.093103448275862,68,30,0.193103448275862,0.4655172413793103,0.75,135.0,,,,290,27.5,0.0948275862068965
P32717,4PDX,A,1,-0.09503,0,0.64439,1,"102,242","99,100,101,102,103,104,105,239,240,241,242,243,244,245",251,"248,249,250,251,252,253,254","102,242",251,140,4,0.2118003025718608,256,39,0.1119515885022692,,,,0.6202723146747352,0.9785202863961814,410.0,661,141.5,0.2140695915279879
P32717,4PDX,A,2,0.64147,1,0.01391,0,"583,610","580,581,582,583,584,585,586,607,608,609,610,611,612,613",575,"572,573,574,575,576,577,578","583,610",575,27,2,0.0408472012102874,66,32,0.0816944024205748,0.869894099848714,0.986277873070326,575.0,,,,661,43.0,0.0650529500756429
P32719,3CTL,B,1,0.0,0,0.63218,1,"1,185","-2,-1,0,1,2,3,4,182,183,184,185,186,187,188",191,"188,189,190,191,192,193,194","1,185",191,184,1,0.7965367965367965,206,36,0.2294372294372294,,,,0.1731601731601731,0.8695652173913043,40.0,231,184.0,0.7965367965367965
P32719,3CTL,B,2,0.70227,1,0.07199,0,"41,140","38,39,40,41,42,43,44,137,138,139,140,141,142,143",32,"29,30,31,32,33,34,35","41,140",32,99,5,0.4285714285714285,143,40,0.277056277056277,0.1385281385281385,0.7804878048780488,32.0,,,,231,100.2,0.4337662337662338
P33012,1JYH,A,1,0.0,0,-0.94629,1,"11,46","8,9,10,11,12,13,14,43,44,45,46,47,48,49",69,"66,67,68,69,70,71,72","11,46",69,35,1,0.2229299363057325,69,33,0.3630573248407643,,,,0.5605095541401274,0.7927927927927928,88.0,157,35.0,0.2229299363057325
P33012,1JYH,A,2,-0.80895,1,0.0566,0,"66,85","63,64,65,66,67,68,69,82,83,84,85,86,87,88",14,"11,12,13,14,15,16,17","66,85",14,19,26,0.1210191082802547,47,33,0.3885350318471338,0.0891719745222929,0.2121212121212121,14.0,,,,157,77.57692307692308,0.4941205291523763
P33022,3B9X,A,1,0.60824,1,0.26311,0,"53,87","50,51,52,53,54,55,56,84,85,86,87,88,89,90",40,"37,38,39,40,41,42,43","53,87",40,34,5,0.108626198083067,97,38,0.242811501597444,0.1277955271565495,0.7547169811320755,40.0,,,,313,36.8,0.1175718849840255
P33022,3B9X,A,2,0.62272,1,-0.01999,0,"164,189","161,162,163,164,165,166,167,186,187,188,189,190,191,192",151,"148,149,150,151,152,153,154","164,189",151,25,4,0.0798722044728434,85,38,0.2236421725239616,0.4824281150159744,0.9207317073170732,151.0,,,,313,50.25,0.1605431309904153
P33022,3B9X,A,3,0.17958,0,-0.77239,1,"178,260","175,176,177,178,179,180,181,257,258,259,260,261,262,263",288,"285,286,287,288,289,290,291","178,260",288,82,37,0.2619808306709265,159,29,0.1884984025559105,,,,0.0798722044728434,0.4716981132075472,25.0,313,106.86486486486488,0.3414212934979708
P33025,4GIK,B,1,-0.63324,1,0.11125,0,"74,119","71,72,73,74,75,76,77,116,117,118,119,120,121,122",65,"62,63,64,65,66,67,68","74,119",65,45,3,0.1442307692307692,97,40,0.2211538461538461,0.2083333333333333,0.8783783783783784,65.0,,,,312,48.333333333333336,0.1549145299145299
P33025,4GIK,B,2,0.80389,1,-0.27132,0,"145,266","142,143,144,145,146,147,148,263,264,265,266,267,268,269",134,"131,132,133,134,135,136,137","145,266",134,121,2,0.3878205128205128,180,38,0.2019230769230769,0.4294871794871794,0.9241379310344828,134.0,,,,312,122.5,0.3926282051282051
P33025,4GIK,B,3,0.7654,1,-0.2662,0,"38,274","35,36,37,38,39,40,41,271,272,273,274,275,276,277",31,"28,29,30,31,32,33,34","38,274",31,236,20,0.7564102564102564,292,43,0.2596153846153846,0.0993589743589743,0.8157894736842105,31.0,,,,312,244.6,0.783974358974359
P33025,4GIK,B,4,-0.49096,0,0.72502,1,"72,99","69,70,71,72,73,74,75,96,97,98,99,100,101,102",109,"106,107,108,109,110,111,112","72,99",109,27,4,0.0865384615384615,74,35,0.2019230769230769,,,,0.6506410256410257,0.9530516431924884,203.0,312,31.5,0.1009615384615384
P33025,4GIK,B,5,0.2547,0,0.79241,1,"159,219","156,157,158,159,160,161,162,216,217,218,219,220,221,222",233,"230,231,232,233,234,235,236","159,219",233,60,7,0.1923076923076923,121,44,0.2628205128205128,,,,0.2532051282051282,0.8494623655913979,79.0,312,76.71428571428571,0.2458791208791208
P33136,1TXK,A,1,-0.66366,1,-0.01613,0,"103,192","100,101,102,103,104,105,106,189,190,191,192,193,194,195",94,"91,92,93,94,95,96,97","103,192",94,89,1,0.1741682974559686,166,35,0.0978473581213307,0.1839530332681017,0.912621359223301,94.0,,,,511,89.0,0.1741682974559686
P33136,1TXK,A,2,-0.10312,0,-0.66897,1,"82,95","79,80,81,82,83,84,85,92,93,94,95,96,97,98",130,"127,128,129,130,131,132,133","82,95",130,13,31,0.0254403131115459,48,34,0.1409001956947162,,,,0.7455968688845401,0.9158653846153846,381.0,511,42.903225806451616,0.0839593460008837
P33136,1TXK,A,3,-0.0431,0,-0.77253,1,"244,349","241,242,243,244,245,246,247,346,347,348,349,350,351,352",366,"363,364,365,366,367,368,369","244,349",366,105,4,0.2054794520547945,178,37,0.1350293542074364,,,,0.2837573385518591,0.8950617283950617,145.0,511,156.0,0.3052837573385518
P33136,1TXK,A,4,-0.64045,1,0.13637,0,"288,313","285,286,287,288,289,290,291,310,311,312,313,314,315,316",277,"274,275,276,277,278,279,280","288,313",277,25,27,0.0489236790606653,86,36,0.1330724070450097,0.5420743639921722,0.9618055555555556,277.0,,,,511,177.55555555555554,0.3474668406175255
P33136,1TXK,A,5,-0.02759,0,-0.6664,1,"412,459","409,410,411,412,413,414,415,456,457,458,459,460,461,462",474,"471,472,473,474,475,476,477","412,459",474,47,2,0.0919765166340508,99,36,0.1076320939334637,,,,0.0724070450097847,0.7115384615384616,37.0,511,48.5,0.0949119373776908
P33136,1TXK,A,6,0.76333,1,-0.49101,0,"329,358","326,327,328,329,330,331,332,355,356,357,358,359,360,361",253,"250,251,252,253,254,255,256","329,358",253,29,2,0.0567514677103718,106,43,0.1389432485322896,0.4951076320939334,0.7689969604863222,253.0,,,,511,58.0,0.1135029354207436
P33221,1KJI,B,1,0.97592,0,-0.64565,1,"25,353","22,23,24,25,26,27,28,350,351,352,353,354,355,356",364,"361,362,363,364,365,366,367","25,353",364,328,4,0.8367346938775511,382,33,0.1811224489795918,,,,0.0714285714285714,0.717948717948718,28.0,392,330.25,0.8424744897959183
P33221,1KJI,B,2,-0.76872,1,-0.06529,0,"161,228","158,159,160,161,162,163,164,225,226,227,228,229,230,231",154,"151,152,153,154,155,156,157","161,228",154,67,1,0.1709183673469387,140,38,0.1505102040816326,0.3928571428571428,0.9565217391304348,154.0,,,,392,67.0,0.1709183673469387
P33221,1KJI,B,3,0.77059,1,-0.67734,1,"51,354","48,49,50,51,52,53,54,351,352,353,354,355,356,357","39,365","36,37,38,39,40,41,42,362,363,364,365,366,367,368","51,354","39,365",303,4,0.7729591836734694,372,81,0.2525510204081632,0.0994897959183673,0.7647058823529411,39.0,0.0688775510204081,0.7105263157894737,27.0,392,305.75,0.7799744897959183
P33221,1KJI,B,4,0.85326,1,0.14991,0,"24,82","21,22,23,24,25,26,27,79,80,81,82,83,84,85",16,"13,14,15,16,17,18,19","24,82",16,58,17,0.1479591836734693,99,38,0.1836734693877551,0.0408163265306122,0.6666666666666666,16.0,,,,392,249.4705882352941,0.6364045618247299
P33221,1KJI,B,5,0.67565,1,0.00506,0,"223,287","220,221,222,223,224,225,226,284,285,286,287,288,289,290",204,"201,202,203,204,205,206,207","223,287",204,64,9,0.1632653061224489,131,37,0.1760204081632653,0.5204081632653061,0.9147982062780268,204.0,,,,392,81.0,0.2066326530612245
P33224,3U33,A,1,0.19834,0,-0.80763,1,"215,256","212,213,214,215,216,217,218,253,254,255,256,257,258,259",269,"266,267,268,269,270,271,272","215,256",269,41,3,0.0757855822550831,101,35,0.1035120147874306,,,,0.5027726432532348,0.9543859649122808,272.0,541,42.0,0.077634011090573
P33224,3U33,A,2,0.63714,1,0.02871,0,"218,424","215,216,217,218,219,220,221,421,422,423,424,425,426,427",182,"179,180,181,182,183,184,185","218,424",182,206,1,0.3807763401109057,318,36,0.1367837338262477,0.3364140480591497,0.8348623853211009,182.0,,,,541,206.0,0.3807763401109057
P33362,4WEP,A,1,0.0056,0,0.71047,1,"135,206","132,133,134,135,136,137,138,203,204,205,206,207,208,209",215,"212,213,214,215,216,217,218","135,206",215,71,2,0.2327868852459016,103,39,0.180327868852459,,,,0.2950819672131147,0.9090909090909092,90.0,305,71.5,0.2344262295081967
P33362,4WEP,A,2,0.01068,0,-0.78934,1,"82,128","79,80,81,82,83,84,85,125,126,127,128,129,130,131",244,"241,242,243,244,245,246,247","82,128",244,46,3,0.1508196721311475,81,37,0.2426229508196721,,,,0.2,0.3446327683615819,61.0,305,107.66666666666669,0.3530054644808743
P33362,4WEP,A,3,-0.88287,1,-0.00822,0,"232,277","229,230,231,232,233,234,235,274,275,276,277,278,279,280",126,"123,124,125,126,127,128,129","232,277",126,45,34,0.1475409836065573,111,33,0.2655737704918032,0.4131147540983607,0.5431034482758621,126.0,,,,305,67.55882352941177,0.2215043394406943
P33371,4BFA,A,1,0.0,0,0.98718,1,"1,210","-2,-1,0,1,2,3,4,207,208,209,210,211,212,213",220,"217,218,219,220,221,222,223","1,210",220,209,2,0.6634920634920635,245,36,0.1714285714285714,,,,0.3015873015873015,0.9047619047619048,95.0,315,210.5,0.6682539682539682
P33371,4BFA,A,2,0.67716,1,0.00579,0,"20,227","17,18,19,20,21,22,23,224,225,226,227,228,229,230",4,"1,2,3,4,5,6,7","20,227",4,207,24,0.6571428571428571,240,31,0.2285714285714285,0.0126984126984126,0.2,4.0,,,,315,231.75,0.7357142857142858
P33590,1ZLQ,A,1,-0.42985,0,-1.75589,2,"127,300","124,125,126,127,128,129,130,297,298,299,300,301,302,303","466,471","463,464,465,466,467,468,469,468,469,470,471,472,473,474","149,322","488,493",173,55,0.3301526717557252,319,58,0.1908396946564885,,,,0.0591603053435114,0.1534653465346534,31.0,524,218.5818181818182,0.4171408743927828
P33590,1ZLQ,A,2,0.0968,0,-0.80187,1,"20,87","17,18,19,20,21,22,23,84,85,86,87,88,89,90",140,"137,138,139,140,141,142,143","42,109",162,67,8,0.1278625954198473,132,38,0.1316793893129771,,,,0.6908396946564885,0.8722891566265061,362.0,524,73.5,0.140267175572519
P33590,1ZLQ,A,3,-0.74557,1,-0.00688,0,"396,470","393,394,395,396,397,398,399,467,468,469,470,471,472,473",248,"245,246,247,248,249,250,251","418,492",270,74,17,0.1412213740458015,138,36,0.1221374045801526,0.5152671755725191,0.645933014354067,270.0,,,,524,144.47058823529412,0.2757072294566681
P33590,1ZLQ,A,4,0.62068,1,0.42623,0,"283,352","280,281,282,283,284,285,286,349,350,351,352,353,354,355",271,"268,269,270,271,272,273,274","305,374",293,69,6,0.1316793893129771,139,32,0.1221374045801526,0.5591603053435115,0.960655737704918,293.0,,,,524,73.5,0.140267175572519
P33590,1ZLQ,A,5,-0.00473,0,0.65997,1,"294,397","291,292,293,294,295,296,297,394,395,396,397,398,399,400",465,"462,463,464,465,466,467,468","316,419",487,103,21,0.1965648854961832,153,37,0.1393129770992366,,,,0.0706106870229007,0.3523809523809524,37.0,524,125.28571428571428,0.2390948745910578
P33590,1ZLQ,A,6,0.61996,1,0.06577,0,"371,392","368,369,370,371,372,373,374,389,390,391,392,393,394,395",343,"340,341,342,343,344,345,346","393,414",365,21,6,0.0400763358778625,55,36,0.1202290076335877,0.6965648854961832,0.9287531806615776,365.0,,,,524,33.833333333333336,0.0645674300254453
P33643,2IST,A,1,-0.00618,0,0.64115,1,"77,105","74,75,76,77,78,79,80,102,103,104,105,106,107,108",114,"111,112,113,114,115,116,117","77,105",114,28,2,0.0858895705521472,65,29,0.1288343558282208,,,,0.6503067484662577,0.9592760180995475,212.0,326,28.5,0.0874233128834355
P33643,2IST,A,2,-0.0489,0,-0.85192,1,"170,213","167,168,169,170,171,172,173,210,211,212,213,214,215,216",225,"222,223,224,225,226,227,228","170,213",225,43,2,0.1319018404907975,86,36,0.1901840490797546,,,,0.3098159509202454,0.8938053097345132,101.0,326,43.5,0.1334355828220859
P33643,2IST,A,3,-0.89521,1,0.08202,0,"221,248","218,219,220,221,222,223,224,245,246,247,248,249,250,251",174,"171,172,173,174,175,176,177","221,248",174,27,40,0.0828220858895705,78,31,0.1963190184049079,0.5337423312883436,0.7873303167420814,174.0,,,,326,62.025,0.190260736196319
P33644,1Z9T,A,1,0.01885,0,-0.60463,1,"15,113","12,13,14,15,16,17,18,110,111,112,113,114,115,116",238,"235,236,237,238,239,240,241","15,113",238,98,9,0.4032921810699588,163,44,0.3004115226337449,,,,0.0205761316872428,0.0384615384615384,5.0,243,167.44444444444446,0.68907178783722
P33644,1Z9T,A,2,-0.89277,1,0.0,0,"122,240","119,120,121,122,123,124,125,237,238,239,240,241,242,243",107,"104,105,106,107,108,109,110","122,240",107,118,8,0.48559670781893,178,38,0.3333333333333333,0.4403292181069959,0.8770491803278688,107.0,,,,243,121.5,0.5
P33919,6JDE,B,1,0.46857,0,0.86559,3,"121,311","118,119,120,121,122,123,124,308,309,310,311,312,313,314","326,336,354","323,324,325,326,327,328,329,333,334,335,336,337,338,339,351,352,353,354,355,356,357","121,311","326,336,354",190,6,0.3242320819112628,274,68,0.1774744027303754,,,,0.3959044368600682,0.8436363636363636,232.0,586,84.66666666666667,0.1444823663253697
P33919,6JDE,B,2,0.93863,1,0.03017,0,"171,367","168,169,170,171,172,173,174,364,365,366,367,368,369,370",162,"159,160,161,162,163,164,165","171,367",162,196,11,0.3344709897610921,240,34,0.098976109215017,0.2764505119453925,0.9473684210526316,162.0,,,,586,229.63636363636363,0.3918709277071052
P33919,6JDE,B,3,0.13515,0,0.63307,1,"254,296","251,252,253,254,255,256,257,293,294,295,296,297,298,299",304,"301,302,303,304,305,306,307","254,296",304,42,1,0.0716723549488054,80,35,0.098976109215017,,,,0.4812286689419795,0.9724137931034482,282.0,586,42.0,0.0716723549488054
P33919,6JDE,B,4,0.74454,1,0.13157,0,"268,325","265,266,267,268,269,270,271,322,323,324,325,326,327,328",255,"252,253,254,255,256,257,258","268,325",255,57,1,0.0972696245733788,102,31,0.1245733788395904,0.4351535836177474,0.9514925373134328,255.0,,,,586,57.0,0.0972696245733788
P33919,6JDE,B,5,-0.04489,0,0.80845,1,"201,334","198,199,200,201,202,203,204,331,332,333,334,335,336,337",354,"351,352,353,354,355,356,357","201,334",354,133,20,0.2269624573378839,172,37,0.1160409556313993,,,,0.3959044368600682,0.9206349206349206,232.0,586,158.1,0.2697952218430034
P33937,2NYA,A,1,-0.18835,0,1.44305,3,"14,372","11,12,13,14,15,16,17,369,370,371,372,373,374,375","471,474,485","468,469,470,471,472,473,474,471,472,473,474,475,476,477,482,483,484,485,486,487,488","50,408","507,510,521",358,12,0.4323671497584541,515,59,0.1413043478260869,,,,0.3707729468599033,0.7309523809523809,307.0,828,348.6666666666667,0.4210950080515298
P33937,2NYA,A,2,0.69643,3,-0.12858,0,"457,771","454,455,456,457,458,459,460,768,769,770,771,772,773,774","158,379,443","155,156,157,158,159,160,161,376,377,378,379,380,381,382,440,441,442,443,444,445,446","493,807","194,415,479",314,5,0.3792270531400966,488,100,0.1908212560386473,0.2342995169082125,0.3935091277890467,194.0,,,,828,315.8,0.3814009661835749
P33937,2NYA,A,3,-0.97813,1,0.69837,1,"75,462","72,73,74,75,76,77,78,459,460,461,462,463,464,465","65,470","62,63,64,65,66,67,68,467,468,469,470,471,472,473","111,498","101,506",387,16,0.4673913043478261,524,69,0.1002415458937198,0.1219806763285024,0.90990990990991,101.0,0.3888888888888889,0.9757575757575756,322.0,828,398.3125,0.4810537439613526
P33937,2NYA,A,4,-0.12325,0,1.90739,4,"153,283","150,151,152,153,154,155,156,280,281,282,283,284,285,286","332,348,368,661","329,330,331,332,333,334,335,345,346,347,348,349,350,351,365,366,367,368,369,370,371,658,659,660,661,662,663,664","189,319","368,384,404,697",130,1,0.1570048309178744,256,105,0.1582125603864734,,,,0.1582125603864734,0.2573673870333988,131.0,828,130.0,0.1570048309178744
P33937,2NYA,A,5,-0.097,0,0.7061,1,"161,361","158,159,160,161,162,163,164,358,359,360,361,362,363,364",367,"364,365,366,367,368,369,370","197,397",403,200,1,0.2415458937198067,280,38,0.0845410628019323,,,,0.5132850241545893,0.9860788863109048,425.0,828,200.0,0.2415458937198067
P33937,2NYA,A,6,-0.04478,0,0.99881,1,"61,473","58,59,60,61,62,63,64,470,471,472,473,474,475,476",484,"481,482,483,484,485,486,487","97,509",520,412,12,0.4975845410628019,543,34,0.073671497584541,,,,0.3719806763285024,0.9655172413793104,308.0,828,416.25,0.5027173913043478
P33937,2NYA,A,7,1.0553,1,0.41052,0,"119,495","116,117,118,119,120,121,122,492,493,494,495,496,497,498",111,"108,109,110,111,112,113,114","155,531",147,376,44,0.4541062801932367,528,41,0.1050724637681159,0.1775362318840579,0.9483870967741936,147.0,,,,828,424.1590909090909,0.5122694334650857
P33937,2NYA,A,8,-0.0183,0,0.996,1,"678,716","675,676,677,678,679,680,681,713,714,715,716,717,718,719",755,"752,753,754,755,756,757,758","714,752",791,38,7,0.0458937198067632,94,38,0.0772946859903381,,,,0.0446859903381642,0.4868421052631579,37.0,828,50.142857142857146,0.0605590062111801
P33937,2NYA,A,9,0.71139,1,0.0618,0,"739,756","736,737,738,739,740,741,742,753,754,755,756,757,758,759",711,"708,709,710,711,712,713,714","775,792",747,17,43,0.0205314009661835,56,36,0.0893719806763285,0.9021739130434784,0.9638709677419356,747.0,,,,828,44.604651162790695,0.0538703516458824
P33937,2NYA,A,10,2.7183,5,0.36001,0,"212,686","209,210,211,212,213,214,215,683,684,685,686,687,688,689","109,122,136,159,204","106,107,108,109,110,111,112,119,120,121,122,123,124,125,133,134,135,136,137,138,139,156,157,158,159,160,161,162,201,202,203,204,205,206,207","248,722","145,158,172,195,240",474,229,0.572463768115942,651,152,0.2330917874396135,0.1751207729468599,0.5846774193548387,145.0,,,,828,364.8471615720524,0.4406366685652807
P33937,2NYA,A,11,2.78455,5,-0.10565,0,"253,646","250,251,252,253,254,255,256,643,644,645,646,647,648,649","111,122,136,157,232","108,109,110,111,112,113,114,119,120,121,122,123,124,125,133,134,135,136,137,138,139,154,155,156,157,158,159,160,229,230,231,232,233,234,235","289,682","147,158,172,193,268",393,47,0.4746376811594203,579,146,0.2234299516908212,0.1775362318840579,0.5086505190311419,147.0,,,,828,290.9574468085106,0.3513978826189741
P33937,2NYA,A,12,-0.00827,0,1.97949,2,"39,164","36,37,38,39,40,41,42,161,162,163,164,165,166,167","374,486","371,372,373,374,375,376,377,483,484,485,486,487,488,489","75,200","410,522",125,46,0.1509661835748792,280,78,0.1521739130434782,,,,0.3695652173913043,0.4872611464968153,306.0,828,178.2173913043478,0.215238395295106
P33937,2NYA,A,13,2.5623,6,-0.34179,0,"266,771","263,264,265,266,267,268,269,768,769,770,771,772,773,774","111,122,137,158,230,257","108,109,110,111,112,113,114,119,120,121,122,123,124,125,134,135,136,137,138,139,140,155,156,157,158,159,160,161,227,228,229,230,231,232,233,254,255,256,257,258,259,260","302,807","147,158,173,194,266,293",505,30,0.6099033816425121,693,175,0.2777777777777778,0.1775362318840579,0.4867549668874172,147.0,,,,828,448.56666666666666,0.5417471819645733
P33937,2NYA,A,14,1.30967,3,-0.76289,1,"268,430","265,266,267,268,269,270,271,427,428,429,430,431,432,433","148,233,257,662","145,146,147,148,149,150,151,230,231,232,233,234,235,236,254,255,256,257,258,259,260,659,660,661,662,663,664,665","304,466","184,269,293,698",162,6,0.1956521739130435,325,106,0.1823671497584541,0.2222222222222222,0.6052631578947368,184.0,0.1570048309178744,0.3591160220994475,130.0,828,168.16666666666666,0.2030998389694041
P33937,2NYA,A,15,-0.01866,0,-0.61483,1,"521,581","518,519,520,521,522,523,524,578,579,580,581,582,583,584",587,"584,585,586,587,588,589,590","557,617",623,60,11,0.072463768115942,108,26,0.0760869565217391,,,,0.2475845410628019,0.971563981042654,205.0,828,69.72727272727273,0.084211682037769
P34209,3CA8,A,1,0.02332,0,0.73132,1,"25,153","22,23,24,25,26,27,28,150,151,152,153,154,155,156",177,"174,175,176,177,178,179,180","25,153",177,128,16,0.4812030075187969,161,37,0.2556390977443609,,,,0.3345864661654135,0.7876106194690266,89.0,266,132.9375,0.4997650375939849
P34209,3CA8,A,2,0.62097,1,0.09612,0,"61,148","58,59,60,61,62,63,64,145,146,147,148,149,150,151",39,"36,37,38,39,40,41,42","61,148",39,87,18,0.3270676691729323,124,31,0.2218045112781954,0.1466165413533834,0.639344262295082,39.0,,,,266,119.66666666666669,0.449874686716792
P34209,3CA8,A,3,0.85911,1,0.05296,0,"86,200","83,84,85,86,87,88,89,197,198,199,200,201,202,203",68,"65,66,67,68,69,70,71","86,200",68,114,3,0.4285714285714285,186,40,0.2819548872180451,0.2556390977443609,0.7906976744186046,68.0,,,,266,120.33333333333331,0.4523809523809524
P35340,4O5Q,A,1,0.752,1,-0.05141,0,"248,326","245,246,247,248,249,250,251,323,324,325,326,327,328,329",241,"238,239,240,241,242,243,244","248,326",241,78,29,0.1497120921305182,151,36,0.145873320537428,0.4625719769673704,0.9717741935483872,241.0,,,,521,221.6551724137931,0.425441789661791
P35340,4O5Q,A,2,-0.11678,0,0.68447,1,"85,127","82,83,84,85,86,87,88,124,125,126,127,128,129,130",139,"136,137,138,139,140,141,142","85,127",139,42,6,0.0806142034548944,97,32,0.1190019193857965,,,,0.7332053742802304,0.9695431472081218,382.0,521,43.66666666666666,0.0838131797824696
P35340,4O5Q,A,3,0.07232,0,0.7462,1,"212,302","209,210,211,212,213,214,215,299,300,301,302,303,304,305",314,"311,312,313,314,315,316,317","212,302",314,90,1,0.1727447216890595,137,37,0.1113243761996161,,,,0.3973128598848368,0.9452054794520548,207.0,521,90.0,0.1727447216890595
P35340,4O5Q,A,4,0.86457,1,-0.01503,0,"374,446","371,372,373,374,375,376,377,443,444,445,446,447,448,449",359,"356,357,358,359,360,361,362","374,446",359,72,3,0.1381957773512476,111,35,0.1228406909788867,0.6890595009596929,0.9598930481283422,359.0,,,,521,77.0,0.1477927063339731
P35340,4O5Q,A,5,0.66992,1,-0.05561,0,"40,65","37,38,39,40,41,42,43,62,63,64,65,66,67,68",24,"21,22,23,24,25,26,27","40,65",24,25,11,0.0479846449136276,53,38,0.1209213051823416,0.0460652591170825,0.6,24.0,,,,521,39.63636363636363,0.0760774733903332
P35340,4O5Q,A,6,0.63919,1,-0.10862,0,"139,174","136,137,138,139,140,141,142,171,172,173,174,175,176,177",122,"119,120,121,122,123,124,125","139,174",122,35,13,0.0671785028790787,82,32,0.128598848368522,0.2341650671785028,0.8776978417266187,122.0,,,,521,45.38461538461539,0.0871105861508932
P35340,4O5Q,A,7,-0.03091,0,1.01987,1,"329,361","326,327,328,329,330,331,332,358,359,360,361,362,363,364",445,"442,443,444,445,446,447,448","329,361",445,32,27,0.0614203454894433,76,37,0.1305182341650671,,,,0.145873320537428,0.475,76.0,521,81.62962962962963,0.1566787516883486
P36649,3OD3,A,1,-0.68657,1,-0.76621,1,"112,448","109,110,111,112,113,114,115,445,446,447,448,449,450,451","99,481","96,97,98,99,100,101,102,478,479,480,481,482,483,484","112,448","99,481",336,71,0.6511627906976745,449,64,0.1957364341085271,0.191860465116279,0.8839285714285714,99.0,0.067829457364341,0.5147058823529411,35.0,516,234.56338028169012,0.4545801943443607
P36649,3OD3,A,2,0.11163,0,0.6894,1,"221,294","218,219,220,221,222,223,224,291,292,293,294,295,296,297",316,"313,314,315,316,317,318,319","221,294",316,73,1,0.1414728682170542,156,32,0.1143410852713178,,,,0.3875968992248062,0.9009009009009008,200.0,516,73.0,0.1414728682170542
P36649,3OD3,A,3,0.83714,1,-0.1062,0,"383,440","380,381,382,383,384,385,386,437,438,439,440,441,442,443",358,"355,356,357,358,359,360,361","383,440",358,57,1,0.1104651162790697,118,20,0.1124031007751938,0.6937984496124031,0.9347258485639688,358.0,,,,516,57.0,0.1104651162790697
P36649,3OD3,A,4,0.03513,0,-0.89869,1,"232,257","229,230,231,232,233,234,235,254,255,256,257,258,259,260",283,"280,281,282,283,284,285,286","232,257",283,25,16,0.0484496124031007,90,34,0.1434108527131783,,,,0.4515503875968992,0.8996138996138996,233.0,516,102.5,0.1986434108527131
P36649,3OD3,A,5,-0.7986,1,-0.07879,0,"272,298","269,270,271,272,273,274,275,295,296,297,298,299,300,301",246,"243,244,245,246,247,248,249","272,298",246,26,16,0.0503875968992248,87,33,0.1143410852713178,0.4767441860465116,0.9044117647058824,246.0,,,,516,65.5625,0.1270591085271318
P36655,1L6P,A,1,0.10032,0,-0.78896,1,"40,66","37,38,39,40,41,42,43,63,64,65,66,67,68,69",75,"72,73,74,75,76,77,78","59,85",94,26,3,0.0460176991150442,63,28,0.0761061946902654,,,,0.8336283185840708,0.98125,471.0,565,26.666666666666668,0.0471976401179941
P36655,1L6P,A,2,-0.7016,1,-0.2736,0,"78,105","75,76,77,78,79,80,81,102,103,104,105,106,107,108",39,"36,37,38,39,40,41,42","97,124",58,27,5,0.047787610619469,84,29,0.0849557522123893,0.1026548672566371,0.5979381443298969,58.0,,,,565,34.6,0.0612389380530973
P36673,4XXH,A,1,0.71954,1,0.11654,0,"190,216","187,188,189,190,191,192,193,213,214,215,216,217,218,219",183,"180,181,182,183,184,185,186","190,216",183,26,6,0.0825396825396825,59,37,0.1746031746031746,0.580952380952381,0.963157894736842,183.0,,,,315,47.66666666666666,0.1513227513227513
P36683,1L5J,A,1,0.17663,0,0.60507,1,"239,567","236,237,238,239,240,241,242,564,565,566,567,568,569,570",577,"574,575,576,577,578,579,580","239,567",577,328,4,0.3791907514450867,503,31,0.0901734104046242,,,,0.3329479768786127,0.9664429530201344,288.0,865,360.0,0.4161849710982659
P36683,1L5J,A,2,0.79586,1,-0.0009,0,"231,306","228,229,230,231,232,233,234,303,304,305,306,307,308,309",168,"165,166,167,168,169,170,171","231,306",168,75,8,0.0867052023121387,160,33,0.0554913294797687,0.1942196531791907,0.7272727272727273,168.0,,,,865,80.75,0.0933526011560693
P36683,1L5J,A,3,0.84321,1,-0.08456,0,"438,519","435,436,437,438,439,440,441,516,517,518,519,520,521,522",412,"409,410,411,412,413,414,415","438,519",412,81,24,0.0936416184971098,175,41,0.084393063583815,0.476300578034682,0.9406392694063926,412.0,,,,865,88.75,0.1026011560693641
P36683,1L5J,A,4,0.05169,0,0.95542,1,"504,589","501,502,503,504,505,506,507,586,587,588,589,590,591,592",605,"602,603,604,605,606,607,608","504,589",605,85,17,0.0982658959537572,204,41,0.0878612716763005,,,,0.3005780346820809,0.9420289855072465,260.0,865,96.29411764705884,0.1113226793607616
P36683,1L5J,A,5,0.8213,1,-0.0601,0,"735,815","732,733,734,735,736,737,738,812,813,814,815,816,817,818",706,"703,704,705,706,707,708,709","735,815",706,80,41,0.0924855491329479,154,41,0.0751445086705202,0.8161849710982659,0.9605442176870748,706.0,,,,865,103.04878048780488,0.1191315381361906
P36683,1L5J,A,6,0.92762,1,0.81253,1,"204,795","201,202,203,204,205,206,207,792,793,794,795,796,797,798","181,805","178,179,180,181,182,183,184,802,803,804,805,806,807,808","204,795","181,805",591,67,0.6832369942196532,715,75,0.1213872832369942,0.2092485549132948,0.8872549019607843,181.0,0.0693641618497109,0.8571428571428571,60.0,865,340.0,0.3930635838150289
P36683,1L5J,A,7,0.64114,1,0.71079,1,"453,776","450,451,452,453,454,455,456,773,774,775,776,777,778,779","440,806","437,438,439,440,441,442,443,803,804,805,806,807,808,809","453,776","440,806",323,1,0.3734104046242774,475,84,0.1387283236994219,0.5086705202312138,0.9713024282560706,440.0,0.0682080924855491,0.6629213483146067,59.0,865,323.0,0.3734104046242774
P36683,1L5J,A,8,1.01618,1,0.97344,1,"547,711","544,545,546,547,548,549,550,708,709,710,711,712,713,714","532,805","529,530,531,532,533,534,535,802,803,804,805,806,807,808","547,711","532,805",164,55,0.1895953757225433,293,76,0.1421965317919075,0.6150289017341041,0.9725776965265084,532.0,0.0693641618497109,0.3896103896103896,60.0,865,163.29090909090908,0.1887756174461376
P36683,1L5J,A,9,0.9939,3,-0.05212,0,"591,843","588,589,590,591,592,593,594,840,841,842,843,844,845,846","532,546,579","529,530,531,532,533,534,535,543,544,545,546,547,548,549,576,577,578,579,580,581,582","591,843","532,546,579",252,4,0.2913294797687861,374,76,0.1433526011560693,0.6150289017341041,0.9001692047377327,532.0,,,,865,253.5,0.2930635838150289
P36683,1L5J,A,10,-0.0637,0,0.76567,3,"20,193","17,18,19,20,21,22,23,190,191,192,193,194,195,196","233,248,268","230,231,232,233,234,235,236,245,246,247,248,249,250,251,265,266,267,268,269,270,271","20,193","233,248,268",173,7,0.2,268,93,0.1387283236994219,,,,0.6901734104046243,0.8883928571428571,597.0,865,179.14285714285714,0.2071015689512799
P36683,1L5J,A,11,0.9611,3,0.02103,0,"753,839","750,751,752,753,754,755,756,836,837,838,839,840,841,842","705,720,736","702,703,704,705,706,707,708,717,718,719,720,721,722,723,733,734,735,736,737,738,739","753,839","705,720,736",86,8,0.099421965317919,173,83,0.1190751445086705,0.815028901734104,0.9362549800796812,705.0,,,,865,96.875,0.1119942196531792
P36683,1L5J,A,12,0.33789,0,-0.74248,1,"349,517","346,347,348,349,350,351,352,514,515,516,517,518,519,520",523,"520,521,522,523,524,525,526","349,517",523,168,15,0.1942196531791907,281,28,0.0786127167630057,,,,0.3953757225433526,0.9827586206896552,342.0,865,214.46666666666667,0.2479383429672447
P36683,1L5J,A,13,1.05358,3,1.03454,1,"597,710","594,595,596,597,598,599,600,707,708,709,710,711,712,713","532,549,581,805","529,530,531,532,533,534,535,546,547,548,549,550,551,552,578,579,580,581,582,583,584,802,803,804,805,806,807,808","597,710","532,549,581,805",113,14,0.130635838150289,267,105,0.1676300578034682,0.6150289017341041,0.8911222780569514,532.0,0.0693641618497109,0.3870967741935484,60.0,865,124.64285714285714,0.1440957886044591
P36683,1L5J,A,14,0.64513,5,-0.01146,0,"626,846","623,624,625,626,627,628,629,843,844,845,846,847,848,849","532,550,580,592,608","529,530,531,532,533,534,535,547,548,549,550,551,552,553,577,578,579,580,581,582,583,589,590,591,592,593,594,595,605,606,607,608,609,610,611","626,846","532,550,580,592,608",220,7,0.2543352601156069,319,101,0.1641618497109826,0.6150289017341041,0.8498402555910544,532.0,,,,865,223.8571428571429,0.2587943848059455
P36683,1L5J,A,15,0.71417,5,1.0634,1,"635,742","632,633,634,635,636,637,638,739,740,741,742,743,744,745","534,549,581,592,609,806","531,532,533,534,535,536,537,546,547,548,549,550,551,552,578,579,580,581,582,583,584,589,590,591,592,593,594,595,606,607,608,609,610,611,612,803,804,805,806,807,808,809","635,742","534,549,581,592,609,806",107,4,0.1236994219653179,250,129,0.2127167630057803,0.6173410404624278,0.8409448818897638,534.0,0.0682080924855491,0.4796747967479675,59.0,865,111.5,0.1289017341040462
P36767,2OWL,B,1,0.0,0,-0.73931,1,"4,127","1,2,3,4,5,6,7,124,125,126,127,128,129,130",139,"136,137,138,139,140,141,142","4,127",139,123,2,0.4059405940594059,167,31,0.1782178217821782,,,,0.5412541254125413,0.9318181818181818,164.0,303,124.0,0.4092409240924092
P36767,2OWL,B,2,-0.62326,1,-0.02679,0,"136,166","133,134,135,136,137,138,139,163,164,165,166,167,168,169",10,"7,8,9,10,11,12,13","136,166",10,30,4,0.099009900990099,66,33,0.1881188118811881,0.033003300330033,0.0735294117647058,10.0,,,,303,156.25,0.5156765676567657
P36929,1SQF,A,1,-1.01601,1,-0.00471,0,"205,233","202,203,204,205,206,207,208,230,231,232,233,234,235,236",175,"172,173,174,175,176,177,178","205,233",175,28,15,0.0652680652680652,65,36,0.1328671328671328,0.4079254079254079,0.8536585365853658,175.0,,,,429,115.33333333333331,0.2688422688422688
P36929,1SQF,A,2,0.75949,1,0.12585,0,"260,320","257,258,259,260,261,262,263,317,318,319,320,321,322,323",251,"248,249,250,251,252,253,254","260,320",251,60,3,0.1398601398601398,107,34,0.1678321678321678,0.585081585081585,0.9653846153846154,251.0,,,,429,94.33333333333331,0.2198912198912198
P36979,3RFA,B,1,0.84227,1,0.07917,0,"137,178","134,135,136,137,138,139,140,175,176,177,178,179,180,181",119,"116,117,118,119,120,121,122","137,178",119,41,23,0.1067708333333333,103,42,0.1770833333333333,0.3098958333333333,0.8686131386861314,119.0,,,,384,172.17391304347825,0.4483695652173913
P36979,3RFA,B,2,0.75465,1,0.35801,0,"245,282","242,243,244,245,246,247,248,279,280,281,282,283,284,285",233,"230,231,232,233,234,235,236","245,282",233,37,5,0.0963541666666666,89,35,0.1796875,0.6067708333333334,0.9510204081632652,233.0,,,,384,53.4,0.1390625
P36999,1P91,A,1,-0.02134,0,-0.63493,1,"67,220","64,65,66,67,68,69,70,217,218,219,220,221,222,223",261,"258,259,260,261,262,263,264","67,220",261,153,12,0.5687732342007435,199,36,0.2304832713754646,,,,0.0297397769516728,0.1632653061224489,8.0,269,165.08333333333334,0.6136926889714994
P36999,1P91,A,2,0.63494,1,0.23717,0,"103,153","100,101,102,103,104,105,106,150,151,152,153,154,155,156",89,"86,87,88,89,90,91,92","103,153",89,50,2,0.1858736059479553,106,32,0.2379182156133829,0.3308550185873606,0.8640776699029126,89.0,,,,269,53.0,0.1970260223048327
P36999,1P91,A,3,0.6177,1,-0.65976,1,"192,236","189,190,191,192,193,194,195,233,234,235,236,237,238,239","179,257","176,177,178,179,180,181,182,254,255,256,257,258,259,260","192,236","179,257",44,10,0.1635687732342007,90,49,0.275092936802974,0.6654275092936803,0.9322916666666666,179.0,0.0446096654275092,0.3636363636363636,12.0,269,46.8,0.1739776951672862
P37001,3GP6,A,1,-0.65004,1,0.0,0,"55,161","52,53,54,55,56,57,58,158,159,160,161,162,163,164",24,"21,22,23,24,25,26,27","80,186",49,106,1,0.5698924731182796,133,29,0.2580645161290322,0.2634408602150537,0.6125,49.0,,,,186,106.0,0.5698924731182796
P37019,4ENE,A,1,0.53137,0,0.69472,1,"199,357","196,197,198,199,200,201,202,354,355,356,357,358,359,360",394,"391,392,393,394,395,396,397","199,357",394,158,36,0.3340380549682875,300,45,0.2071881606765327,,,,0.1670190274841437,0.6810344827586207,79.0,473,212.27777777777777,0.4487902278599953
P37019,4ENE,A,2,0.68616,1,0.0,0,"120,449","117,118,119,120,121,122,123,446,447,448,449,450,451,452",111,"108,109,110,111,112,113,114","120,449",111,329,5,0.6955602536997886,399,35,0.1162790697674418,0.2346723044397463,0.925,111.0,,,,473,333.4,0.7048625792811839
P37019,4ENE,A,3,-0.08564,0,0.67391,3,"239,317","236,237,238,239,240,241,242,314,315,316,317,318,319,320","346,362,390","343,344,345,346,347,348,349,359,360,361,362,363,364,365,387,388,389,390,391,392,393","239,317","346,362,390",78,41,0.1649048625792812,167,90,0.2389006342494714,,,,0.175475687103594,0.532051282051282,83.0,473,178.7560975609756,0.3779198679936059
P37024,6EUD,A,1,0.09535,0,0.90696,1,"22,140","19,20,21,22,23,24,25,137,138,139,140,141,142,143",153,"150,151,152,153,154,155,156","22,140",153,118,3,0.145859085290482,177,36,0.0840543881334981,,,,0.8108776266996292,0.9805680119581464,656.0,809,120.33333333333331,0.1487433044911413
P37024,6EUD,A,2,0.61053,1,0.13584,0,"266,286","263,264,265,266,267,268,269,283,284,285,286,287,288,289",214,"211,212,213,214,215,216,217","266,286",214,20,1,0.0247218788627935,73,30,0.07663782447466,0.2645241038318912,0.8045112781954887,214.0,,,,809,20.0,0.0247218788627935
P37024,6EUD,A,3,0.61704,1,0.08413,0,"513,590","510,511,512,513,514,515,516,587,588,589,590,591,592,593",500,"497,498,499,500,501,502,503","513,590",500,77,8,0.0951792336217552,132,34,0.072929542645241,0.6180469715698393,0.9746588693957114,500.0,,,,809,79.5,0.0982694684796044
P37024,6EUD,A,4,-0.01771,0,0.97114,1,"185,317","182,183,184,185,186,187,188,314,315,316,317,318,319,320",333,"330,331,332,333,334,335,336","185,317",333,132,14,0.1631644004944376,183,35,0.069221260815822,,,,0.588380716934487,0.967479674796748,476.0,809,164.42857142857142,0.2032491612219671
P37024,6EUD,A,5,0.14155,0,1.03045,3,"158,277","155,156,157,158,159,160,161,274,275,276,277,278,279,280","288,322,333","285,286,287,288,289,290,291,319,320,321,322,323,324,325,330,331,332,333,334,335,336","158,277","288,322,333",119,10,0.1470951792336217,182,64,0.1273176761433869,,,,0.588380716934487,0.8947368421052632,476.0,809,194.3,0.2401730531520395
P37024,6EUD,A,6,-0.7094,1,0.05233,0,"305,356","302,303,304,305,306,307,308,353,354,355,356,357,358,359",296,"293,294,295,296,297,298,299","305,356",296,51,9,0.0630407911001236,109,30,0.0791100123609394,0.3658838071693449,0.9704918032786886,296.0,,,,809,208.0,0.2571075401730531
P37095,6OAD,C,1,-0.41864,0,0.98485,1,"169,198","166,167,168,169,170,171,172,195,196,197,198,199,200,201",243,"240,241,242,243,244,245,246","169,198",243,29,53,0.0679156908665105,99,46,0.2295081967213114,,,,0.4309133489461358,0.8034934497816594,184.0,427,98.50943396226415,0.2307012504971057
P37095,6OAD,C,2,0.07308,0,0.92175,1,"298,327","295,296,297,298,299,300,301,324,325,326,327,328,329,330",394,"391,392,393,394,395,396,397","298,327",394,29,31,0.0679156908665105,87,39,0.1522248243559719,,,,0.0772833723653395,0.33,33.0,427,87.41935483870968,0.2047291682405378
P37095,6OAD,C,3,0.66201,1,0.03217,0,"204,253","201,202,203,204,205,206,207,250,251,252,253,254,255,256",195,"192,193,194,195,196,197,198","204,253",195,49,44,0.1147540983606557,145,49,0.1873536299765808,0.4566744730679157,0.9558823529411764,195.0,,,,427,154.11363636363637,0.3609218650202257
P37095,6OAD,C,4,0.65785,1,0.05655,0,"342,395","339,340,341,342,343,344,345,392,393,394,395,396,397,398",320,"317,318,319,320,321,322,323","342,395",320,53,24,0.1241217798594847,101,39,0.1569086651053864,0.7494145199063232,0.935672514619883,320.0,,,,427,80.375,0.188231850117096
P37128,3O69,B,1,-0.7458,1,0.03538,0,"81,156","78,79,80,81,82,83,84,153,154,155,156,157,158,159",62,"59,60,61,62,63,64,65","81,156",62,75,16,0.3926701570680628,110,35,0.3350785340314136,0.3246073298429319,0.7654320987654321,62.0,,,,191,92.4375,0.4839659685863874
P37146,3N37,A,1,0.64592,1,0.1822,0,"101,158","98,99,100,101,102,103,104,155,156,157,158,159,160,161",63,"60,61,62,63,64,65,66","101,158",63,57,32,0.1786833855799373,118,27,0.238244514106583,0.1974921630094044,0.6237623762376238,63.0,,,,319,91.21875,0.2859521943573668
P37329,4XXU,B,1,-0.74826,1,0.03383,0,"168,186","165,166,167,168,169,170,171,183,184,185,186,187,188,189",86,"83,84,85,86,87,88,89","192,210",110,18,24,0.0700389105058365,59,41,0.2801556420233463,0.4280155642023346,0.5729166666666666,110.0,,,,257,64.70833333333333,0.2517833981841764
P37329,4XXU,B,2,0.23878,0,-0.6676,1,"62,122","59,60,61,62,63,64,65,119,120,121,122,123,124,125",195,"192,193,194,195,196,197,198","86,146",219,60,33,0.2334630350194552,138,33,0.2568093385214007,,,,0.1478599221789883,0.3423423423423423,38.0,257,103.06060606060606,0.4010140313642259
P37329,4XXU,B,3,0.62913,1,0.0413,0,"125,152","122,123,124,125,126,127,128,149,150,151,152,153,154,155",118,"115,116,117,118,119,120,121","149,176",142,27,4,0.1050583657587548,63,39,0.2217898832684824,0.5525291828793775,0.953020134228188,142.0,,,,257,36.5,0.1420233463035019
P37330,1P7T,A,1,0.11258,0,-0.61574,1,"167,248","164,165,166,167,168,169,170,245,246,247,248,249,250,251",256,"253,254,255,256,257,258,259","167,248",256,81,1,0.1120331950207468,118,30,0.0677731673582296,,,,0.6459197786998617,0.983157894736842,467.0,723,81.0,0.1120331950207468
P37330,1P7T,A,2,0.78523,1,0.0,0,"359,713","356,357,358,359,360,361,362,710,711,712,713,714,715,716",340,"337,338,339,340,341,342,343","359,713",340,354,1,0.4896265560165975,464,32,0.1037344398340249,0.4702627939142462,0.947075208913649,340.0,,,,723,354.0,0.4896265560165975
P37330,1P7T,A,3,-0.08035,0,0.97879,1,"112,134","109,110,111,112,113,114,115,131,132,133,134,135,136,137",264,"261,262,263,264,265,266,267","112,134",264,22,2,0.0304287690179806,77,42,0.1023513139695712,,,,0.6348547717842323,0.7792869269949066,459.0,723,24.0,0.0331950207468879
P37330,1P7T,A,4,0.81177,1,0.02577,0,"621,670","618,619,620,621,622,623,624,667,668,669,670,671,672,673",601,"598,599,600,601,602,603,604","621,670",601,49,3,0.0677731673582296,101,33,0.0829875518672199,0.8312586445366529,0.9677938808373592,601.0,,,,723,55.0,0.0760719225449515
P37351,1NN4,D,1,0.68416,1,-0.01339,0,"23,63","20,21,22,23,24,25,26,60,61,62,63,64,65,66",5,"2,3,4,5,6,7,8","23,63",5,40,19,0.2684563758389262,76,41,0.4697986577181208,0.0335570469798657,0.217391304347826,5.0,,,,149,91.05263157894736,0.6110914871070293
P37353,5C5H,A,1,-0.66365,1,0.12776,0,"51,129","48,49,50,51,52,53,54,126,127,128,129,130,131,132",41,"38,39,40,41,42,43,44","51,129",41,78,3,0.1729490022172949,121,33,0.1352549889135255,0.0909090909090909,0.803921568627451,41.0,,,,451,80.33333333333333,0.1781226903178122
P37353,5C5H,A,2,-0.47414,0,0.62827,1,"81,185","78,79,80,81,82,83,84,182,183,184,185,186,187,188",191,"188,189,190,191,192,193,194","81,185",191,104,6,0.2305986696230598,195,29,0.1396895787139689,,,,0.5764966740576497,0.9774436090225564,260.0,451,117.83333333333331,0.2612712490761271
P37353,5C5H,A,3,0.76293,1,0.11322,0,"68,104","65,66,67,68,69,70,71,101,102,103,104,105,106,107",55,"52,53,54,55,56,57,58","68,104",55,36,5,0.0798226164079822,90,31,0.1441241685144124,0.1219512195121951,0.8088235294117647,55.0,,,,451,43.6,0.0966740576496674
P37353,5C5H,A,4,0.73414,1,0.17911,0,"192,222","189,190,191,192,193,194,195,219,220,221,222,223,224,225",178,"175,176,177,178,179,180,181","192,222",178,30,5,0.0665188470066518,80,32,0.155210643015521,0.3946784922394678,0.9270833333333334,178.0,,,,451,75.2,0.166740576496674
P37355,4MYD,A,1,0.76748,1,-0.03084,0,"213,232","210,211,212,213,214,215,216,229,230,231,232,233,234,235",206,"203,204,205,206,207,208,209","213,232",206,19,1,0.0753968253968253,49,35,0.2301587301587301,0.8174603174603174,0.9671361502347418,206.0,,,,252,19.0,0.0753968253968253
P37355,4MYD,A,2,0.0,0,0.92417,1,"6,27","3,4,5,6,7,8,9,24,25,26,27,28,29,30",42,"39,40,41,42,43,44,45","6,27",42,21,4,0.0833333333333333,59,35,0.2341269841269841,,,,0.8333333333333334,0.9333333333333332,210.0,252,22.75,0.0902777777777777
P37355,4MYD,A,3,0.75281,1,0.21556,0,"30,83","27,28,29,30,31,32,33,80,81,82,83,84,85,86",17,"14,15,16,17,18,19,20","30,83",17,53,26,0.2103174603174603,111,37,0.2896825396825397,0.0674603174603174,0.5666666666666667,17.0,,,,252,183.23076923076923,0.7271062271062271
P37355,4MYD,A,4,0.67168,1,0.23569,0,"155,209","152,153,154,155,156,157,158,206,207,208,209,210,211,212",111,"108,109,110,111,112,113,114","155,209",111,54,10,0.2142857142857142,127,38,0.2738095238095238,0.4404761904761904,0.7161290322580646,111.0,,,,252,70.3,0.278968253968254
P37387,3MA0,A,1,0.06806,0,-0.67251,1,"101,270","98,99,100,101,102,103,104,267,268,269,270,271,272,273",278,"275,276,277,278,279,280,281","124,293",301,169,6,0.5121212121212121,229,29,0.1393939393939394,,,,0.0878787878787878,0.7837837837837838,29.0,330,176.33333333333334,0.5343434343434343
P37387,3MA0,A,2,0.71501,1,0.20909,0,"145,193","142,143,144,145,146,147,148,190,191,192,193,194,195,196",126,"123,124,125,126,127,128,129","168,216",149,48,4,0.1454545454545454,95,32,0.2212121212121212,0.4515151515151515,0.8869047619047619,149.0,,,,330,58.0,0.1757575757575757
P37610,6EDH,A,1,0.0,0,-1.72839,2,"13,233","10,11,12,13,14,15,16,230,231,232,233,234,235,236","246,271","243,244,245,246,247,248,249,268,269,270,271,272,273,274","13,233","246,271",220,5,0.7773851590106007,280,66,0.3533568904593639,,,,0.0424028268551236,0.24,12.0,283,220.8,0.7802120141342757
P37610,6EDH,A,2,0.25331,0,-1.26716,1,"100,201","97,98,99,100,101,102,103,198,199,200,201,202,203,204",253,"250,251,252,253,254,255,256","100,201",253,101,8,0.3568904593639576,172,38,0.2332155477031802,,,,0.1060070671378091,0.3658536585365853,30.0,283,104.875,0.370583038869258
P37610,6EDH,A,3,-0.75939,1,0.11675,0,"185,211","182,183,184,185,186,187,188,208,209,210,211,212,213,214",151,"148,149,150,151,152,153,154","185,211",151,26,1,0.0918727915194346,72,34,0.1872791519434629,0.5335689045936396,0.8162162162162162,151.0,,,,283,26.0,0.0918727915194346
P37610,6EDH,A,4,0.18874,0,-2.71863,3,"40,192","37,38,39,40,41,42,43,189,190,191,192,193,194,195","201,253,271","198,199,200,201,202,203,204,250,251,252,253,254,255,256,268,269,270,271,272,273,274","40,192","201,253,271",152,91,0.5371024734982333,242,93,0.431095406360424,,,,0.0424028268551236,0.1318681318681318,12.0,283,139.27472527472528,0.4921368384265911
P37610,6EDH,A,5,-2.85416,3,0.0,0,"198,280","195,196,197,198,199,200,201,277,278,279,280,281,282,283","109,128,190","106,107,108,109,110,111,112,125,126,127,128,129,130,131,187,188,189,190,191,192,193","198,280","109,128,190",82,34,0.2897526501766784,185,92,0.3392226148409894,0.3851590106007067,0.5505050505050505,109.0,,,,283,75.6470588235294,0.2673040947827894
P37634,4BLW,A,1,0.65468,1,0.10228,0,"100,162","97,98,99,100,101,102,103,159,160,161,162,163,164,165",38,"35,36,37,38,39,40,41","100,162",38,62,1,0.2214285714285714,108,39,0.2821428571428571,0.1357142857142857,0.38,38.0,,,,280,62.0,0.2214285714285714
P37634,4BLW,A,2,-0.08969,0,-0.73829,1,"21,222","18,19,20,21,22,23,24,219,220,221,222,223,224,225",240,"237,238,239,240,241,242,243","21,222",240,201,6,0.7178571428571429,258,39,0.2678571428571428,,,,0.1428571428571428,0.6896551724137931,40.0,280,207.16666666666663,0.7398809523809523
P37657,6TJ0,A,1,-0.05595,0,-0.91026,1,"376,419","373,374,375,376,377,378,379,416,417,418,419,420,421,422",429,"426,427,428,429,430,431,432","376,419",429,43,17,0.0822179732313575,100,32,0.135755258126195,,,,0.1797323135755258,0.903846153846154,94.0,523,52.05882352941177,0.0995388595208638
P37657,6TJ0,A,2,-0.62908,1,0.02061,0,"430,467","427,428,429,430,431,432,433,464,465,466,467,468,469,470",392,"389,390,391,392,393,394,395","430,467",392,37,18,0.0707456978967495,68,31,0.1089866156787763,0.7495219885277247,0.9116279069767442,392.0,,,,523,62.888888888888886,0.1202464414701508
P37659,6PD0,A,1,0.01472,0,-0.67125,1,"240,437","237,238,239,240,241,242,243,434,435,436,437,438,439,440",468,"465,466,467,468,469,470,471","240,437",468,197,6,0.3524150268336314,271,43,0.1413237924865832,,,,0.1627906976744186,0.7459016393442623,91.0,559,198.83333333333331,0.3556946929039952
P37659,6PD0,A,2,-0.75471,1,0.00399,0,"466,531","463,464,465,466,467,468,469,528,529,530,531,532,533,534",271,"268,269,270,271,272,273,274","466,531",271,65,30,0.1162790697674418,134,34,0.1198568872987477,0.4847942754919499,0.5815450643776824,271.0,,,,559,86.46666666666667,0.1546809779367919
P37659,6PD0,A,3,1.60716,2,-0.94956,1,"252,447","249,250,251,252,253,254,255,444,445,446,447,448,449,450","240,244,469","237,238,239,240,241,242,243,241,242,243,244,245,246,247,466,467,468,469,470,471,472","252,447","240,244,469",195,158,0.3488372093023256,274,74,0.1735241502683363,0.4293381037567084,0.9523809523809524,240.0,0.1610017889087656,0.8035714285714286,90.0,559,193.95569620253164,0.3469690450850298
P37659,6PD0,A,4,0.08663,0,0.76393,3,"238,322","235,236,237,238,239,240,241,319,320,321,322,323,324,325","388,441,469","385,386,387,388,389,390,391,438,439,440,441,442,443,444,466,467,468,469,470,471,472","238,322","388,441,469",84,6,0.1502683363148479,190,85,0.1914132379248658,,,,0.1610017889087656,0.379746835443038,90.0,559,127.33333333333331,0.2277877161598091
P37659,6PD0,A,5,0.65632,1,-0.07288,0,"315,505","312,313,314,315,316,317,318,502,503,504,505,506,507,508",238,"235,236,237,238,239,240,241","315,505",238,190,2,0.3398926654740608,293,33,0.1305903398926654,0.4257602862254025,0.7555555555555555,238.0,,,,559,191.5,0.3425760286225403
P37659,6PD0,A,6,1.47398,2,0.01129,0,"332,442","329,330,331,332,333,334,335,439,440,441,442,443,444,445","241,323","238,239,240,241,242,243,244,320,321,322,323,324,325,326","332,442","241,323",110,5,0.1967799642218247,182,61,0.1699463327370304,0.4311270125223613,0.7259036144578314,241.0,,,,559,67.2,0.1202146690518783
P37671,1YSQ,A,1,0.64014,1,-0.13681,0,"40,144","37,38,39,40,41,42,43,141,142,143,144,145,146,147",29,"26,27,28,29,30,31,32","132,236",121,104,1,0.3687943262411347,144,41,0.2553191489361702,0.4290780141843971,0.9166666666666666,121.0,,,,282,104.0,0.3687943262411347
P37672,1NXU,A,1,-0.65997,1,-0.84103,1,"150,202","147,148,149,150,151,152,153,199,200,201,202,203,204,205","143,218","140,141,142,143,144,145,146,215,216,217,218,219,220,221","150,202","143,218",52,4,0.1566265060240964,120,60,0.1987951807228915,0.4307228915662651,0.9533333333333334,143.0,0.3433734939759036,0.8769230769230769,114.0,332,58.75,0.1769578313253012
P37672,1NXU,A,2,-0.62644,1,0.02168,0,"205,219","202,203,204,205,206,207,208,216,217,218,219,220,221,222",197,"194,195,196,197,198,199,200","205,219",197,14,1,0.0421686746987951,44,28,0.1475903614457831,0.5933734939759037,0.9609756097560976,197.0,,,,332,14.0,0.0421686746987951
P37672,1NXU,A,3,0.1155,0,-0.82143,1,"112,241","109,110,111,112,113,114,115,238,239,240,241,242,243,244",260,"257,258,259,260,261,262,263","112,241",260,129,10,0.3885542168674699,190,44,0.1927710843373494,,,,0.216867469879518,0.7912087912087912,72.0,332,140.2,0.422289156626506
P37690,6TPI,A,1,0.08581,0,-0.73657,1,"330,370","327,328,329,330,331,332,333,367,368,369,370,371,372,373",388,"385,386,387,388,389,390,391","330,370",388,40,3,0.0954653937947494,109,37,0.1431980906921241,,,,0.0739856801909307,0.6326530612244898,31.0,419,43.0,0.1026252983293556
P37744,1H5R,D,1,-0.05252,0,-0.79926,1,"137,149","134,135,136,137,138,139,140,146,147,148,149,150,151,152",171,"168,169,170,171,172,173,174","137,149",171,12,19,0.0409556313993174,43,28,0.1979522184300341,,,,0.4163822525597269,0.8472222222222222,122.0,293,39.26315789473684,0.1340039518591701
P37744,1H5R,D,2,0.66558,1,-0.03693,0,"174,218","171,172,173,174,175,176,177,215,216,217,218,219,220,221",136,"133,134,135,136,137,138,139","174,218",136,44,9,0.1501706484641638,88,37,0.1877133105802047,0.4641638225255973,0.7816091954022989,136.0,,,,293,63.11111111111112,0.2153962836556693
P37747,1I8T,A,1,0.61743,1,-1.78504,2,"51,285","48,49,50,51,52,53,54,282,283,284,285,286,287,288","31,294,309","28,29,30,31,32,33,34,291,292,293,294,295,296,297,306,307,308,309,310,311,312","51,285","31,294,309",234,48,0.6376021798365122,318,83,0.3079019073569482,0.0844686648501362,0.6078431372549019,31.0,0.1580381471389645,0.7073170731707317,58.0,367,187.52083333333331,0.510955949137148
P37747,1I8T,A,2,-0.60355,0,-1.26495,3,"154,269","151,152,153,154,155,156,157,266,267,268,269,270,271,272","279,296,310","276,277,278,279,280,281,282,293,294,295,296,297,298,299,307,308,309,310,311,312,313","154,269","279,296,310",115,33,0.3133514986376022,258,80,0.2833787465940054,,,,0.1553133514986376,0.5816326530612245,57.0,367,163.12121212121212,0.4444719676327305
P37747,1I8T,A,3,0.75397,1,0.03398,0,"53,310","50,51,52,53,54,55,56,307,308,309,310,311,312,313",31,"28,29,30,31,32,33,34","53,310",31,257,2,0.7002724795640327,322,29,0.215258855585831,0.0844686648501362,0.5849056603773585,31.0,,,,367,275.0,0.7493188010899182
P37747,1I8T,A,4,0.03359,0,-0.73962,1,"57,78","54,55,56,57,58,59,60,75,76,77,78,79,80,81",188,"185,186,187,188,189,190,191","57,78",188,21,2,0.0572207084468664,46,31,0.1553133514986376,,,,0.4877384196185286,0.6193771626297578,179.0,367,22.0,0.0599455040871934
P37747,1I8T,A,5,-0.86515,1,0.02463,0,"298,311","295,296,297,298,299,300,301,308,309,310,311,312,313,314",247,"244,245,246,247,248,249,250","298,311",247,13,1,0.0354223433242506,39,30,0.1689373297002724,0.6730245231607629,0.8288590604026845,247.0,,,,367,13.0,0.0354223433242506
P37758,4IU9,B,1,-0.14183,0,0.7689,1,"75,128","72,73,74,75,76,77,78,125,126,127,128,129,130,131",137,"134,135,136,137,138,139,140","75,128",137,53,28,0.1147186147186147,132,34,0.145021645021645,,,,0.7034632034632035,0.9730538922155688,325.0,462,61.92857142857143,0.1340445269016697
P37758,4IU9,B,2,0.61669,1,0.06691,0,"155,233","152,153,154,155,156,157,158,230,231,232,233,234,235,236",41,"38,39,40,41,42,43,44","155,233",41,78,41,0.1688311688311688,148,37,0.1536796536796536,0.0887445887445887,0.2645161290322581,41.0,,,,462,113.36585365853658,0.245380635624538
P37758,4IU9,B,3,-0.13607,0,0.72714,1,"282,337","279,280,281,282,283,284,285,334,335,336,337,338,339,340",354,"351,352,353,354,355,356,357","282,337",354,55,10,0.119047619047619,117,30,0.1298701298701298,,,,0.2337662337662337,0.864,108.0,462,59.2,0.1281385281385281
P37758,4IU9,B,4,1.32457,1,-0.81624,1,"122,196","119,120,121,122,123,124,125,193,194,195,196,197,198,199","49,210","46,47,48,49,50,51,52,207,208,209,210,211,212,213","122,196","49,210",74,5,0.1601731601731601,162,72,0.1926406926406926,0.106060606060606,0.4016393442622951,49.0,0.5454545454545454,0.9473684210526316,252.0,462,100.0,0.2164502164502164
P37765,4LGT,A,1,0.0326,0,-0.81471,1,"137,170","134,135,136,137,138,139,140,167,168,169,170,171,172,173",187,"184,185,186,187,188,189,190","137,170",187,33,1,0.1134020618556701,68,33,0.1993127147766323,,,,0.3573883161512027,0.859504132231405,104.0,291,33.0,0.1134020618556701
P37765,4LGT,A,2,-0.80674,1,0.05104,0,"183,209","180,181,182,183,184,185,186,206,207,208,209,210,211,212",142,"139,140,141,142,143,144,145","183,209",142,26,4,0.0893470790378006,67,31,0.1718213058419244,0.4879725085910653,0.7759562841530054,142.0,,,,291,27.0,0.0927835051546391
P37765,4LGT,A,3,0.65866,1,-0.01617,0,"96,229","93,94,95,96,97,98,99,226,227,228,229,230,231,232",71,"68,69,70,71,72,73,74","96,229",71,133,4,0.4570446735395189,167,35,0.1821305841924398,0.2439862542955326,0.7395833333333334,71.0,,,,291,133.75,0.4596219931271477
P38038,1DDG,A,1,-0.68621,1,0.38396,0,"365,415","362,363,364,365,366,367,368,412,413,414,415,416,417,418",321,"318,319,320,321,322,323,324","365,415",321,50,34,0.0834724540901502,124,34,0.1035058430717863,0.5358931552587646,0.8794520547945206,321.0,,,,599,81.47058823529412,0.1360109987233624
P38038,1DDG,A,2,0.0,0,-1.04138,1,"236,279","233,234,235,236,237,238,239,276,277,278,279,280,281,282",436,"433,434,435,436,437,438,439","236,279",436,43,4,0.0717863105175292,106,32,0.1068447412353923,,,,0.2721202003338898,0.509375,163.0,599,71.5,0.1193656093489148
P38038,1DDG,A,3,0.66903,1,0.02917,0,"470,550","467,468,469,470,471,472,473,547,548,549,550,551,552,553",456,"453,454,455,456,457,458,459","470,550",456,80,5,0.1335559265442404,131,39,0.1268781302170283,0.7612687813021702,0.9702127659574468,456.0,,,,599,83.6,0.1395659432387312
P38051,3BZN,A,1,-1.66551,4,-0.8996,1,"107,375","104,105,106,107,108,109,110,372,373,374,375,376,377,378","43,53,66,96,384","40,41,42,43,44,45,46,50,51,52,53,54,55,56,63,64,65,66,67,68,69,93,94,95,96,97,98,99,381,382,383,384,385,386,387","107,375","43,53,66,96,384",268,84,0.6218097447795824,395,122,0.3132250580046403,0.099767981438515,0.4018691588785046,43.0,0.1090487238979118,0.8392857142857143,47.0,431,255.8690476190476,0.5936636835708762
P38051,3BZN,A,2,-0.12344,0,-0.94687,1,"66,95","63,64,65,66,67,68,69,92,93,94,95,96,97,98",108,"105,106,107,108,109,110,111","66,95",108,29,10,0.0672853828306264,65,35,0.1716937354988399,,,,0.7494199535962877,0.9613095238095238,323.0,431,48.4,0.1122969837587006
P38051,3BZN,A,3,0.0585,0,-0.6361,1,"190,284","187,188,189,190,191,192,193,281,282,283,284,285,286,287",397,"394,395,396,397,398,399,400","190,284",397,94,38,0.2180974477958236,217,36,0.2064965197215777,,,,0.0788863109048723,0.2312925170068027,34.0,431,156.94736842105263,0.364147026498962
P38051,3BZN,A,4,-0.01162,0,-0.78301,1,"239,311","236,237,238,239,240,241,242,308,309,310,311,312,313,314",317,"314,315,316,317,318,319,320","239,311",317,72,5,0.1670533642691415,127,37,0.1740139211136891,,,,0.2645011600928074,0.95,114.0,431,88.6,0.205568445475638
P38051,3BZN,A,5,-0.86571,1,0.09943,0,"318,387","315,316,317,318,319,320,321,384,385,386,387,388,389,390",252,"249,250,251,252,253,254,255","318,387",252,69,13,0.1600928074245939,168,34,0.2111368909512761,0.5846867749419954,0.7924528301886793,252.0,,,,431,101.6153846153846,0.2357665536319828
P38051,3BZN,A,6,-0.72816,1,-0.7773,1,"55,372","52,53,54,55,56,57,58,369,370,371,372,373,374,375","43,383","40,41,42,43,44,45,46,380,381,382,383,384,385,386","55,372","43,383",317,22,0.7354988399071926,410,62,0.2389791183294663,0.099767981438515,0.7818181818181819,43.0,0.111368909512761,0.8135593220338984,48.0,431,230.95454545454547,0.5358574140476693
P38054,3NE5,A,1,-0.01278,0,-0.73711,1,"44,80","41,42,43,44,45,46,47,77,78,79,80,81,82,83",96,"93,94,95,96,97,98,99","44,80",96,36,1,0.0343839541547277,92,34,0.0620821394460362,,,,0.9083094555873924,0.983453981385729,951.0,1047,36.0,0.0343839541547277
P38054,3NE5,A,2,-0.87162,1,-0.06373,0,"625,669","622,623,624,625,626,627,628,666,667,668,669,670,671,672",570,"567,568,569,570,571,572,573","625,669",570,44,1,0.0420248328557784,89,32,0.0725883476599809,0.5444126074498568,0.912,570.0,,,,1047,44.0,0.0420248328557784
P38054,3NE5,A,3,-0.80608,1,0.1578,0,"819,853","816,817,818,819,820,821,822,850,851,852,853,854,855,856",686,"683,684,685,686,687,688,689","819,853",686,34,2,0.0324737344794651,85,31,0.052531041069723,0.6552053486150907,0.8376068376068376,686.0,,,,1047,35.0,0.0334288443170964
P38054,3NE5,A,4,-0.63755,1,-0.32867,0,"832,921","829,830,831,832,833,834,835,918,919,920,921,922,923,924",558,"555,556,557,558,559,560,561","832,921",558,89,1,0.0850047755491881,176,29,0.0506208213944603,0.5329512893982808,0.6706730769230769,558.0,,,,1047,89.0,0.0850047755491881
P38054,3NE5,A,5,-0.01557,0,-0.75585,1,"133,175","130,131,132,133,134,135,136,172,173,174,175,176,177,178",288,"285,286,287,288,289,290,291","133,175",288,42,3,0.0401146131805157,95,43,0.0687679083094555,,,,0.7249283667621776,0.8704128440366973,759.0,1047,74.0,0.0706781279847182
P38054,3NE5,A,6,-0.89883,1,0.1974,0,"278,322","275,276,277,278,279,280,281,319,320,321,322,323,324,325",143,"140,141,142,143,144,145,146","278,322",143,44,2,0.0420248328557784,105,35,0.0687679083094555,0.1365807067812798,0.5143884892086331,143.0,,,,1047,45.0,0.0429799426934097
P38054,3NE5,A,7,-0.06434,0,-0.78543,1,"660,712","657,658,659,660,661,662,663,709,710,711,712,713,714,715",825,"822,823,824,825,826,827,828","660,712",825,52,11,0.049665711556829,113,41,0.0668576886341929,,,,0.2120343839541547,0.6626865671641791,222.0,1047,125.0,0.1193887297039159
P38054,3NE5,A,8,-0.68829,1,-0.66844,1,"99,473","96,97,98,99,100,101,102,470,471,472,473,474,475,476","36,479","33,34,35,36,37,38,39,476,477,478,479,480,481,482","99,473","36,479",374,7,0.3572110792741165,544,60,0.0878701050620821,0.0343839541547277,0.3636363636363636,36.0,0.542502387774594,0.989547038327526,568.0,1047,404.7142857142857,0.3865465957156501
P38054,3NE5,A,9,-0.13754,0,0.63923,1,"918,999","915,916,917,918,919,920,921,996,997,998,999,1000,1001,1002",1014,"1011,1012,1013,1014,1015,1016,1017","918,999",1014,81,1,0.0773638968481375,166,38,0.0630372492836676,,,,0.0315186246418338,0.6875,33.0,1047,81.0,0.0773638968481375
P38134,3CIO,A,1,0.86603,1,0.15829,0,"545,670","542,543,544,545,546,547,548,667,668,669,670,671,672,673",536,"533,534,535,536,537,538,539","545,670",536,125,8,0.1721763085399449,174,40,0.0977961432506887,0.7382920110192838,0.98348623853211,536.0,,,,726,140.5,0.193526170798898
P38134,3CIO,A,2,0.02396,0,0.87376,1,"533,634","530,531,532,533,534,535,536,631,632,633,634,635,636,637",645,"642,643,644,645,646,647,648","533,634",645,101,5,0.1391184573002754,156,36,0.0840220385674931,,,,0.1115702479338843,0.8804347826086957,81.0,726,105.4,0.1451790633608815
P38134,3CIO,A,3,0.07467,0,0.68488,1,"570,587","567,568,569,570,571,572,573,584,585,586,587,588,589,590",614,"611,612,613,614,615,616,617","570,587",614,17,4,0.0234159779614325,44,37,0.0730027548209366,,,,0.1542699724517906,0.8057553956834532,112.0,726,19.0,0.0261707988980716
P38489,1DS7,A,1,-0.00645,0,-0.64655,1,"13,74","10,11,12,13,14,15,16,71,72,73,74,75,76,77",81,"78,79,80,81,82,83,84","13,74",81,61,1,0.2811059907834101,115,39,0.3594470046082949,,,,0.6267281105990783,0.951048951048951,136.0,217,61.0,0.2811059907834101
P38489,1DS7,A,2,-0.1687,0,-0.71706,1,"74,162","71,72,73,74,75,76,77,159,160,161,162,163,164,165",189,"186,187,188,189,190,191,192","74,162",189,88,40,0.4055299539170507,147,39,0.3179723502304147,,,,0.1290322580645161,0.509090909090909,28.0,217,120.05,0.5532258064516129
P38489,1DS7,A,3,0.61034,1,-0.36521,0,"94,183","91,92,93,94,95,96,97,180,181,182,183,184,185,186",85,"82,83,84,85,86,87,88","94,183",85,89,1,0.4101382488479262,141,33,0.2626728110599078,0.391705069124424,0.9042553191489362,85.0,,,,217,89.0,0.4101382488479262
P38506,3ZD9,A,1,0.63644,1,-0.0099,0,"66,102","63,64,65,66,67,68,69,99,100,101,102,103,104,105",50,"47,48,49,50,51,52,53","66,102",50,36,12,0.1434262948207171,73,31,0.2310756972111553,0.199203187250996,0.7575757575757576,50.0,,,,251,83.58333333333333,0.3330013280212483
P39265,1GUD,A,1,0.61225,1,0.20937,0,"151,175","148,149,150,151,152,153,154,172,173,174,175,176,177,178",140,"137,138,139,140,141,142,143","174,198",163,24,8,0.0771704180064308,65,35,0.1993569131832797,0.5241157556270096,0.9367816091954024,163.0,,,,311,48.875,0.1571543408360128
P39301,4RP9,A,1,0.02634,0,-0.8415,3,"69,259","66,67,68,69,70,71,72,256,257,258,259,260,261,262","327,364,374","324,325,326,327,328,329,330,361,362,363,364,365,366,367,371,372,373,374,375,376,377","69,259","327,364,374",190,92,0.4086021505376344,294,71,0.2301075268817204,,,,0.1956989247311828,0.441747572815534,91.0,465,226.92391304347825,0.488008415147265
P39301,4RP9,A,2,0.14505,0,-0.61675,1,"203,367","200,201,202,203,204,205,206,364,365,366,367,368,369,370",374,"371,372,373,374,375,376,377","203,367",374,164,20,0.3526881720430107,270,35,0.1462365591397849,,,,0.1956989247311828,0.9285714285714286,91.0,465,248.6,0.5346236559139785
P39301,4RP9,A,3,-0.16213,0,-0.85787,1,"151,401","148,149,150,151,152,153,154,398,399,400,401,402,403,404",410,"407,408,409,410,411,412,413","151,401",410,250,7,0.5376344086021505,349,43,0.1526881720430107,,,,0.1182795698924731,0.859375,55.0,465,262.2857142857143,0.5640552995391704
P39304,1Q6O,B,1,0.64386,1,-0.2446,0,"21,195","18,19,20,21,22,23,24,192,193,194,195,196,197,198",8,"5,6,7,8,9,10,11","21,195",8,174,3,0.8055555555555556,207,34,0.2685185185185185,0.037037037037037,0.3809523809523809,8.0,,,,216,175.66666666666666,0.8132716049382716
P39315,2ZCV,A,1,0.71236,1,-0.0725,0,"167,256","164,165,166,167,168,169,170,253,254,255,256,257,258,259",159,"156,157,158,159,160,161,162","167,256",159,89,4,0.3111888111888112,158,36,0.2657342657342657,0.5559440559440559,0.9520958083832336,159.0,,,,286,90.0,0.3146853146853147
P39315,2ZCV,A,2,0.76946,1,0.17524,0,"114,139","111,112,113,114,115,116,117,136,137,138,139,140,141,142",103,"100,101,102,103,104,105,106","114,139",103,25,16,0.0874125874125874,75,40,0.2762237762237762,0.3601398601398601,0.9035087719298246,103.0,,,,286,123.25,0.4309440559440559
P39315,2ZCV,A,3,0.65813,1,0.0,0,"212,275","209,210,211,212,213,214,215,272,273,274,275,276,277,278",195,"192,193,194,195,196,197,198","212,275",195,63,11,0.2202797202797203,117,36,0.2307692307692307,0.6818181818181818,0.9198113207547168,195.0,,,,286,68.0,0.2377622377622377
P39325,2VK2,A,1,0.63415,1,0.20669,0,"146,170","143,144,145,146,147,148,149,167,168,169,170,171,172,173",134,"131,132,133,134,135,136,137","167,191",155,24,11,0.0754716981132075,66,42,0.2232704402515723,0.4874213836477987,0.9281437125748504,155.0,,,,318,56.09090909090909,0.1763865065751858
P39332,1PF5,A,1,0.67231,1,0.0,0,"91,120","88,89,90,91,92,93,94,117,118,119,120,121,122,123",80,"77,78,79,80,81,82,83","91,120",80,29,1,0.2213740458015267,56,33,0.4503816793893129,0.6106870229007634,0.8791208791208791,80.0,,,,131,29.0,0.2213740458015267
P39333,5Z2L,B,1,0.66155,1,0.08218,0,"26,78","23,24,25,26,27,28,29,75,76,77,78,79,80,81",9,"6,7,8,9,10,11,12","26,78",9,52,19,0.2194092827004219,95,35,0.2827004219409282,0.0379746835443038,0.3461538461538461,9.0,,,,237,147.89473684210526,0.624028425494115
P39346,6DKH,A,1,-0.77761,1,0.14035,0,"63,327","60,61,62,63,64,65,66,324,325,326,327,328,329,330",37,"34,35,36,37,38,39,40","63,327",37,264,1,0.7696793002915452,317,38,0.2332361516034985,0.107871720116618,0.5873015873015873,37.0,,,,343,264.0,0.7696793002915452
P39346,6DKH,A,2,-0.60909,1,-0.24003,0,"16,47","13,14,15,16,17,18,19,44,45,46,47,48,49,50",6,"3,4,5,6,7,8,9","16,47",6,31,6,0.0903790087463556,96,32,0.1661807580174927,0.0174927113702623,0.375,6.0,,,,343,260.8333333333333,0.76044703595724
P39346,6DKH,A,3,-0.98194,1,-0.62823,1,"105,160","102,103,104,105,106,107,108,157,158,159,160,161,162,163","87,291","84,85,86,87,88,89,90,288,289,290,291,292,293,294","105,160","87,291",55,9,0.1603498542274052,140,60,0.2507288629737609,0.2536443148688047,0.8285714285714286,87.0,0.151603498542274,0.2841530054644808,52.0,343,155.11111111111111,0.4522189828312277
P39346,6DKH,A,4,-0.97854,3,0.12998,0,"128,320","125,126,127,128,129,130,131,317,318,319,320,321,322,323","37,66,87","34,35,36,37,38,39,40,63,64,65,66,67,68,69,84,85,86,87,88,89,90","128,320","37,66,87",192,10,0.5597667638483965,249,77,0.3061224489795918,0.107871720116618,0.2890625,37.0,,,,343,194.2,0.5661807580174927
P39346,6DKH,A,5,0.62314,1,0.32883,0,"189,240","186,187,188,189,190,191,192,237,238,239,240,241,242,243",173,"170,171,172,173,174,175,176","189,240",173,51,7,0.1486880466472303,93,37,0.1982507288629737,0.5043731778425656,0.9153439153439152,173.0,,,,343,64.0,0.1865889212827988
P39353,6O15,A,1,0.19251,0,-0.60896,1,"151,200","148,149,150,151,152,153,154,197,198,199,200,201,202,203",210,"207,208,209,210,211,212,213","151,200",210,49,2,0.1317204301075268,116,34,0.1451612903225806,,,,0.4354838709677419,0.9418604651162792,162.0,372,49.0,0.1317204301075268
P39353,6O15,A,2,0.63806,1,-0.03548,0,"180,240","177,178,179,180,181,182,183,237,238,239,240,241,242,243",147,"144,145,146,147,148,149,150","180,240",147,60,2,0.1612903225806451,115,33,0.1720430107526881,0.3951612903225806,0.8166666666666667,147.0,,,,372,60.5,0.1626344086021505
P39367,1NKV,A,1,0.65179,1,0.24017,0,"50,110","47,48,49,50,51,52,53,107,108,109,110,111,112,113",41,"38,39,40,41,42,43,44","50,110",41,60,2,0.2419354838709677,102,35,0.3387096774193548,0.1653225806451612,0.82,41.0,,,,248,73.5,0.2963709677419355
P39367,1NKV,A,2,0.61225,1,-0.40042,0,"157,229","154,155,156,157,158,159,160,226,227,228,229,230,231,232",141,"138,139,140,141,142,143,144","157,229",141,72,9,0.2903225806451613,120,34,0.2620967741935484,0.5685483870967742,0.8980891719745223,141.0,,,,248,77.33333333333333,0.3118279569892473
P39371,2UVK,B,1,-0.61776,1,0.15407,0,"22,322","19,20,21,22,23,24,25,319,320,321,322,323,324,325",13,"10,11,12,13,14,15,16","41,341",32,300,1,0.8152173913043478,337,40,0.2146739130434782,0.0869565217391304,0.7804878048780488,32.0,,,,368,300.0,0.8152173913043478
P39377,1YBQ,A,1,-0.74219,1,0.02241,0,"325,363","322,323,324,325,326,327,328,360,361,362,363,364,365,366",62,"59,60,61,62,63,64,65","325,363",62,38,8,0.0974358974358974,91,41,0.1897435897435897,0.1589743589743589,0.1907692307692307,62.0,,,,390,47.625,0.1221153846153846
P39377,1YBQ,A,2,0.63966,1,-0.13959,0,"28,60","25,26,27,28,29,30,31,57,58,59,60,61,62,63",12,"9,10,11,12,13,14,15","28,60",12,32,4,0.082051282051282,71,39,0.1923076923076923,0.0307692307692307,0.4285714285714285,12.0,,,,390,254.5,0.6525641025641026
P39377,1YBQ,A,3,0.73767,1,0.22634,0,"77,106","74,75,76,77,78,79,80,103,104,105,106,107,108,109",70,"67,68,69,70,71,72,73","77,106",70,29,22,0.0743589743589743,93,34,0.1666666666666666,0.1794871794871795,0.9090909090909092,70.0,,,,390,199.0,0.5102564102564102
P39406,2PJD,A,1,-0.07202,0,-0.85355,1,"14,134","11,12,13,14,15,16,17,131,132,133,134,135,136,137",142,"139,140,141,142,143,144,145","14,134",142,120,2,0.3498542274052478,161,33,0.151603498542274,,,,0.5860058309037901,0.9617224880382776,201.0,343,121.5,0.3542274052478134
P39406,2PJD,A,2,0.64364,1,0.11008,0,"34,83","31,32,33,34,35,36,37,80,81,82,83,84,85,86",23,"20,21,22,23,24,25,26","34,83",23,49,2,0.1428571428571428,94,31,0.2011661807580174,0.0670553935860058,0.6764705882352942,23.0,,,,343,49.5,0.1443148688046647
P39406,2PJD,A,3,0.60794,1,0.18524,0,"214,266","211,212,213,214,215,216,217,263,264,265,266,267,268,269",201,"198,199,200,201,202,203,204","214,266",201,52,2,0.151603498542274,109,31,0.2011661807580174,0.5860058309037901,0.9392523364485982,201.0,,,,343,54.0,0.1574344023323615
P39408,1ZZM,A,1,0.70557,1,0.01931,0,"33,223","30,31,32,33,34,35,36,220,221,222,223,224,225,226",9,"6,7,8,9,10,11,12","33,223",9,190,16,0.7335907335907336,231,37,0.2586872586872586,0.0347490347490347,0.2727272727272727,9.0,,,,259,196.625,0.7591698841698842
P39451,4GKV,D,1,-0.6245,1,0.30316,0,"56,318","53,54,55,56,57,58,59,315,316,317,318,319,320,321",35,"32,33,34,35,36,37,38","56,318",35,262,1,0.7797619047619048,312,39,0.2351190476190476,0.1041666666666666,0.625,35.0,,,,336,262.0,0.7797619047619048
P39451,4GKV,D,2,-0.63613,1,-0.03528,0,"100,127","97,98,99,100,101,102,103,124,125,126,127,128,129,130",86,"83,84,85,86,87,88,89","100,127",86,27,1,0.0803571428571428,85,34,0.1875,0.2559523809523809,0.86,86.0,,,,336,27.0,0.0803571428571428
P39451,4GKV,D,3,0.78519,1,0.2808,0,"174,235","171,172,173,174,175,176,177,232,233,234,235,236,237,238",165,"162,163,164,165,166,167,168","174,235",165,61,1,0.181547619047619,112,38,0.2321428571428571,0.4910714285714285,0.9482758620689656,165.0,,,,336,61.0,0.181547619047619
P39451,4GKV,D,4,-0.8284,3,0.25847,0,"117,311","114,115,116,117,118,119,120,308,309,310,311,312,313,314","35,58,82","32,33,34,35,36,37,38,55,56,57,58,59,60,61,79,80,81,82,83,84,85","117,311","35,58,82",194,15,0.5773809523809523,260,83,0.3154761904761904,0.1041666666666666,0.2991452991452991,35.0,,,,336,196.53333333333333,0.584920634920635
P39830,3FWZ,A,1,0.68178,1,0.07785,0,"441,484","438,439,440,441,442,443,444,481,482,483,484,485,486,487",419,"416,417,418,419,420,421,422","441,484",419,43,4,0.0770609318996415,75,31,0.0913978494623656,0.7508960573476703,0.9501133786848072,419.0,,,,558,51.5,0.0922939068100358
P40191,2DDM,B,1,0.67656,1,-0.03574,0,"30,57","27,28,29,30,31,32,33,54,55,56,57,58,59,60",23,"20,21,22,23,24,25,26","30,57",23,27,2,0.0954063604240282,73,36,0.1978798586572438,0.0812720848056537,0.7666666666666667,23.0,,,,283,36.5,0.1289752650176678
P41052,1D0L,A,1,-0.12741,0,-0.7956,1,"148,236","145,146,147,148,149,150,151,233,234,235,236,237,238,239",255,"252,253,254,255,256,257,258","148,236",255,88,5,0.2437673130193905,150,35,0.1606648199445983,,,,0.2936288088642659,0.848,106.0,361,93.0,0.2576177285318559
P41409,3G5I,A,1,0.20292,0,-0.66815,1,"90,219","87,88,89,90,91,92,93,216,217,218,219,220,221,222",240,"237,238,239,240,241,242,243","90,219",240,129,14,0.4147909967845659,218,34,0.2282958199356913,,,,0.2282958199356913,0.7717391304347826,71.0,311,155.42857142857142,0.4997703261368856
P41409,3G5I,A,2,-0.6238,1,-0.00116,0,"276,290","273,274,275,276,277,278,279,287,288,289,290,291,292,293",259,"256,257,258,259,260,261,262","276,290",259,14,1,0.045016077170418,37,30,0.1897106109324758,0.8327974276527331,0.9384057971014492,259.0,,,,311,14.0,0.045016077170418
P41409,3G5I,A,3,0.61251,1,-0.02395,0,"164,189","161,162,163,164,165,166,167,186,187,188,189,190,191,192",151,"148,149,150,151,152,153,154","164,189",151,25,2,0.0803858520900321,84,41,0.2282958199356913,0.4855305466237942,0.9207317073170732,151.0,,,,311,28.0,0.090032154340836
P41409,3G5I,A,4,0.62745,1,0.14717,0,"48,85","45,46,47,48,49,50,51,82,83,84,85,86,87,88",40,"37,38,39,40,41,42,43","48,85",40,37,3,0.1189710610932476,90,33,0.2154340836012861,0.1286173633440514,0.8333333333333334,40.0,,,,311,38.0,0.1221864951768488
P42588,4UOX,C,1,-0.02639,0,-0.74915,1,"84,412","81,82,83,84,85,86,87,409,410,411,412,413,414,415",426,"423,424,425,426,427,428,429","84,412",426,328,4,0.7145969498910676,378,39,0.1437908496732026,,,,0.0718954248366013,0.7021276595744681,33.0,459,339.0,0.738562091503268
P42588,4UOX,C,2,0.77795,1,0.17636,0,"190,236","187,188,189,190,191,192,193,233,234,235,236,237,238,239",173,"170,171,172,173,174,175,176","190,236",173,46,1,0.1002178649237472,90,36,0.1721132897603486,0.3769063180827887,0.9105263157894736,173.0,,,,459,46.0,0.1002178649237472
P42588,4UOX,C,3,-0.60477,1,-0.63944,1,"242,418","239,240,241,242,243,244,245,415,416,417,418,419,420,421","146,424","143,144,145,146,147,148,149,421,422,423,424,425,426,427","242,418","146,424",176,72,0.3834422657952069,285,66,0.2004357298474945,0.3180827886710239,0.6033057851239669,146.0,0.0762527233115468,0.8536585365853658,35.0,459,150.41666666666666,0.3277051561365287
P42588,4UOX,C,4,-0.02376,0,-1.35608,2,"103,304","100,101,102,103,104,105,106,301,302,303,304,305,306,307","313,339","310,311,312,313,314,315,316,336,337,338,339,340,341,342","103,304","313,339",201,27,0.4379084967320261,272,70,0.2004357298474945,,,,0.261437908496732,0.7741935483870968,120.0,459,185.44444444444449,0.4040183974824498
P42588,4UOX,C,5,-0.07345,0,-0.84056,3,"95,276","92,93,94,95,96,97,98,273,274,275,276,277,278,279","296,311,339","293,294,295,296,297,298,299,308,309,310,311,312,313,314,336,337,338,339,340,341,342","95,276","296,311,339",181,5,0.3943355119825708,269,82,0.2854030501089324,,,,0.261437908496732,0.6557377049180327,120.0,459,183.0,0.3986928104575163
P42589,3ERS,X,1,-0.13489,0,-0.68018,1,"46,74","43,44,45,46,47,48,49,71,72,73,74,75,76,77",81,"78,79,80,81,82,83,84","46,74",81,28,6,0.2545454545454545,65,29,0.4454545454545454,,,,0.2636363636363636,0.8055555555555556,29.0,110,42.333333333333336,0.3848484848484849
P42589,3ERS,X,2,0.63916,1,0.0,0,"38,106","35,36,37,38,39,40,41,103,104,105,106,107,108,109",16,"13,14,15,16,17,18,19","38,106",16,68,1,0.6181818181818182,90,40,0.4545454545454545,0.1454545454545454,0.4210526315789473,16.0,,,,110,68.0,0.6181818181818182
P42592,3W7T,A,1,0.6308,1,-0.11678,0,"28,147","25,26,27,28,29,30,31,144,145,146,147,148,149,150",17,"14,15,16,17,18,19,20","51,170",40,119,2,0.1519795657726692,218,37,0.0817369093231162,0.0510855683269476,0.7843137254901961,40.0,,,,783,119.5,0.152618135376756
P42592,3W7T,A,2,-0.08502,0,-0.73886,1,"432,532","429,430,431,432,433,434,435,529,530,531,532,533,534,535",544,"541,542,543,544,545,546,547","455,555",567,100,6,0.1277139208173691,146,38,0.070242656449553,,,,0.2758620689655172,0.9473684210526316,216.0,783,102.5,0.1309067688378033
P42593,1PS9,A,1,0.82454,1,0.05107,0,"411,465","408,409,410,411,412,413,414,462,463,464,465,466,467,468",402,"399,400,401,402,403,404,405","412,466",403,54,18,0.0803571428571428,127,35,0.1145833333333333,0.5997023809523809,0.9781553398058253,403.0,,,,672,114.88888888888889,0.1709656084656084
P42593,1PS9,A,2,0.84846,1,0.26073,0,"67,104","64,65,66,67,68,69,70,101,102,103,104,105,106,107",59,"56,57,58,59,60,61,62","68,105",60,37,9,0.0550595238095238,96,39,0.1026785714285714,0.0892857142857142,0.8823529411764706,60.0,,,,672,119.88888888888889,0.1784060846560846
P42593,1PS9,A,3,0.92137,1,0.40561,0,"270,524","267,268,269,270,271,272,273,521,522,523,524,525,526,527",263,"260,261,262,263,264,265,266","271,525",264,254,10,0.3779761904761904,387,36,0.0892857142857142,0.3928571428571428,0.974169741697417,264.0,,,,672,262.3,0.3903273809523809
P42593,1PS9,A,4,-0.10316,0,0.96035,1,"19,299","16,17,18,19,20,21,22,296,297,298,299,300,301,302",308,"305,306,307,308,309,310,311","20,300",309,280,13,0.4166666666666667,354,37,0.0982142857142857,,,,0.5401785714285714,0.9758064516129032,363.0,672,291.38461538461536,0.4336080586080585
P42593,1PS9,A,5,0.88152,1,-0.03204,0,"51,313","48,49,50,51,52,53,54,310,311,312,313,314,315,316",21,"18,19,20,21,22,23,24","52,314",22,262,27,0.3898809523809524,336,34,0.1086309523809523,0.0327380952380952,0.4230769230769231,22.0,,,,672,295.55555555555554,0.4398148148148147
P42593,1PS9,A,6,0.67698,1,0.2848,0,"122,175","119,120,121,122,123,124,125,172,173,174,175,176,177,178",115,"112,113,114,115,116,117,118","123,176",116,53,5,0.0788690476190476,130,31,0.0788690476190476,0.1726190476190476,0.943089430894309,116.0,,,,672,115.0,0.1711309523809523
P42593,1PS9,A,7,-0.00692,0,0.95058,1,"472,500","469,470,471,472,473,474,475,497,498,499,500,501,502,503",620,"617,618,619,620,621,622,623","473,501",621,28,17,0.0416666666666666,65,33,0.09375,,,,0.0758928571428571,0.2982456140350877,51.0,672,118.17647058823528,0.1758578431372549
P42593,1PS9,A,8,0.7669,1,0.00641,0,"513,621","510,511,512,513,514,515,516,618,619,620,621,622,623,624",497,"494,495,496,497,498,499,500","514,622",498,108,6,0.1607142857142857,168,32,0.0997023809523809,0.7410714285714286,0.9688715953307392,498.0,,,,672,115.0,0.1711309523809523
P42596,4DCM,A,1,-0.00675,0,-0.78749,1,"34,165","31,32,33,34,35,36,37,162,163,164,165,166,167,168",173,"170,171,172,173,174,175,176","34,165",173,131,2,0.3465608465608465,172,36,0.1375661375661375,,,,0.5423280423280423,0.9624413145539906,205.0,378,131.5,0.3478835978835979
P42596,4DCM,A,2,0.6742,1,0.08806,0,"58,111","55,56,57,58,59,60,61,108,109,110,111,112,113,114",48,"45,46,47,48,49,50,51","58,111",48,53,2,0.1402116402116402,100,30,0.201058201058201,0.1269841269841269,0.8275862068965517,48.0,,,,378,54.0,0.1428571428571428
P42596,4DCM,A,3,0.63687,1,0.18834,0,"246,303","243,244,245,246,247,248,249,300,301,302,303,304,305,306",232,"229,230,231,232,233,234,235","246,303",232,57,2,0.1507936507936507,114,33,0.1746031746031746,0.6137566137566137,0.943089430894309,232.0,,,,378,59.0,0.156084656084656
P42620,4G0I,B,1,0.87485,1,-0.04056,0,"43,151","40,41,42,43,44,45,46,148,149,150,151,152,153,154",31,"28,29,30,31,32,33,34","43,151",31,108,62,0.3292682926829268,167,34,0.1585365853658536,0.0945121951219512,0.7209302325581395,31.0,,,,328,121.11290322580643,0.3692466561762392
P42620,4G0I,B,2,0.70245,1,0.10185,0,"103,288","100,101,102,103,104,105,106,285,286,287,288,289,290,291",86,"83,84,85,86,87,88,89","103,288",86,185,7,0.5640243902439024,270,38,0.1646341463414634,0.2621951219512195,0.8349514563106796,86.0,,,,328,187.8571428571429,0.5727351916376306
P42620,4G0I,B,3,0.61646,1,0.14909,0,"256,300","253,254,255,256,257,258,259,297,298,299,300,301,302,303",249,"246,247,248,249,250,251,252","256,300",249,44,2,0.1341463414634146,101,27,0.173780487804878,0.7591463414634146,0.97265625,249.0,,,,328,45.5,0.1387195121951219
P42620,4G0I,B,4,0.0,0,0.79646,1,"11,93","8,9,10,11,12,13,14,90,91,92,93,94,95,96",146,"143,144,145,146,147,148,149","11,93",146,82,5,0.25,152,36,0.2164634146341463,,,,0.5548780487804879,0.774468085106383,182.0,328,84.0,0.2560975609756097
P42624,2VEC,A,1,0.0036,0,-0.72972,1,"18,69","15,16,17,18,19,20,21,66,67,68,69,70,71,72",114,"111,112,113,114,115,116,117","18,69",114,51,3,0.2188841201716738,102,37,0.2660944206008583,,,,0.5107296137339056,0.725609756097561,119.0,233,51.66666666666666,0.2217453505007153
P42624,2VEC,A,2,-0.7567,1,0.0,0,"209,231","206,207,208,209,210,211,212,228,229,230,231,232,233,234",181,"178,179,180,181,182,183,184","209,231",181,22,1,0.0944206008583691,71,30,0.2103004291845493,0.776824034334764,0.8660287081339713,181.0,,,,233,22.0,0.0944206008583691
P42624,2VEC,A,3,-0.69083,1,0.08359,0,"84,106","81,82,83,84,85,86,87,103,104,105,106,107,108,109",73,"70,71,72,73,74,75,76","84,106",73,22,38,0.0944206008583691,73,33,0.2188841201716738,0.3133047210300429,0.8690476190476191,73.0,,,,233,44.1578947368421,0.1895188615315111
P42641,5M04,A,1,0.0,0,-0.60927,1,"8,99","5,6,7,8,9,10,11,96,97,98,99,100,101,102",152,"149,150,151,152,153,154,155","8,99",152,91,1,0.2333333333333333,159,31,0.1358974358974359,,,,0.6102564102564103,0.8178694158075601,238.0,390,91.0,0.2333333333333333
P42641,5M04,A,2,-0.13582,0,0.86836,1,"158,200","155,156,157,158,159,160,161,197,198,199,200,201,202,203",211,"208,209,210,211,212,213,214","158,200",211,42,1,0.1076923076923077,89,39,0.1897435897435897,,,,0.4589743589743589,0.9421052631578948,179.0,390,42.0,0.1076923076923077
P42641,5M04,A,3,-0.12221,0,0.92665,1,"45,67","42,43,44,45,46,47,48,64,65,66,67,68,69,70",89,"86,87,88,89,90,91,92","45,67",89,22,80,0.0564102564102564,77,33,0.182051282051282,,,,0.7717948717948718,0.9318885448916407,301.0,390,45.2625,0.1160576923076923
P42641,5M04,A,4,0.87368,1,-0.1748,0,"87,114","84,85,86,87,88,89,90,111,112,113,114,115,116,117",47,"44,45,46,47,48,49,50","87,114",47,27,2,0.0692307692307692,53,44,0.1358974358974359,0.1205128205128205,0.5402298850574713,47.0,,,,390,39.0,0.1
P42641,5M04,A,5,0.60688,1,0.20791,0,"172,244","169,170,171,172,173,174,175,241,242,243,244,245,246,247",163,"160,161,162,163,164,165,166","172,244",163,72,25,0.1846153846153846,123,34,0.1641025641025641,0.4179487179487179,0.9476744186046512,163.0,,,,390,126.6,0.3246153846153846
P42907,3C3J,A,1,1.01341,1,1.20577,1,"70,234","67,68,69,70,71,72,73,231,232,233,234,235,236,237","58,342","55,56,57,58,59,60,61,339,340,341,342,343,344,345","70,234","58,342",164,47,0.4270833333333333,268,67,0.2552083333333333,0.1510416666666666,0.8285714285714286,58.0,0.109375,0.28,42.0,384,136.5744680851064,0.3556626773049645
P42907,3C3J,A,2,0.69225,1,0.09429,0,"242,281","239,240,241,242,243,244,245,278,279,280,281,282,283,284",228,"225,226,227,228,229,230,231","242,281",228,39,25,0.1015625,87,40,0.1953125,0.59375,0.9421487603305784,228.0,,,,384,97.76,0.2545833333333333
P45395,2XHZ,B,1,0.65994,1,0.11648,0,"67,101","64,65,66,67,68,69,70,98,99,100,101,102,103,104",52,"49,50,51,52,53,54,55","67,101",52,34,22,0.1036585365853658,76,34,0.2012195121951219,0.1585365853658536,0.7761194029850746,52.0,,,,328,92.86363636363636,0.283120842572062
P45470,1OI4,B,1,0.68004,1,0.18891,0,"246,291","243,244,245,246,247,248,249,288,289,290,291,292,293,294",226,"223,224,225,226,227,228,229","25,70",5,45,28,0.2616279069767442,84,31,0.377906976744186,0.0290697674418604,0.2,5.0,,,,172,93.32142857142856,0.5425664451827242
P45523,1Q6U,A,1,-0.74238,1,0.0,0,"165,221","162,163,164,165,166,167,168,218,219,220,221,222,223,224",144,"141,142,143,144,145,146,147","190,246",169,56,1,0.2074074074074074,106,35,0.1888888888888888,0.6259259259259259,0.8894736842105263,169.0,,,,270,56.0,0.2074074074074074
P45523,1Q6U,A,2,-0.04444,0,-0.77515,1,"106,151","103,104,105,106,107,108,109,148,149,150,151,152,153,154",216,"213,214,215,216,217,218,219","131,176",241,45,3,0.1666666666666666,101,33,0.1962962962962963,,,,0.1074074074074074,0.3085106382978723,29.0,270,47.333333333333336,0.1753086419753086
P45532,2D1P,A,1,0.63643,1,0.0,0,"16,128","13,14,15,16,17,18,19,125,126,127,128,129,130,131",4,"1,2,3,4,5,6,7","16,128",4,112,1,0.875,128,34,0.390625,0.03125,0.25,4.0,,,,128,112.0,0.875
P45545,4J8L,A,1,-0.06355,0,-0.78824,1,"70,194","67,68,69,70,71,72,73,191,192,193,194,195,196,197",204,"201,202,203,204,205,206,207","70,194",204,124,2,0.3434903047091412,180,42,0.1966759002770083,,,,0.4349030470914127,0.940119760479042,157.0,361,126.5,0.3504155124653739
P45545,4J8L,A,2,-0.09211,0,-0.78011,1,"147,326","144,145,146,147,148,149,150,323,324,325,326,327,328,329",339,"336,337,338,339,340,341,342","147,326",339,179,3,0.4958448753462603,284,40,0.2049861495844875,,,,0.0609418282548476,0.6285714285714286,22.0,361,195.0,0.5401662049861495
P45545,4J8L,A,3,-0.99677,1,0.06004,0,"203,227","200,201,202,203,204,205,206,224,225,226,227,228,229,230",70,"67,68,69,70,71,72,73","203,227",70,24,48,0.0664819944598338,72,36,0.1966759002770083,0.1939058171745152,0.3448275862068966,70.0,,,,361,81.89583333333333,0.2268582640812557
P45545,4J8L,A,4,0.73955,1,0.16397,0,"104,139","101,102,103,104,105,106,107,136,137,138,139,140,141,142",93,"90,91,92,93,94,95,96","104,139",93,35,7,0.0969529085872576,71,29,0.1745152354570637,0.2576177285318559,0.8942307692307693,93.0,,,,361,63.285714285714285,0.1753066877720617
P45548,1BF6,A,1,0.73281,1,0.21023,0,"22,88","19,20,21,22,23,24,25,85,86,87,88,89,90,91",15,"12,13,14,15,16,17,18","22,88",15,66,38,0.2260273972602739,123,36,0.2157534246575342,0.0513698630136986,0.6818181818181818,15.0,,,,292,213.3421052631579,0.7306236481614996
P45550,4KBX,A,1,1.26106,1,0.0,0,"91,381","88,89,90,91,92,93,94,378,379,380,381,382,383,384",83,"80,81,82,83,84,85,86","91,381",83,290,2,0.7493540051679587,363,35,0.1705426356589147,0.2144702842377261,0.912087912087912,83.0,,,,387,290.5,0.7506459948320413
P45550,4KBX,A,2,0.83411,1,0.1714,0,"163,193","160,161,162,163,164,165,166,190,191,192,193,194,195,196",151,"148,149,150,151,152,153,154","163,193",151,30,11,0.0775193798449612,78,37,0.1731266149870801,0.3901808785529715,0.9263803680981596,151.0,,,,387,38.90909090909091,0.1005402865867982
P45550,4KBX,A,3,0.0,0,0.68744,1,"9,266","6,7,8,9,10,11,12,263,264,265,266,267,268,269",274,"271,272,273,274,275,276,277","9,266",274,257,12,0.6640826873385013,312,36,0.1498708010335917,,,,0.2919896640826873,0.9338842975206612,113.0,387,261.5,0.6757105943152455
P45550,4KBX,A,4,-0.11397,0,0.73338,1,"56,237","53,54,55,56,57,58,59,234,235,236,237,238,239,240",253,"250,251,252,253,254,255,256","56,237",253,181,12,0.4677002583979328,221,37,0.1937984496124031,,,,0.3462532299741602,0.8933333333333333,134.0,387,191.16666666666663,0.4939707149009474
P45550,4KBX,A,5,0.69762,1,0.12129,0,"73,259","70,71,72,73,74,75,76,256,257,258,259,260,261,262",57,"54,55,56,57,58,59,60","73,259",57,186,6,0.4806201550387597,225,39,0.1989664082687338,0.1472868217054263,0.7808219178082192,57.0,,,,387,283.8333333333333,0.7334194659776054
P45550,4KBX,A,6,-0.86327,1,-0.02198,0,"332,358","329,330,331,332,333,334,335,355,356,357,358,359,360,361",297,"294,295,296,297,298,299,300","332,358",297,26,3,0.0671834625322997,88,32,0.165374677002584,0.7674418604651163,0.8945783132530121,297.0,,,,387,27.0,0.0697674418604651
P45550,4KBX,A,7,-0.06935,0,-0.72755,1,"290,323","287,288,289,290,291,292,293,320,321,322,323,324,325,326",335,"332,333,334,335,336,337,338","290,323",335,33,14,0.0852713178294573,79,27,0.1188630490956072,,,,0.1343669250645995,0.8125,52.0,387,278.57142857142856,0.7198228128460686
P45563,1YQQ,B,1,0.20934,0,1.15385,1,"102,145","99,100,101,102,103,104,105,142,143,144,145,146,147,148",220,"217,218,219,220,221,222,223","102,145",220,43,34,0.1552346570397112,129,35,0.2454873646209386,,,,0.2057761732851985,0.4318181818181818,57.0,277,85.52941176470588,0.3087704395837757
P45563,1YQQ,B,2,-0.06685,0,0.93295,1,"24,71","21,22,23,24,25,26,27,68,69,70,71,72,73,74",81,"78,79,80,81,82,83,84","24,71",81,47,7,0.1696750902527075,95,39,0.2310469314079422,,,,0.7075812274368231,0.9514563106796116,196.0,277,50.142857142857146,0.1810211449200619
P45563,1YQQ,B,3,0.9277,1,0.0,0,"75,270","72,73,74,75,76,77,78,267,268,269,270,271,272,273",29,"26,27,28,29,30,31,32","75,270",29,195,9,0.703971119133574,243,35,0.2418772563176895,0.1046931407942238,0.3866666666666666,29.0,,,,277,207.55555555555557,0.7492980344965904
P45563,1YQQ,B,4,0.83995,1,-0.0478,0,"213,241","210,211,212,213,214,215,216,238,239,240,241,242,243,244",118,"115,116,117,118,119,120,121","213,241",118,28,59,0.1010830324909747,106,41,0.2851985559566787,0.4259927797833935,0.5539906103286385,118.0,,,,277,72.05084745762711,0.2601113626629138
P45568,1Q0Q,B,1,0.74865,1,-0.18634,0,"211,252","208,209,210,211,212,213,214,249,250,251,252,253,254,255",185,"182,183,184,185,186,187,188","211,252",185,41,10,0.1030150753768844,104,36,0.1608040201005025,0.4648241206030151,0.8767772511848341,185.0,,,,398,52.6,0.1321608040201005
P45748,1HRU,A,1,0.02608,0,0.68739,1,"59,94","56,57,58,59,60,61,62,91,92,93,94,95,96,97",116,"113,114,115,116,117,118,119","59,94",116,35,1,0.1842105263157894,77,39,0.3736842105263158,,,,0.3894736842105263,0.7708333333333334,74.0,190,35.0,0.1842105263157894
P45748,1HRU,A,2,0.63589,1,-0.06084,0,"107,136","104,105,106,107,108,109,110,133,134,135,136,137,138,139",61,"58,59,60,61,62,63,64","107,136",61,29,3,0.1526315789473684,79,37,0.3473684210526316,0.3210526315789473,0.5700934579439252,61.0,,,,190,51.333333333333336,0.2701754385964912
P45748,1HRU,A,3,0.05189,0,-0.7991,1,"28,117","25,26,27,28,29,30,31,114,115,116,117,118,119,120",136,"133,134,135,136,137,138,139","28,117",136,89,19,0.4684210526315789,142,31,0.4578947368421052,,,,0.2842105263157894,0.7397260273972602,54.0,190,103.10526315789474,0.5426592797783933
P45799,1VHZ,B,1,-0.60339,1,-0.23476,0,"79,124","76,77,78,79,80,81,82,121,122,123,124,125,126,127",49,"46,47,48,49,50,51,52","79,124",49,45,19,0.2419354838709677,80,32,0.3387096774193548,0.2634408602150537,0.620253164556962,49.0,,,,186,85.26315789473684,0.4584040747028862
P46130,3GRH,A,1,0.05189,0,0.99801,2,"14,315","11,12,13,14,15,16,17,312,313,314,315,316,317,318","330,382","327,328,329,330,331,332,333,379,380,381,382,383,384,385","42,343","358,410",301,1,0.7049180327868853,350,62,0.2318501170960187,,,,0.0398126463700234,0.2023809523809523,17.0,427,301.0,0.7049180327868853
P46130,3GRH,A,2,0.69618,1,0.20191,0,"64,90","61,62,63,64,65,66,67,87,88,89,90,91,92,93",55,"52,53,54,55,56,57,58","92,118",83,26,1,0.0608899297423887,64,31,0.1147540983606557,0.1943793911007025,0.9021739130434784,83.0,,,,427,26.0,0.0608899297423887
P46130,3GRH,A,3,-0.03665,0,0.60055,1,"14,342","11,12,13,14,15,16,17,339,340,341,342,343,344,345",382,"379,380,381,382,383,384,385","42,370",410,328,9,0.7681498829039812,368,40,0.1756440281030445,,,,0.0398126463700234,0.2982456140350877,17.0,427,349.8888888888889,0.8194119177725736
P46849,3KGD,A,1,0.17544,0,-0.7385,1,"120,156","117,118,119,120,121,122,123,153,154,155,156,157,158,159",167,"164,165,166,167,168,169,170","119,155",166,36,2,0.1065088757396449,92,38,0.1745562130177514,,,,0.5088757396449705,0.9398907103825136,172.0,338,37.0,0.1094674556213017
P46849,3KGD,A,2,-0.63371,1,0.21127,0,"160,197","157,158,159,160,161,162,163,194,195,196,197,198,199,200",140,"137,138,139,140,141,142,143","159,196",139,37,5,0.1094674556213017,126,27,0.257396449704142,0.4112426035502958,0.8742138364779874,139.0,,,,338,57.2,0.1692307692307692
P46849,3KGD,A,3,0.7127,1,-0.0607,0,"213,237","210,211,212,213,214,215,216,234,235,236,237,238,239,240",197,"194,195,196,197,198,199,200","212,236",196,24,25,0.0710059171597633,62,37,0.1982248520710059,0.5798816568047337,0.9245283018867924,196.0,,,,338,47.0,0.1390532544378698
P46852,1TQ5,A,1,-0.69693,1,0.14752,0,"84,106","81,82,83,84,85,86,87,103,104,105,106,107,108,109",73,"70,71,72,73,74,75,76","84,106",73,22,41,0.0952380952380952,73,33,0.2077922077922078,0.316017316017316,0.8690476190476191,73.0,,,,231,43.609756097560975,0.1887868229331644
P46853,3F4L,F,1,0.14256,0,-0.60394,1,"159,201","156,157,158,159,160,161,162,198,199,200,201,202,203,204",207,"204,205,206,207,208,209,210","159,201",207,42,1,0.1217391304347826,91,32,0.1275362318840579,,,,0.4,0.9583333333333334,138.0,345,42.0,0.1217391304347826
P46853,3F4L,F,2,-0.62941,3,-0.01379,0,"207,333","204,205,206,207,208,209,210,330,331,332,333,334,335,336","130,151,179","127,128,129,130,131,132,133,148,149,150,151,152,153,154,176,177,178,179,180,181,182","207,333","130,151,179",126,25,0.3652173913043478,213,82,0.3565217391304348,0.3768115942028985,0.6280193236714976,130.0,,,,345,143.16,0.4149565217391304
P46859,1KO5,B,1,0.73751,1,-0.02666,0,"120,156","117,118,119,120,121,122,123,153,154,155,156,157,158,159",110,"107,108,109,110,111,112,113","120,156",110,36,4,0.2057142857142857,66,30,0.2971428571428571,0.6285714285714286,0.9166666666666666,110.0,,,,175,37.5,0.2142857142857142
P46859,1KO5,B,2,0.0,0,0.94523,1,"10,73","7,8,9,10,11,12,13,70,71,72,73,74,75,76",86,"83,84,85,86,87,88,89","10,73",86,63,9,0.36,110,38,0.3771428571428571,,,,0.5085714285714286,0.8725490196078431,89.0,175,70.44444444444444,0.4025396825396825
P46859,1KO5,B,3,0.82997,1,0.16669,0,"24,110","21,22,23,24,25,26,27,107,108,109,110,111,112,113",12,"9,10,11,12,13,14,15","24,110",12,86,21,0.4914285714285714,126,37,0.3828571428571428,0.0685714285714285,0.5,12.0,,,,175,124.47619047619048,0.7112925170068027
P46883,2WGQ,B,1,0.0,0,-0.71854,1,"7,59","4,5,6,7,8,9,10,56,57,58,59,60,61,62",70,"67,68,69,70,71,72,73","37,89",100,52,1,0.0686922060766182,81,24,0.0568031704095112,,,,0.8678996036988111,0.9835329341317364,657.0,757,52.0,0.0686922060766182
P46883,2WGQ,B,2,-0.75137,1,0.00727,0,"667,682","664,665,666,667,668,669,670,679,680,681,682,683,684,685",641,"638,639,640,641,642,643,644","697,712",671,15,5,0.0198150594451783,52,34,0.0937912813738441,0.8863936591809776,0.9626972740315638,671.0,,,,757,26.4,0.0348745046235138
P46883,2WGQ,B,3,-0.61649,1,-1.24339,1,"238,657","235,236,237,238,239,240,241,654,655,656,657,658,659,660","226,685","223,224,225,226,227,228,229,682,683,684,685,686,687,688","268,687","256,715",419,63,0.5535006605019815,554,76,0.1373844121532364,0.3381770145310436,0.9552238805970148,256.0,0.0554821664464993,0.6,42.0,757,336.6825396825397,0.4447589691975425
P46883,2WGQ,B,4,0.02062,0,-1.55447,2,"190,416","187,188,189,190,191,192,193,413,414,415,416,417,418,419","425,428","422,423,424,425,426,427,428,425,426,427,428,429,430,431","220,446","455,458",226,22,0.2985468956406869,344,38,0.1043593130779392,,,,0.3949801849405548,0.9614147909967846,299.0,757,295.27272727272725,0.3900564428966014
P46883,2WGQ,B,5,-0.77189,1,-0.83338,1,"380,627","377,378,379,380,381,382,383,624,625,626,627,628,629,630","365,684","362,363,364,365,366,367,368,681,682,683,684,685,686,687","410,657","395,714",247,14,0.3262879788639365,392,66,0.1360634081902245,0.5217965653896962,0.9634146341463414,395.0,0.0568031704095112,0.43,43.0,757,201.28571428571428,0.2658992262691074
P46883,2WGQ,B,6,-0.34269,0,-0.78266,3,"263,374","260,261,262,263,264,265,266,371,372,373,374,375,376,377","428,458,468","425,426,427,428,429,430,431,455,456,457,458,459,460,461,465,466,467,468,469,470,471","293,404","458,488,498",111,1,0.1466314398943196,230,65,0.1519154557463672,,,,0.3421400264200792,0.7337110481586402,259.0,757,111.0,0.1466314398943196
P46883,2WGQ,B,7,-0.01372,0,-0.70298,3,"35,398","32,33,34,35,36,37,38,395,396,397,398,399,400,401","407,426,427","404,405,406,407,408,409,410,423,424,425,426,427,428,429,424,425,426,427,428,429,430","65,428","437,456,457",363,46,0.4795244385733157,463,45,0.0924702774108322,,,,0.3963011889035667,0.9118541033434652,300.0,757,147.95652173913044,0.195451151570846
P46889,2IUS,A,1,-0.09694,0,-0.62827,1,"892,925","889,890,891,892,893,894,895,922,923,924,925,926,927,928",935,"932,933,934,935,936,937,938","892,925",935,33,1,0.0248306997742663,67,29,0.0436418359668924,,,,0.2964635063957863,0.9752475247524752,394.0,1329,33.0,0.0248306997742663
P50456,3BP8,A,1,0.49572,0,-0.8402,1,"106,206","103,104,105,106,107,108,109,203,204,205,206,207,208,209",385,"382,383,384,385,386,387,388","106,206",385,100,2,0.2463054187192118,148,36,0.1600985221674876,,,,0.0517241379310344,0.105,21.0,406,100.5,0.2475369458128078
P50456,3BP8,A,2,0.7011,1,0.19258,0,"169,222","166,167,168,169,170,171,172,219,220,221,222,223,224,225",153,"150,151,152,153,154,155,156","169,222",153,53,3,0.1305418719211822,124,36,0.1847290640394088,0.3768472906403941,0.9053254437869822,153.0,,,,406,54.0,0.1330049261083744
P50457,7JH3,D,1,0.00819,0,-0.75489,1,"45,383","42,43,44,45,46,47,48,380,381,382,383,384,385,386",393,"390,391,392,393,394,395,396","45,383",393,338,13,0.8028503562945368,378,34,0.1638954869358669,,,,0.0665083135391924,0.7368421052631579,28.0,421,345.0769230769231,0.8196601498264207
P50457,7JH3,D,2,-1.03293,1,0.06542,0,"275,299","272,273,274,275,276,277,278,296,297,298,299,300,301,302",106,"103,104,105,106,107,108,109","275,299",106,24,70,0.0570071258907363,73,35,0.171021377672209,0.2517814726840855,0.3854545454545454,106.0,,,,421,99.2,0.2356294536817102
P50457,7JH3,D,3,-0.03005,0,-1.2976,2,"61,270","58,59,60,61,62,63,64,267,268,269,270,271,272,273","277,303","274,275,276,277,278,279,280,300,301,302,303,304,305,306","61,270","277,303",209,28,0.4964370546318289,278,69,0.2185273159144893,,,,0.2802850356294536,0.7814569536423841,118.0,421,194.53571428571428,0.4620800814387512
P50457,7JH3,D,4,-0.05446,0,-0.8335,3,"53,243","50,51,52,53,54,55,56,240,241,242,243,244,245,246","263,277,303","260,261,262,263,264,265,266,274,275,276,277,278,279,280,300,301,302,303,304,305,306","53,243","263,277,303",190,3,0.4513064133016627,277,86,0.3111638954869358,,,,0.2802850356294536,0.6629213483146067,118.0,421,191.33333333333331,0.454473475851148
P50457,7JH3,D,5,0.75752,1,0.17242,0,"147,203","144,145,146,147,148,149,150,200,201,202,203,204,205,206",131,"128,129,130,131,132,133,134","147,203",131,56,3,0.1330166270783848,101,32,0.1828978622327791,0.3111638954869358,0.891156462585034,131.0,,,,421,94.66666666666669,0.22486144101346
P50465,1Q3B,A,1,-0.10856,0,-0.82375,1,"64,91","61,62,63,64,65,66,67,88,89,90,91,92,93,94",102,"99,100,101,102,103,104,105","65,92",103,27,23,0.1026615969581749,66,38,0.2547528517110266,,,,0.6083650190114068,0.935672514619883,160.0,263,62.82608695652174,0.238882459910729
P51981,1JPD,X,1,-0.11932,0,0.6896,1,"119,290","116,117,118,119,120,121,122,287,288,289,290,291,292,293",296,"293,294,295,296,297,298,299","119,290",296,171,9,0.5327102803738317,227,29,0.1713395638629283,,,,0.0778816199376947,0.8064516129032258,25.0,321,190.55555555555557,0.5936310141917618
P51981,1JPD,X,2,0.86378,1,0.0,0,"145,316","142,143,144,145,146,147,148,313,314,315,316,317,318,319",121,"118,119,120,121,122,123,124","145,316",121,171,6,0.5327102803738317,234,31,0.1495327102803738,0.3769470404984423,0.8344827586206897,121.0,,,,321,173.0,0.5389408099688473
P51981,1JPD,X,3,-0.2754,0,1.04591,3,"50,179","47,48,49,50,51,52,53,176,177,178,179,180,181,182","274,285,297","271,272,273,274,275,276,277,282,283,284,285,286,287,288,294,295,296,297,298,299,300","50,179","274,285,297",129,42,0.4018691588785046,203,67,0.3457943925233644,,,,0.0747663551401869,0.1690140845070422,24.0,321,166.97619047619048,0.5201750482124314
P52007,1K4N,A,1,0.63477,1,-0.0637,0,"90,115","87,88,89,90,91,92,93,112,113,114,115,116,117,118",50,"47,48,49,50,51,52,53","86,111",46,25,2,0.1329787234042553,63,33,0.3404255319148936,0.2446808510638297,0.5348837209302325,46.0,,,,188,39.5,0.2101063829787234
P52086,6E4B,B,1,0.0,0,0.79408,1,"3,135","0,1,2,3,4,5,6,132,133,134,135,136,137,138",148,"145,146,147,148,149,150,151","3,135",148,132,2,0.6502463054187192,174,37,0.3300492610837438,,,,0.270935960591133,0.8088235294117647,55.0,203,133.0,0.6551724137931034
P52086,6E4B,B,2,0.60784,1,0.0,0,"143,201","140,141,142,143,144,145,146,198,199,200,201,202,203,204",4,"1,2,3,4,5,6,7","143,201",4,58,11,0.2857142857142857,104,35,0.2857142857142857,0.0197044334975369,0.0279720279720279,4.0,,,,203,145.27272727272728,0.7156291983878191
P52086,6E4B,B,3,0.67387,1,0.10733,0,"66,145","63,64,65,66,67,68,69,142,143,144,145,146,147,148",52,"49,50,51,52,53,54,55","66,145",52,79,3,0.3891625615763547,124,33,0.3399014778325123,0.2561576354679803,0.7878787878787878,52.0,,,,203,83.33333333333333,0.4105090311986863
P52097,1NI5,A,1,0.05783,0,-1.11676,1,"341,350","338,339,340,341,342,343,344,347,348,349,350,351,352,353",423,"420,421,422,423,424,425,426","341,350",423,9,51,0.0208333333333333,34,28,0.1180555555555555,,,,0.0208333333333333,0.1097560975609756,9.0,432,54.88235294117647,0.1270424836601307
P52097,1NI5,A,2,-1.07065,1,0.0,0,"407,425","404,405,406,407,408,409,410,422,423,424,425,426,427,428",346,"343,344,345,346,347,348,349","407,425",346,18,9,0.0416666666666666,46,24,0.1226851851851851,0.8009259259259259,0.8501228501228502,346.0,,,,432,27.11111111111111,0.0627572016460905
P52097,1NI5,A,3,0.0,0,0.76991,1,"8,142","5,6,7,8,9,10,11,139,140,141,142,143,144,145",153,"150,151,152,153,154,155,156","8,142",153,134,2,0.3101851851851852,185,34,0.125,,,,0.6458333333333334,0.9620689655172414,279.0,432,134.5,0.3113425925925926
P52097,1NI5,A,4,0.62195,1,0.05001,0,"32,112","29,30,31,32,33,34,35,109,110,111,112,113,114,115",16,"13,14,15,16,17,18,19","32,112",16,80,21,0.1851851851851851,112,36,0.1574074074074074,0.037037037037037,0.5,16.0,,,,432,120.28571428571428,0.2784391534391534
P52097,1NI5,A,5,0.79835,1,0.11284,0,"71,172","68,69,70,71,72,73,74,169,170,171,172,173,174,175",46,"43,44,45,46,47,48,49","71,172",46,101,6,0.2337962962962963,158,38,0.1458333333333333,0.1064814814814814,0.647887323943662,46.0,,,,432,111.0,0.2569444444444444
P52097,1NI5,A,6,0.67849,1,0.26861,0,"126,186","123,124,125,126,127,128,129,183,184,185,186,187,188,189",116,"113,114,115,116,117,118,119","126,186",116,60,4,0.1388888888888889,112,33,0.1527777777777778,0.2685185185185185,0.9206349206349206,116.0,,,,432,62.5,0.1446759259259259
P52129,4I8O,A,1,0.0,0,-0.71868,1,"13,148","10,11,12,13,14,15,16,145,146,147,148,149,150,151",166,"163,164,165,166,167,168,169","12,147",165,135,3,0.3781512605042016,173,32,0.1792717086834734,,,,0.5378151260504201,0.9142857142857144,192.0,357,136.0,0.3809523809523809
P52643,5Z1Z,C,1,0.74116,1,0.20752,0,"159,202","156,157,158,159,160,161,162,199,200,201,202,203,204,205",147,"144,145,146,147,148,149,150","159,202",147,43,4,0.1306990881458966,79,35,0.2006079027355623,0.4468085106382978,0.9245283018867924,147.0,,,,329,46.25,0.1405775075987842
P52697,1RI6,A,1,-0.7734,1,0.0,0,"52,329","49,50,51,52,53,54,55,326,327,328,329,330,331,332",43,"40,41,42,43,44,45,46","50,327",41,277,1,0.8368580060422961,317,40,0.229607250755287,0.1238670694864048,0.82,41.0,,,,331,277.0,0.8368580060422961
P52697,1RI6,A,2,0.04296,0,-0.65679,1,"22,285","19,20,21,22,23,24,25,282,283,284,285,286,287,288",328,"325,326,327,328,329,330,331","20,283",326,263,8,0.7945619335347432,314,44,0.2386706948640483,,,,0.0151057401812688,0.1041666666666666,5.0,331,276.875,0.8364803625377644
P55135,2BH2,A,1,0.7422,1,-0.3148,0,"164,418","161,162,163,164,165,166,167,415,416,417,418,419,420,421",129,"126,127,128,129,130,131,132","164,418",129,254,2,0.5866050808314087,309,31,0.1639722863741339,0.2979214780600462,0.7865853658536586,129.0,,,,433,254.5,0.5877598152424942
P55135,2BH2,A,2,0.72347,1,0.1587,0,"300,361","297,298,299,300,301,302,303,358,359,360,361,362,363,364",290,"287,288,289,290,291,292,293","300,361",290,61,4,0.1408775981524249,107,32,0.1755196304849884,0.6697459584295612,0.9666666666666668,290.0,,,,433,84.25,0.1945727482678984
P55135,2BH2,A,3,-0.07434,0,-0.60001,1,"108,413","105,106,107,108,109,110,111,410,411,412,413,414,415,416",423,"420,421,422,423,424,425,426","108,413",423,305,3,0.7043879907621247,336,35,0.1547344110854503,,,,0.023094688221709,0.5,10.0,433,309.6666666666667,0.7151655119322556
P55734,5HBL,A,1,0.64969,1,0.23103,0,"37,62","34,35,36,37,38,39,40,59,60,61,62,63,64,65",20,"17,18,19,20,21,22,23","38,63",21,25,22,0.1436781609195402,59,31,0.3563218390804598,0.1206896551724138,0.5526315789473685,21.0,,,,174,61.40909090909091,0.3529258098223615
P60061,5J4I,B,1,0.7046,1,0.60208,1,"111,260","108,109,110,111,112,113,114,257,258,259,260,261,262,263","39,284","36,37,38,39,40,41,42,281,282,283,284,285,286,287","111,260","39,284",149,218,0.3348314606741573,261,67,0.2179775280898876,0.0876404494382022,0.3513513513513513,39.0,0.3617977528089887,0.8702702702702703,161.0,445,206.4678899082569,0.4639727863106896
P60061,5J4I,B,2,1.57282,2,0.10481,0,"205,361","202,203,204,205,206,207,208,358,359,360,361,362,363,364","25,100","22,23,24,25,26,27,28,97,98,99,100,101,102,103","205,361","25,100",156,27,0.350561797752809,292,56,0.2134831460674157,0.0561797752808988,0.1219512195121951,25.0,,,,445,164.44444444444446,0.3695380774032459
P60061,5J4I,B,3,0.3587,0,-0.83613,1,"144,216","141,142,143,144,145,146,147,213,214,215,216,217,218,219",245,"242,243,244,245,246,247,248","144,216",245,72,1,0.1617977528089887,168,35,0.2022471910112359,,,,0.449438202247191,0.8733624454148472,200.0,445,72.0,0.1617977528089887
P60061,5J4I,B,4,-0.02861,0,0.61025,1,"50,240","47,48,49,50,51,52,53,237,238,239,240,241,242,243",291,"288,289,290,291,292,293,294","50,240",291,190,30,0.4269662921348314,321,38,0.1910112359550561,,,,0.346067415730337,0.751219512195122,154.0,445,216.66666666666663,0.4868913857677902
P60061,5J4I,B,5,0.63882,1,-0.05807,0,"213,299","210,211,212,213,214,215,216,296,297,298,299,300,301,302",18,"15,16,17,18,19,20,21","213,299",18,86,17,0.1932584269662921,202,40,0.2,0.0404494382022471,0.0845070422535211,18.0,,,,445,243.7058823529412,0.5476536682088566
P60061,5J4I,B,6,-0.62517,1,0.93124,3,"43,178","40,41,42,43,44,45,46,175,176,177,178,179,180,181","23,206,241,288","20,21,22,23,24,25,26,203,204,205,206,207,208,209,238,239,240,241,242,243,244,285,286,287,288,289,290,291","43,178","23,206,241,288",135,65,0.3033707865168539,270,103,0.3033707865168539,0.0516853932584269,0.5348837209302325,23.0,0.3528089887640449,0.5880149812734082,157.0,445,137.92307692307693,0.3099394987035436
P60340,1K8W,A,1,-0.44925,0,-1.16196,1,"50,90","47,48,49,50,51,52,53,87,88,89,90,91,92,93",196,"193,194,195,196,197,198,199","50,90",196,40,4,0.1273885350318471,126,39,0.2261146496815286,,,,0.375796178343949,0.5267857142857143,118.0,314,41.25,0.1313694267515923
P60340,1K8W,A,2,0.00994,0,-0.65017,1,"75,157","72,73,74,75,76,77,78,154,155,156,157,158,159,160",172,"169,170,171,172,173,174,175","75,157",172,82,3,0.2611464968152866,126,33,0.1719745222929936,,,,0.4522292993630573,0.9044585987261148,142.0,314,83.0,0.2643312101910828
P60340,1K8W,A,3,-0.83821,1,0.05896,0,"167,198","164,165,166,167,168,169,170,195,196,197,198,199,200,201",79,"76,77,78,79,80,81,82","167,198",79,31,5,0.0987261146496815,85,36,0.1815286624203821,0.2515923566878981,0.4730538922155688,79.0,,,,314,76.2,0.2426751592356688
P60422,6XZ7,C,1,0.16988,0,0.60711,1,"65,87","62,63,64,65,66,67,68,84,85,86,87,88,89,90",103,"100,101,102,103,104,105,106","65,87",103,22,8,0.0805860805860805,67,32,0.2161172161172161,,,,0.6227106227106227,0.913978494623656,170.0,273,40.375,0.1478937728937729
P60422,6XZ7,C,2,-0.89695,1,0.03214,0,"161,194","158,159,160,161,162,163,164,191,192,193,194,195,196,197",141,"138,139,140,141,142,143,144","161,194",141,33,15,0.1208791208791208,74,34,0.2344322344322344,0.5164835164835165,0.8757763975155279,141.0,,,,273,37.333333333333336,0.1367521367521367
P60422,6XZ7,C,3,0.0054,0,-0.84871,1,"107,142","104,105,106,107,108,109,110,139,140,141,142,143,144,145",191,"188,189,190,191,192,193,194","107,142",191,35,16,0.1282051282051282,79,40,0.271062271062271,,,,0.3003663003663003,0.6259541984732825,82.0,273,70.3125,0.257554945054945
P60438,6PCR,N,1,-0.72423,1,0.0,0,"174,206","171,172,173,174,175,176,177,203,204,205,206,207,208,209",107,"104,105,106,107,108,109,110","174,206",107,32,3,0.1531100478468899,77,32,0.2200956937799043,0.5119617224880383,0.6149425287356322,107.0,,,,209,33.666666666666664,0.1610845295055821
P60438,6PCR,N,2,-0.4588,0,-0.6962,1,"22,178","19,20,21,22,23,24,25,175,176,177,178,179,180,181",190,"187,188,189,190,191,192,193","22,178",190,156,2,0.7464114832535885,201,34,0.2870813397129186,,,,0.0909090909090909,0.6129032258064516,19.0,209,160.5,0.7679425837320574
P60438,6PCR,N,3,-0.33,0,-0.62022,1,"49,67","46,47,48,49,50,51,52,64,65,66,67,68,69,70",75,"72,73,74,75,76,77,78","49,67",75,18,4,0.0861244019138756,44,23,0.2488038277511961,,,,0.6411483253588517,0.943661971830986,134.0,209,28.5,0.1363636363636363
P60472,1X07,A,1,0.13893,0,0.91941,1,"66,110","63,64,65,66,67,68,69,107,108,109,110,111,112,113",141,"138,139,140,141,142,143,144","66,110",141,44,1,0.1739130434782608,87,34,0.2371541501976284,,,,0.4426877470355731,0.7832167832167832,112.0,253,44.0,0.1739130434782608
P60472,1X07,A,2,0.69317,1,0.09476,0,"116,143","113,114,115,116,117,118,119,140,141,142,143,144,145,146",107,"104,105,106,107,108,109,110","116,143",107,27,3,0.1067193675889328,67,33,0.2569169960474308,0.4229249011857707,0.9224137931034484,107.0,,,,253,28.0,0.1106719367588932
P60472,1X07,A,3,0.68249,1,0.0,0,"62,229","59,60,61,62,63,64,65,226,227,228,229,230,231,232",22,"19,20,21,22,23,24,25","62,229",22,167,22,0.6600790513833992,210,36,0.2727272727272727,0.0869565217391304,0.3548387096774194,22.0,,,,253,176.4090909090909,0.6972691340280273
P60546,2ANB,A,1,0.71191,1,-0.06166,0,"134,169","131,132,133,134,135,136,137,166,167,168,169,170,171,172",123,"120,121,122,123,124,125,126","134,169",123,35,2,0.1690821256038647,67,32,0.2801932367149758,0.5942028985507246,0.917910447761194,123.0,,,,207,35.5,0.1714975845410628
P60546,2ANB,A,2,0.0,0,0.79532,1,"6,89","3,4,5,6,7,8,9,86,87,88,89,90,91,92",101,"98,99,100,101,102,103,104","6,89",101,83,6,0.4009661835748792,135,34,0.2657004830917874,,,,0.5120772946859904,0.8983050847457628,106.0,207,88.0,0.4251207729468599
P60546,2ANB,A,3,0.65594,1,0.00184,0,"98,183","95,96,97,98,99,100,101,180,181,182,183,184,185,186",9,"6,7,8,9,10,11,12","98,183",9,85,19,0.4106280193236715,127,37,0.3333333333333333,0.0434782608695652,0.0918367346938775,9.0,,,,207,141.6315789473684,0.6842105263157894
P60624,6XZ7,U,1,-0.60064,1,-0.1078,0,"22,73","19,20,21,22,23,24,25,70,71,72,73,74,75,76",11,"8,9,10,11,12,13,14","22,73",11,51,1,0.4903846153846153,76,28,0.4711538461538461,0.1057692307692307,0.5,11.0,,,,104,51.0,0.4903846153846153
P60723,6XZ7,E,1,-0.17709,0,0.68,1,"108,177","105,106,107,108,109,110,111,174,175,176,177,178,179,180",187,"184,185,186,187,188,189,190","108,177",187,69,11,0.3432835820895522,107,32,0.3482587064676617,,,,0.0696517412935323,0.5833333333333334,14.0,201,104.9090909090909,0.5219357756671189
P60757,1H3D,A,1,-0.75682,1,0.0,0,"268,294","265,266,267,268,269,270,271,291,292,293,294,295,296,297",227,"224,225,226,227,228,229,230","268,294",227,26,2,0.0869565217391304,54,29,0.1538461538461538,0.7591973244147158,0.8470149253731343,227.0,,,,299,27.5,0.0919732441471571
P60757,1H3D,A,2,-0.02758,0,-0.70421,1,"71,99","68,69,70,71,72,73,74,96,97,98,99,100,101,102",194,"191,192,193,194,195,196,197","71,99",194,28,25,0.0936454849498327,64,34,0.177257525083612,,,,0.3511705685618729,0.525,105.0,299,58.96,0.197190635451505
P60757,1H3D,A,3,-0.71406,1,0.01066,0,"168,188","165,166,167,168,169,170,171,185,186,187,188,189,190,191",107,"104,105,106,107,108,109,110","168,188",107,20,5,0.0668896321070234,47,33,0.1839464882943143,0.3578595317725752,0.6369047619047619,107.0,,,,299,58.6,0.1959866220735786
P60785,3CB4,A,1,0.16234,0,-1.65814,2,"149,434","146,147,148,149,150,151,152,431,432,433,434,435,436,437","443,470","440,441,442,443,444,445,446,467,468,469,470,471,472,473","149,434","443,470",285,9,0.4757929883138564,388,53,0.1268781302170283,,,,0.2153589315525876,0.7818181818181819,129.0,599,230.66666666666663,0.3850862548692265
P60785,3CB4,A,2,-1.13149,1,-0.63787,1,"333,487","330,331,332,333,334,335,336,484,485,486,487,488,489,490","298,498","295,296,297,298,299,300,301,495,496,497,498,499,500,501","333,487","298,498",154,14,0.2570951585976628,217,68,0.1452420701168614,0.4974958263772955,0.8948948948948949,298.0,0.1686143572621035,0.9017857142857144,101.0,599,125.21428571428572,0.2090388743143334
P60785,3CB4,A,3,-0.61402,1,0.02246,0,"246,257","243,244,245,246,247,248,249,254,255,256,257,258,259,260",237,"234,235,236,237,238,239,240","246,257",237,11,15,0.018363939899833,43,35,0.0901502504173622,0.3956594323873121,0.9634146341463414,237.0,,,,599,110.73333333333332,0.1848636616583194
P60785,3CB4,A,4,-0.00751,0,-0.64057,1,"296,325","293,294,295,296,297,298,299,322,323,324,325,326,327,328",340,"337,338,339,340,341,342,343","296,325",340,29,12,0.0484140233722871,71,36,0.1018363939899833,,,,0.4323873121869783,0.9452554744525548,259.0,599,82.5,0.1377295492487479
P60785,3CB4,A,5,-0.83879,1,0.0089,0,"444,473","441,442,443,444,445,446,447,470,471,472,473,474,475,476",404,"401,402,403,404,405,406,407","444,473",404,29,6,0.0484140233722871,69,38,0.0884808013355592,0.674457429048414,0.90990990990991,404.0,,,,599,49.5,0.0826377295492487
P60844,1RC2,B,1,0.40825,0,0.7463,1,"75,150","72,73,74,75,76,77,78,147,148,149,150,151,152,153",186,"183,184,185,186,187,188,189","75,150",186,75,29,0.3246753246753247,152,38,0.3506493506493506,,,,0.1948051948051948,0.5555555555555556,45.0,231,105.48275862068964,0.4566353187042842
P60906,1HTT,B,1,0.85335,1,-0.03318,0,"347,385","344,345,346,347,348,349,350,382,383,384,385,386,387,388",332,"329,330,331,332,333,334,335","347,385",332,38,23,0.0896226415094339,68,36,0.1485849056603773,0.7830188679245284,0.956772334293948,332.0,,,,424,56.43478260869565,0.1331009023789991
P60932,6CB2,A,1,-0.00346,0,0.62098,1,"94,152","91,92,93,94,95,96,97,149,150,151,152,153,154,155",166,"163,164,165,166,167,168,169","94,152",166,58,17,0.2124542124542124,124,29,0.2564102564102564,,,,0.3919413919413919,0.8842975206611571,107.0,273,65.3529411764706,0.2393880629174747
P60932,6CB2,A,2,0.8982,1,-0.00514,0,"197,242","194,195,196,197,198,199,200,239,240,241,242,243,244,245",53,"50,51,52,53,54,55,56","197,242",53,45,49,0.1648351648351648,91,34,0.2637362637362637,0.1941391941391941,0.2690355329949238,53.0,,,,273,105.57142857142856,0.3867085295656724
P60932,6CB2,A,3,0.04358,0,1.06574,2,"24,173","21,22,23,24,25,26,27,170,171,172,173,174,175,176","186,198","183,184,185,186,187,188,189,195,196,197,198,199,200,201","24,173","186,198",149,18,0.5457875457875457,222,57,0.3846153846153846,,,,0.2747252747252747,0.75,75.0,273,129.05555555555554,0.4727309727309727
P60955,5AZB,A,1,0.0,0,-1.4727,2,"5,186","2,3,4,5,6,7,8,183,184,185,186,187,188,189","192,195","189,190,191,192,193,194,195,192,193,194,195,196,197,198","5,186","192,195",181,27,0.6219931271477663,225,41,0.1924398625429553,,,,0.3298969072164948,0.9142857142857144,96.0,291,96.88888888888889,0.3329515082092401
P60955,5AZB,A,2,-0.71265,1,0.17431,0,"195,247","192,193,194,195,196,197,198,244,245,246,247,248,249,250",154,"151,152,153,154,155,156,157","195,247",154,52,6,0.1786941580756013,108,31,0.1958762886597938,0.5292096219931272,0.7897435897435897,154.0,,,,291,72.0,0.2474226804123711
P61175,6XZ7,S,1,0.0,0,-0.60061,1,"9,80","6,7,8,9,10,11,12,77,78,79,80,81,82,83",101,"98,99,100,101,102,103,104","9,80",101,71,1,0.6454545454545455,95,35,0.3727272727272727,,,,0.0818181818181818,0.3,9.0,110,71.0,0.6454545454545455
P61316,6F3Z,B,1,-0.68498,1,0.01316,0,"76,169","73,74,75,76,77,78,79,166,167,168,169,170,171,172",16,"13,14,15,16,17,18,19","97,190",37,93,28,0.458128078817734,153,33,0.3743842364532019,0.1822660098522167,0.3814432989690721,37.0,,,,203,105.71428571428572,0.5207600281491906
P61517,1I6P,A,1,0.63939,1,0.09652,0,"46,98","43,44,45,46,47,48,49,95,96,97,98,99,100,101",39,"36,37,38,39,40,41,42","46,98",39,52,5,0.2363636363636363,101,36,0.3090909090909091,0.1772727272727272,0.8478260869565217,39.0,,,,220,117.2,0.5327272727272727
P61887,1MC3,A,1,-0.74778,1,-0.27002,0,"159,198","156,157,158,159,160,161,162,195,196,197,198,199,200,201",144,"141,142,143,144,145,146,147","159,198",144,39,13,0.1331058020477815,88,29,0.1945392491467577,0.4914675767918088,0.9056603773584906,144.0,,,,293,51.0,0.1740614334470989
P61887,1MC3,A,2,0.70396,1,-0.01623,0,"172,221","169,170,171,172,173,174,175,218,219,220,221,222,223,224",131,"128,129,130,131,132,133,134","172,221",131,49,2,0.167235494880546,96,33,0.2286689419795221,0.447098976109215,0.7616279069767442,131.0,,,,293,49.5,0.1689419795221843
P61889,3HHP,A,1,-0.66594,3,0.03802,0,"203,287","200,201,202,203,204,205,206,284,285,286,287,288,289,290","147,173,183","144,145,146,147,148,149,150,170,171,172,173,174,175,176,180,181,182,183,184,185,186","203,287","147,173,183",84,4,0.2692307692307692,146,74,0.3044871794871794,0.4711538461538461,0.7241379310344828,147.0,,,,312,87.5,0.2804487179487179
P61889,3HHP,A,2,-0.69165,1,-0.14529,0,"176,253","173,174,175,176,177,178,179,250,251,252,253,254,255,256",149,"146,147,148,149,150,151,152","176,253",149,77,15,0.2467948717948718,143,37,0.2371794871794871,0.4775641025641026,0.8465909090909091,149.0,,,,312,96.0,0.3076923076923077
P61949,1AG9,A,1,0.17561,0,-0.73112,1,"98,125","95,96,97,98,99,100,101,122,123,124,125,126,127,128",140,"137,138,139,140,141,142,143","98,125",140,27,21,0.1534090909090909,78,33,0.3522727272727273,,,,0.2045454545454545,0.7058823529411765,36.0,176,31.857142857142858,0.1810064935064935
P62399,6XZ7,F,1,0.20725,0,-0.6761,1,"44,77","41,42,43,44,45,46,47,74,75,76,77,78,79,80",84,"81,82,83,84,85,86,87","44,77",84,33,2,0.1843575418994413,57,31,0.2290502793296089,,,,0.5307262569832403,0.931372549019608,95.0,179,33.5,0.1871508379888268
P62615,2WW4,A,1,-1.68605,2,-0.53812,0,"26,185","23,24,25,26,27,28,29,182,183,184,185,186,187,188","8,10","5,6,7,8,9,10,11,7,8,9,10,11,12,13","26,185","8,10",159,93,0.5618374558303887,229,45,0.293286219081272,0.0282685512367491,0.3076923076923077,8.0,,,,283,172.1290322580645,0.6082297959648922
P62623,3KE8,B,1,0.0,0,0.69133,1,"1,256","-2,-1,0,1,2,3,4,253,254,255,256,257,258,259",263,"260,261,262,263,264,265,266","1,256",263,255,1,0.8069620253164557,302,37,0.180379746835443,,,,0.1677215189873417,0.8833333333333333,53.0,316,255.0,0.8069620253164557
P62623,3KE8,B,2,0.6875,1,0.11651,0,"126,165","123,124,125,126,127,128,129,162,163,164,165,166,167,168",116,"113,114,115,116,117,118,119","126,165",116,39,5,0.1234177215189873,87,38,0.2341772151898734,0.3670886075949367,0.9206349206349206,116.0,,,,316,40.2,0.1272151898734177
P62623,3KE8,B,3,0.73333,1,0.15194,0,"231,265","228,229,230,231,232,233,234,262,263,264,265,266,267,268",217,"214,215,216,217,218,219,220","231,265",217,34,8,0.1075949367088607,79,40,0.2341772151898734,0.6867088607594937,0.9393939393939394,217.0,,,,316,38.75,0.122626582278481
P62707,1e+58,A,1,0.0,0,0.63356,1,"5,164","2,3,4,5,6,7,8,161,162,163,164,165,166,167",182,"179,180,181,182,183,184,185","6,165",183,159,1,0.636,200,37,0.292,,,,0.268,0.788235294117647,67.0,250,159.0,0.636
P62707,1e+58,A,2,0.81223,1,0.10387,0,"69,179","66,67,68,69,70,71,72,176,177,178,179,180,181,182",56,"53,54,55,56,57,58,59","70,180",57,110,3,0.44,163,35,0.292,0.228,0.8142857142857143,57.0,,,,250,112.66666666666669,0.4506666666666666
P62707,1e+58,A,3,0.62145,1,0.0219,0,"43,212","40,41,42,43,44,45,46,209,210,211,212,213,214,215",7,"4,5,6,7,8,9,10","44,213",8,169,4,0.676,217,38,0.268,0.032,0.1818181818181818,8.0,,,,250,171.25,0.685
P63177,1GZ0,F,1,-0.07643,0,0.64213,1,"17,117","14,15,16,17,18,19,20,114,115,116,117,118,119,120",123,"120,121,122,123,124,125,126","17,117",123,100,4,0.411522633744856,169,31,0.2757201646090535,,,,0.4938271604938271,0.9523809523809524,120.0,243,124.0,0.5102880658436214
P63177,1GZ0,F,2,0.76347,1,-0.02703,0,"39,70","36,37,38,39,40,41,42,67,68,69,70,71,72,73",26,"23,24,25,26,27,28,29","39,70",26,31,3,0.1275720164609053,56,27,0.2386831275720164,0.1069958847736625,0.6666666666666666,26.0,,,,243,32.333333333333336,0.1330589849108368
P63177,1GZ0,F,3,0.00952,0,0.86592,1,"172,185","169,170,171,172,173,174,175,182,183,184,185,186,187,188",213,"210,211,212,213,214,215,216","172,185",213,13,58,0.0534979423868312,37,29,0.2263374485596707,,,,0.1234567901234567,0.5172413793103449,30.0,243,61.41379310344828,0.252731658861927
P63177,1GZ0,F,4,1.14242,1,-0.11354,0,"115,228","112,113,114,115,116,117,118,225,226,227,228,229,230,231",99,"96,97,98,99,100,101,102","115,228",99,113,15,0.4650205761316872,160,34,0.279835390946502,0.4074074074074074,0.8608695652173913,99.0,,,,243,117.33333333333331,0.4828532235939643
P63177,1GZ0,F,5,1.09993,1,-0.08096,0,"198,225","195,196,197,198,199,200,201,222,223,224,225,226,227,228",174,"171,172,173,174,175,176,177","198,225",174,27,41,0.1111111111111111,56,29,0.2469135802469135,0.7160493827160493,0.8787878787878788,174.0,,,,243,40.8780487804878,0.1682224229649704
P63177,1GZ0,F,6,0.00048,0,-0.72397,1,"2,23","-1,0,1,2,3,4,5,20,21,22,23,24,25,26",74,"71,72,73,74,75,76,77","2,23",74,21,4,0.0864197530864197,50,29,0.1934156378600823,,,,0.6954732510288066,0.7681818181818182,169.0,243,47.25,0.1944444444444444
P63224,2I2W,A,1,0.60549,1,0.14608,0,"62,116","59,60,61,62,63,64,65,113,114,115,116,117,118,119",47,"44,45,46,47,48,49,50","62,116",47,54,23,0.28125,93,38,0.3645833333333333,0.2447916666666666,0.7580645161290323,47.0,,,,192,110.04347826086956,0.5731431159420289
P63284,6OAX,D,1,-0.0334,0,0.75013,1,"575,734","572,573,574,575,576,577,578,731,732,733,734,735,736,737",762,"759,760,761,762,763,764,765","575,734",762,159,1,0.1855309218203034,206,38,0.0711785297549591,,,,0.1108518086347724,0.7723577235772358,95.0,857,159.0,0.1855309218203034
P63284,6OAX,D,2,-0.04288,0,0.71531,1,"602,679","599,600,601,602,603,604,605,676,677,678,679,680,681,682",716,"713,714,715,716,717,718,719","602,679",716,77,12,0.0898483080513418,138,36,0.0816802800466744,,,,0.1645274212368728,0.7921348314606742,141.0,857,98.08333333333331,0.1144496304939712
P63284,6OAX,D,3,0.64019,1,0.06493,0,"614,763","611,612,613,614,615,616,617,760,761,762,763,764,765,766",602,"599,600,601,602,603,604,605","614,763",602,149,2,0.1738623103850641,188,41,0.0980163360560093,0.7024504084014003,0.980456026058632,602.0,,,,857,150.5,0.17561260210035
P63386,7CGE,B,1,0.00542,0,0.76658,1,"36,187","33,34,35,36,37,38,39,184,185,186,187,188,189,190",199,"196,197,198,199,200,201,202","36,187",199,151,4,0.5613382899628253,199,39,0.2379182156133829,,,,0.2602230483271375,0.8536585365853658,70.0,269,154.75,0.5752788104089219
P63746,3I96,B,1,-0.10961,0,-0.82117,1,"35,68","32,33,34,35,36,37,38,65,66,67,68,69,70,71",78,"75,76,77,78,79,80,81","35,68",78,33,3,0.2972972972972973,80,41,0.5225225225225225,,,,0.2972972972972973,0.7674418604651163,33.0,111,34.333333333333336,0.3093093093093093
P64461,3QMQ,A,1,0.0,0,-0.78036,1,"1,36","-2,-1,0,1,2,3,4,33,34,35,36,37,38,39",55,"52,53,54,55,56,57,58","1,36",55,35,1,0.3645833333333333,77,31,0.4895833333333333,,,,0.4270833333333333,0.6833333333333333,41.0,96,35.0,0.3645833333333333
P64488,3BB6,C,1,-0.71774,1,0.14936,0,"68,88","65,66,67,68,69,70,71,85,86,87,88,89,90,91",50,"47,48,49,50,51,52,53","68,88",50,20,1,0.1680672268907563,63,32,0.3529411764705882,0.4201680672268907,0.7352941176470589,50.0,,,,119,20.0,0.1680672268907563
P64488,3BB6,C,2,0.1208,0,-1.10324,1,"29,55","26,27,28,29,30,31,32,52,53,54,55,56,57,58",83,"80,81,82,83,84,85,86","29,55",83,26,19,0.2184873949579832,75,32,0.4033613445378151,,,,0.3025210084033613,0.5625,36.0,119,45.73684210526316,0.3843432109685979
P64604,7CGE,L,1,-0.62696,1,-0.01423,0,"114,134","111,112,113,114,115,116,117,131,132,133,134,135,136,137",94,"91,92,93,94,95,96,97","114,134",94,20,4,0.1092896174863388,45,27,0.3278688524590163,0.5136612021857924,0.8245614035087719,94.0,,,,183,31.75,0.1734972677595628
P65556,2FKB,A,1,0.01774,0,-0.89058,1,"31,61","28,29,30,31,32,33,34,58,59,60,61,62,63,64",70,"67,68,69,70,71,72,73","31,61",70,30,2,0.1666666666666666,88,34,0.3444444444444444,,,,0.6111111111111112,0.9243697478991596,110.0,180,30.5,0.1694444444444444
P65556,2FKB,A,2,-0.78968,1,0.02882,0,"67,149","64,65,66,67,68,69,70,146,147,148,149,150,151,152",53,"50,51,52,53,54,55,56","67,149",53,82,20,0.4555555555555555,130,36,0.3166666666666666,0.2944444444444444,0.7910447761194029,53.0,,,,180,87.7,0.4872222222222222
P65556,2FKB,A,3,-0.84409,1,-0.62286,1,"62,110","59,60,61,62,63,64,65,107,108,109,110,111,112,113","40,118","37,38,39,40,41,42,43,115,116,117,118,119,120,121","62,110","40,118",48,4,0.2666666666666666,104,55,0.4277777777777777,0.2222222222222222,0.6451612903225806,40.0,0.3444444444444444,0.8857142857142857,62.0,180,53.5,0.2972222222222222
P66817,2YVA,A,1,0.65175,1,0.17701,0,"59,114","56,57,58,59,60,61,62,111,112,113,114,115,116,117",45,"42,43,44,45,46,47,48","59,114",45,55,31,0.2806122448979591,100,43,0.3775510204081632,0.2295918367346938,0.7627118644067796,45.0,,,,196,113.70967741935485,0.5801514154048716
P66899,4D9I,B,1,0.0,0,0.7104,1,"7,261","4,5,6,7,8,9,10,258,259,260,261,262,263,264",304,"301,302,303,304,305,306,307","7,261",304,254,7,0.6381909547738693,333,35,0.2110552763819095,,,,0.236180904522613,0.6861313868613139,94.0,398,256.2857142857143,0.6439339554917444
P66899,4D9I,B,2,0.71394,1,0.04455,0,"127,187","124,125,126,127,128,129,130,184,185,186,187,188,189,190",116,"113,114,115,116,117,118,119","127,187",116,60,1,0.1507537688442211,93,36,0.1909547738693467,0.2914572864321608,0.9133858267716536,116.0,,,,398,60.0,0.1507537688442211
P66899,4D9I,B,3,0.82783,1,-0.03522,0,"286,314","283,284,285,286,287,288,289,311,312,313,314,315,316,317",259,"256,257,258,259,260,261,262","286,314",259,28,9,0.0703517587939698,97,36,0.1733668341708542,0.6507537688442211,0.9055944055944056,259.0,,,,398,51.11111111111112,0.1284198771635957
P66948,6AIT,A,1,0.65108,1,0.2047,0,"238,289","235,236,237,238,239,240,241,286,287,288,289,290,291,292",219,"216,217,218,219,220,221,222","238,289",219,51,1,0.1047227926078028,110,32,0.1540041067761807,0.4496919917864476,0.9201680672268908,219.0,,,,487,51.0,0.1047227926078028
P67080,1W8G,A,1,-0.04959,0,0.97396,1,"14,205","11,12,13,14,15,16,17,202,203,204,205,206,207,208",218,"215,216,217,218,219,220,221","14,205",218,191,9,0.8162393162393162,219,35,0.2606837606837607,,,,0.0683760683760683,0.5517241379310345,16.0,234,193.88888888888889,0.828584995251662
P67080,1W8G,A,2,0.76747,1,0.0,0,"46,226","43,44,45,46,47,48,49,223,224,225,226,227,228,229",32,"29,30,31,32,33,34,35","46,226",32,180,3,0.7692307692307693,207,34,0.2393162393162393,0.1367521367521367,0.6956521739130435,32.0,,,,234,182.33333333333331,0.7792022792022792
P67087,5HW4,A,1,-0.18352,0,-0.73253,1,"134,191","131,132,133,134,135,136,137,188,189,190,191,192,193,194",232,"229,230,231,232,233,234,235","134,191",232,57,8,0.1993006993006993,86,36,0.2132867132867132,,,,0.1888111888111888,0.5684210526315789,54.0,286,66.625,0.2329545454545454
P67095,1SU1,A,1,0.73884,1,-0.00095,0,"48,148","45,46,47,48,49,50,51,145,146,147,148,149,150,151",34,"31,32,33,34,35,36,37","48,148",34,100,6,0.5434782608695652,152,40,0.4347826086956521,0.1847826086956521,0.7083333333333334,34.0,,,,184,120.5,0.654891304347826
P67910,1EQ2,D,1,0.66544,3,0.02541,0,"245,295","242,243,244,245,246,247,248,292,293,294,295,296,297,298","200,210,236","197,198,199,200,201,202,203,207,208,209,210,211,212,213,233,234,235,236,237,238,239","245,295","200,210,236",50,13,0.1612903225806451,106,77,0.3064516129032258,0.6451612903225806,0.8163265306122449,200.0,,,,310,50.38461538461539,0.162531017369727
P67910,1EQ2,D,2,0.82,1,0.24847,0,"137,270","134,135,136,137,138,139,140,267,268,269,270,271,272,273",115,"112,113,114,115,116,117,118","137,270",115,133,5,0.4290322580645161,206,37,0.2225806451612903,0.3709677419354839,0.8394160583941606,115.0,,,,310,134.2,0.4329032258064516
P67910,1EQ2,D,3,0.69938,1,0.10412,0,"209,272","206,207,208,209,210,211,212,269,270,271,272,273,274,275",199,"196,197,198,199,200,201,202","209,272",199,63,11,0.2032258064516129,132,27,0.2483870967741935,0.6419354838709678,0.9521531100478468,199.0,,,,310,69.0909090909091,0.2228739002932551
P68187,3RLF,A,1,0.60255,1,-0.05991,0,"42,207","39,40,41,42,43,44,45,204,205,206,207,208,209,210",32,"29,30,31,32,33,34,35","42,207",32,165,1,0.444743935309973,212,34,0.1805929919137466,0.0862533692722372,0.7619047619047619,32.0,,,,371,165.0,0.444743935309973
P68187,3RLF,A,2,0.01866,0,0.70621,1,"31,176","28,29,30,31,32,33,34,173,174,175,176,177,178,179",188,"185,186,187,188,189,190,191","31,176",188,145,4,0.3908355795148248,190,38,0.1671159029649595,,,,0.4932614555256064,0.9384615384615383,183.0,371,148.75,0.4009433962264151
P68187,3RLF,A,3,0.03399,0,-0.60242,1,"290,300","287,288,289,290,291,292,293,297,298,299,300,301,302,303",345,"342,343,344,345,346,347,348","290,300",345,10,31,0.0269541778975741,28,31,0.1347708894878706,,,,0.0700808625336927,0.3661971830985915,26.0,371,55.41935483870968,0.1493783149291366
P68739,4XPU,A,1,-0.01847,0,0.608,1,"13,80","10,11,12,13,14,15,16,77,78,79,80,81,82,83",98,"95,96,97,98,99,100,101","13,80",98,67,14,0.3004484304932735,121,32,0.3452914798206278,,,,0.5605381165919282,0.8741258741258742,125.0,223,95.78571428571428,0.4295323510570147
P68739,4XPU,A,2,0.60674,1,0.01164,0,"54,188","51,52,53,54,55,56,57,185,186,187,188,189,190,191",32,"29,30,31,32,33,34,35","54,188",32,134,10,0.600896860986547,185,38,0.3049327354260089,0.1434977578475336,0.5925925925925926,32.0,,,,223,149.5,0.6704035874439462
P68767,1GYT,B,1,0.0,0,1.30623,2,"1,97","-2,-1,0,1,2,3,4,94,95,96,97,98,99,100","109,158","106,107,108,109,110,111,112,155,156,157,158,159,160,161","1,97","109,158",96,1,0.1908548707753479,135,49,0.1491053677932405,,,,0.6858846918489065,0.8497536945812808,345.0,503,96.0,0.1908548707753479
P68767,1GYT,B,2,0.0,0,0.65364,1,"5,126","2,3,4,5,6,7,8,123,124,125,126,127,128,129",159,"156,157,158,159,160,161,162","5,126",159,121,6,0.2405566600397614,156,33,0.1232604373757455,,,,0.68389662027833,0.9124668435013262,344.0,503,129.66666666666666,0.2577866136514247
P68767,1GYT,B,3,0.69962,1,0.05313,0,"30,81","27,28,29,30,31,32,33,78,79,80,81,82,83,84",21,"18,19,20,21,22,23,24","30,81",21,51,3,0.1013916500994035,86,39,0.1212723658051689,0.0417495029821073,0.7,21.0,,,,503,71.33333333333333,0.1418157720344598
P68767,1GYT,B,4,-0.11309,0,0.84668,1,"252,301","249,250,251,252,253,254,255,298,299,300,301,302,303,304",316,"313,314,315,316,317,318,319","252,301",316,49,50,0.0974155069582504,134,34,0.1590457256461232,,,,0.3717693836978131,0.9257425742574258,187.0,503,98.26,0.1953479125248509
P68767,1GYT,B,5,0.669,1,-0.04576,0,"279,328","276,277,278,279,280,281,282,325,326,327,328,329,330,331",272,"269,270,271,272,273,274,275","279,328",272,49,42,0.0974155069582504,143,44,0.1371769383697813,0.5407554671968191,0.974910394265233,272.0,,,,503,152.95238095238096,0.3040802802234214
P68767,1GYT,B,6,0.10854,0,0.87651,1,"374,402","371,372,373,374,375,376,377,399,400,401,402,403,404,405",465,"462,463,464,465,466,467,468","374,402",465,28,29,0.0556660039761431,85,41,0.1391650099403578,,,,0.0755467196819085,0.3762376237623762,38.0,503,83.41379310344827,0.165832590662919
P68767,1GYT,B,7,0.68003,1,0.03779,0,"406,464","403,404,405,406,407,408,409,461,462,463,464,465,466,467",396,"393,394,395,396,397,398,399","406,464",396,58,24,0.1153081510934393,112,37,0.1371769383697813,0.7872763419483101,0.9753694581280788,396.0,,,,503,78.29166666666667,0.155649436713055
P69441,6F7U,A,1,0.0,0,0.76162,1,"2,72","-1,0,1,2,3,4,5,69,70,71,72,73,74,75",83,"80,81,82,83,84,85,86","2,72",83,70,1,0.3271028037383177,111,31,0.2570093457943925,,,,0.6121495327102804,0.9225352112676056,131.0,214,70.0,0.3271028037383177
P69488,4Y65,A,1,-0.97718,1,0.24489,0,"61,86","58,59,60,61,62,63,64,83,84,85,86,87,88,89",17,"14,15,16,17,18,19,20","61,86",17,25,25,0.2232142857142857,65,31,0.4821428571428571,0.1517857142857142,0.2786885245901639,17.0,,,,112,58.08,0.5185714285714286
P69503,2DY0,A,1,0.68823,1,0.11012,0,"74,123","71,72,73,74,75,76,77,120,121,122,123,124,125,126",60,"57,58,59,60,61,62,63","74,123",60,49,8,0.2677595628415301,89,39,0.366120218579235,0.3278688524590163,0.8108108108108109,60.0,,,,183,58.5,0.319672131147541
P69681,2NS1,A,1,-0.70087,1,-0.12348,0,"74,142","71,72,73,74,75,76,77,139,140,141,142,143,144,145",66,"63,64,65,66,67,68,69","96,164",88,68,12,0.1588785046728972,162,33,0.1308411214953271,0.205607476635514,0.9166666666666666,88.0,,,,428,91.91666666666669,0.2147585669781931
P69681,2NS1,A,2,0.77593,1,-0.07602,0,"185,384","182,183,184,185,186,187,188,381,382,383,384,385,386,387",175,"172,173,174,175,176,177,178","207,406",197,199,13,0.4649532710280374,288,33,0.1518691588785046,0.4602803738317757,0.9516908212560388,197.0,,,,428,203.07692307692307,0.4744787922358016
P69739,6FPI,T,1,0.68945,1,-0.16061,0,"19,149","16,17,18,19,20,21,22,146,147,148,149,150,151,152",11,"8,9,10,11,12,13,14","64,194",56,130,2,0.3494623655913978,170,33,0.2043010752688172,0.1505376344086021,0.875,56.0,,,,372,130.5,0.3508064516129032
P69739,6FPI,T,2,0.65586,1,0.37135,0,"87,128","84,85,86,87,88,89,90,125,126,127,128,129,130,131",78,"75,76,77,78,79,80,81","132,173",123,41,2,0.1102150537634408,98,43,0.1559139784946236,0.3306451612903225,0.9318181818181818,123.0,,,,372,41.5,0.1115591397849462
P69741,6GAM,T,1,0.60536,1,-0.27693,0,"25,155","22,23,24,25,26,27,28,152,153,154,155,156,157,158",16,"13,14,15,16,17,18,19","62,192",53,130,2,0.3494623655913978,166,35,0.1908602150537634,0.1424731182795699,0.8548387096774194,53.0,,,,372,130.5,0.3508064516129032
P69741,6GAM,T,2,0.66375,1,0.26277,0,"92,134","89,90,91,92,93,94,95,131,132,133,134,135,136,137",83,"80,81,82,83,84,85,86","129,171",120,42,1,0.1129032258064516,96,46,0.1559139784946236,0.3225806451612903,0.9302325581395348,120.0,,,,372,42.0,0.1129032258064516
P69783,1GLA,F,1,-0.18226,0,-0.71395,1,"41,90","38,39,40,41,42,43,44,87,88,89,90,91,92,93",137,"134,135,136,137,138,139,140","42,91",138,49,5,0.2899408284023668,115,36,0.3313609467455621,,,,0.1834319526627219,0.3974358974358974,31.0,169,54.6,0.3230769230769231
P69902,1PT8,A,1,0.75468,1,-0.00341,0,"26,92","23,24,25,26,27,28,29,89,90,91,92,93,94,95",10,"7,8,9,10,11,12,13","26,92",10,66,28,0.1586538461538461,132,32,0.1538461538461538,0.0240384615384615,0.3846153846153846,10.0,,,,416,187.75,0.4513221153846153
P69902,1PT8,A,2,0.62695,3,-0.00671,0,"89,399","86,87,88,89,90,91,92,396,397,398,399,400,401,402","9,23,33","6,7,8,9,10,11,12,20,21,22,23,24,25,26,30,31,32,33,34,35,36","89,399","9,23,33",310,59,0.7451923076923077,368,63,0.2211538461538461,0.0216346153846153,0.1011235955056179,9.0,,,,416,315.8135593220339,0.7591672099087353
P69902,1PT8,A,3,-0.26631,0,-0.71827,1,"156,228","153,154,155,156,157,158,159,225,226,227,228,229,230,231",241,"238,239,240,241,242,243,244","156,228",241,72,2,0.173076923076923,131,29,0.1177884615384615,,,,0.4206730769230769,0.9308510638297872,175.0,416,72.5,0.1742788461538461
P69908,1XEY,B,1,0.02704,0,-0.75949,1,"53,405","50,51,52,53,54,55,56,402,403,404,405,406,407,408",422,"419,420,421,422,423,424,425","53,405",422,352,1,0.7553648068669528,390,38,0.1373390557939914,,,,0.0944206008583691,0.7213114754098361,44.0,466,352.0,0.7553648068669528
P69908,1XEY,B,2,0.1498,0,-0.6217,1,"91,305","88,89,90,91,92,93,94,302,303,304,305,306,307,308",311,"308,309,310,311,312,313,314","91,305",311,214,6,0.4592274678111588,267,23,0.0879828326180257,,,,0.3326180257510729,0.9627329192546584,155.0,466,216.33333333333331,0.4642346208869814
P69908,1XEY,B,3,-0.02238,0,-1.15203,2,"76,281","73,74,75,76,77,78,79,278,279,280,281,282,283,284","288,320","285,286,287,288,289,290,291,317,318,319,320,321,322,323","76,281","288,320",205,17,0.4399141630901287,273,71,0.1845493562231759,,,,0.3133047210300429,0.7891891891891892,146.0,466,197.8823529411765,0.4246402423630396
P69908,1XEY,B,4,-0.7462,1,-0.84021,1,"187,411","184,185,186,187,188,189,190,408,409,410,411,412,413,414","122,420","119,120,121,122,123,124,125,417,418,419,420,421,422,423","187,411","122,420",224,81,0.4806866952789699,333,64,0.1888412017167382,0.2618025751072961,0.6524064171122995,122.0,0.0987124463519313,0.8363636363636363,46.0,466,156.2716049382716,0.3353467917130291
P69908,1XEY,B,5,-0.70353,1,-0.70001,1,"216,367","213,214,215,216,217,218,219,364,365,366,367,368,369,370","121,375","118,119,120,121,122,123,124,372,373,374,375,376,377,378","216,367","121,375",151,5,0.3240343347639485,252,71,0.203862660944206,0.259656652360515,0.5601851851851852,121.0,0.1952789699570815,0.9191919191919192,91.0,466,157.4,0.3377682403433476
P69908,1XEY,B,6,0.64093,1,0.18812,0,"166,241","163,164,165,166,167,168,169,238,239,240,241,242,243,244",158,"155,156,157,158,159,160,161","166,241",158,75,2,0.1609442060085837,127,37,0.1695278969957081,0.3390557939914163,0.9518072289156626,158.0,,,,466,76.0,0.1630901287553648
P69910,3FZ7,F,1,-0.02672,0,-1.16569,2,"76,281","73,74,75,76,77,78,79,278,279,280,281,282,283,284","288,320","285,286,287,288,289,290,291,317,318,319,320,321,322,323","76,281","288,320",205,16,0.4399141630901287,278,73,0.1974248927038626,,,,0.3133047210300429,0.7891891891891892,146.0,466,196.9375,0.422612660944206
P69910,3FZ7,F,2,-0.74143,1,-0.87057,1,"187,411","184,185,186,187,188,189,190,408,409,410,411,412,413,414","122,420","119,120,121,122,123,124,125,417,418,419,420,421,422,423","187,411","122,420",224,85,0.4806866952789699,342,65,0.2017167381974249,0.2618025751072961,0.6524064171122995,122.0,0.0987124463519313,0.8363636363636363,46.0,466,154.95294117647057,0.3325170411512244
P69910,3FZ7,F,3,-0.70769,1,-0.64267,1,"216,367","213,214,215,216,217,218,219,364,365,366,367,368,369,370","121,375","118,119,120,121,122,123,124,372,373,374,375,376,377,378","216,367","121,375",151,5,0.3240343347639485,251,76,0.2167381974248927,0.259656652360515,0.5601851851851852,121.0,0.1952789699570815,0.9191919191919192,91.0,466,157.2,0.3373390557939913
P69910,3FZ7,F,4,0.60214,1,0.21621,0,"166,206","163,164,165,166,167,168,169,203,204,205,206,207,208,209",158,"155,156,157,158,159,160,161","166,206",158,40,4,0.0858369098712446,82,40,0.167381974248927,0.3390557939914163,0.9518072289156626,158.0,,,,466,67.5,0.1448497854077253
P69910,3FZ7,F,5,-1.18221,1,-0.21936,0,"277,424","274,275,276,277,278,279,280,421,422,423,424,425,426,427",123,"120,121,122,123,124,125,126","277,424",123,147,5,0.315450643776824,260,34,0.1909871244635193,0.2639484978540772,0.4440433212996389,123.0,,,,466,156.4,0.3356223175965665
P69910,3FZ7,F,6,-0.81326,1,0.0,0,"410,461","407,408,409,410,411,412,413,458,459,460,461,462,463,464",392,"389,390,391,392,393,394,395","410,461",392,51,11,0.1094420600858369,107,34,0.130901287553648,0.8412017167381974,0.9560975609756096,392.0,,,,466,53.81818181818182,0.1154896605540382
P69922,1FUI,A,1,0.74319,1,-0.0052,0,"41,84","38,39,40,41,42,43,44,81,82,83,84,85,86,87",9,"6,7,8,9,10,11,12","41,84",9,43,45,0.0727580372250423,97,38,0.1184433164128595,0.015228426395939,0.2195121951219512,9.0,,,,591,136.6888888888889,0.2312840759541267
P69922,1FUI,A,2,0.81076,1,-0.97867,1,"196,463","193,194,195,196,197,198,199,460,461,462,463,464,465,466","178,529","175,176,177,178,179,180,181,526,527,528,529,530,531,532","196,463","178,529",267,52,0.4517766497461929,352,68,0.170896785109983,0.3011844331641286,0.9081632653061223,178.0,0.104906937394247,0.484375,62.0,591,230.03846153846155,0.3892359755303918
P69922,1FUI,A,3,0.27605,0,-0.76208,1,"311,436","308,309,310,311,312,313,314,433,434,435,436,437,438,439",446,"443,444,445,446,447,448,449","311,436",446,125,2,0.2115059221658206,223,40,0.1065989847715736,,,,0.2453468697123519,0.935483870967742,145.0,591,131.5,0.2225042301184433
P69922,1FUI,A,4,-0.15144,0,-0.71428,1,"387,481","384,385,386,387,388,389,390,478,479,480,481,482,483,484",503,"500,501,502,503,504,505,506","387,481",503,94,17,0.1590524534686971,195,39,0.116751269035533,,,,0.1489001692047377,0.8,88.0,591,110.29411764705884,0.1866228724992535
P69922,1FUI,A,5,-0.78891,1,-0.06659,0,"411,453","408,409,410,411,412,413,414,450,451,452,453,454,455,456",400,"397,398,399,400,401,402,403","411,453",400,42,6,0.0710659898477157,106,37,0.1150592216582064,0.676818950930626,0.97323600973236,400.0,,,,591,69.33333333333333,0.1173152848279751
P69922,1FUI,A,6,-0.62963,1,-0.01962,0,"479,535","476,477,478,479,480,481,482,532,533,534,535,536,537,538",458,"455,456,457,458,459,460,461","479,535",458,56,33,0.0947546531302876,120,33,0.1099830795262267,0.7749576988155669,0.9561586638830898,458.0,,,,591,74.84848484848484,0.1266471824847459
P69924,5CNS,F,1,0.0,0,0.7178,1,"2,96","-1,0,1,2,3,4,5,93,94,95,96,97,98,99",108,"105,106,107,108,109,110,111","3,97",109,94,1,0.25,163,28,0.1542553191489361,,,,0.7101063829787234,0.956989247311828,267.0,376,94.0,0.25
P69924,5CNS,F,2,0.72458,1,-0.08731,0,"98,160","95,96,97,98,99,100,101,157,158,159,160,161,162,163",84,"81,82,83,84,85,86,87","99,161",85,62,35,0.1648936170212765,136,25,0.1914893617021276,0.226063829787234,0.8585858585858586,85.0,,,,376,103.48571428571428,0.2752279635258358
P75682,2V8Z,B,1,0.0,0,0.7727,1,"17,207","14,15,16,17,18,19,20,204,205,206,207,208,209,210",217,"214,215,216,217,218,219,220","10,200",210,190,1,0.6291390728476821,236,32,0.2284768211920529,,,,0.304635761589404,0.9019607843137256,92.0,302,190.0,0.6291390728476821
P75682,2V8Z,B,2,0.68195,1,0.05904,0,"63,285","60,61,62,63,64,65,66,282,283,284,285,286,287,288",54,"51,52,53,54,55,56,57","56,278",47,222,1,0.7350993377483444,280,34,0.2218543046357615,0.1556291390728476,0.8392857142857143,47.0,,,,302,222.0,0.7350993377483444
P75682,2V8Z,B,3,0.64487,1,0.00923,0,"48,227","45,46,47,48,49,50,51,224,225,226,227,228,229,230",17,"14,15,16,17,18,19,20","41,220",10,179,14,0.5927152317880795,229,38,0.2185430463576159,0.0331125827814569,0.2439024390243902,10.0,,,,302,203.28571428571428,0.673131504257332
P75691,1UUF,A,1,0.0923,0,-0.96138,1,"23,120","20,21,22,23,24,25,26,117,118,119,120,121,122,123",133,"130,131,132,133,134,135,136","23,120",133,97,6,0.2779369627507163,159,36,0.166189111747851,,,,0.6189111747851003,0.9432314410480348,216.0,349,102.83333333333331,0.2946513849092645
P75691,1UUF,A,2,-0.67814,1,-0.01455,0,"104,138","101,102,103,104,105,106,107,135,136,137,138,139,140,141",90,"87,88,89,90,91,92,93","104,138",90,34,3,0.0974212034383954,93,33,0.1833810888252149,0.2578796561604584,0.8653846153846154,90.0,,,,349,36.0,0.1031518624641833
P75691,1UUF,A,3,0.70734,1,0.13701,0,"190,242","187,188,189,190,191,192,193,239,240,241,242,243,244,245",178,"175,176,177,178,179,180,181","190,242",178,52,3,0.1489971346704871,92,33,0.2034383954154728,0.5100286532951289,0.936842105263158,178.0,,,,349,63.66666666666666,0.1824259789875835
P75713,1RC6,A,1,-0.69009,1,0.14002,0,"1219,1239","1216,1217,1218,1219,1220,1221,1222,1236,1237,1238,1239,1240,1241,1242",1212,"1209,1210,1211,1212,1213,1214,1215","219,239",212,20,1,0.0766283524904214,68,32,0.1800766283524904,0.8122605363984674,0.9680365296803652,212.0,,,,261,20.0,0.0766283524904214
P75713,1RC6,A,2,-0.78675,1,-0.05288,0,"1113,1136","1110,1111,1112,1113,1114,1115,1116,1133,1134,1135,1136,1137,1138,1139",1081,"1078,1079,1080,1081,1082,1083,1084","113,136",81,23,33,0.0881226053639846,69,27,0.1954022988505747,0.3103448275862069,0.7168141592920354,81.0,,,,261,40.36363636363637,0.154649947753396
P75736,3BF8,A,1,0.0,0,0.89584,1,"6,29","3,4,5,6,7,8,9,26,27,28,29,30,31,32",43,"40,41,42,43,44,45,46","6,29",43,23,3,0.0905511811023622,62,29,0.2559055118110236,,,,0.8307086614173228,0.9377777777777778,211.0,254,24.0,0.0944881889763779
P75736,3BF8,A,2,0.75838,1,0.32033,0,"39,86","36,37,38,39,40,41,42,83,84,85,86,87,88,89",19,"16,17,18,19,20,21,22","39,86",19,47,24,0.1850393700787401,112,35,0.2637795275590551,0.0748031496062992,0.4871794871794871,19.0,,,,254,166.875,0.656988188976378
P75736,3BF8,A,3,0.79021,1,-0.08134,0,"161,235","158,159,160,161,162,163,164,232,233,234,235,236,237,238",114,"111,112,113,114,115,116,117","161,235",114,74,5,0.2913385826771653,132,40,0.3031496062992126,0.4488188976377952,0.7080745341614907,114.0,,,,254,80.8,0.3181102362204724
P75745,5DUD,A,1,0.60591,1,-0.36953,0,"26,125","23,24,25,26,27,28,29,122,123,124,125,126,127,128",14,"11,12,13,14,15,16,17","26,125",14,99,7,0.3193548387096774,165,37,0.2,0.0451612903225806,0.5384615384615384,14.0,,,,310,100.85714285714286,0.3253456221198156
P75745,5DUD,A,2,0.85154,1,-0.01936,0,"262,288","259,260,261,262,263,264,265,285,286,287,288,289,290,291",175,"172,173,174,175,176,177,178","262,288",175,26,7,0.0838709677419354,65,31,0.1580645161290322,0.5645161290322581,0.6679389312977099,175.0,,,,310,28.857142857142858,0.0930875576036866
P75745,5DUD,A,3,-0.95886,1,-0.09685,0,"244,261","241,242,243,244,245,246,247,258,259,260,261,262,263,264",233,"230,231,232,233,234,235,236","244,261",233,17,37,0.0548387096774193,66,33,0.2161290322580645,0.7516129032258064,0.9549180327868853,233.0,,,,310,32.83783783783784,0.1059285091543156
P75745,5DUD,A,4,-0.23391,0,-0.70394,1,"44,69","41,42,43,44,45,46,47,66,67,68,69,70,71,72",114,"111,112,113,114,115,116,117","44,69",114,25,13,0.0806451612903225,85,42,0.2290322580645161,,,,0.632258064516129,0.8132780082987552,196.0,310,35.07692307692308,0.113151364764268
P75780,6BPM,C,1,-0.55234,0,-0.78549,1,"135,161","132,133,134,135,136,137,138,158,159,160,161,162,163,164",170,"167,168,169,170,171,172,173","135,161",170,26,7,0.0342105263157894,95,35,0.0947368421052631,,,,0.7763157894736842,0.9849749582637728,590.0,760,28.428571428571427,0.0374060150375939
P75791,2DBN,A,1,-1.01863,1,0.0879,0,"325,346","322,323,324,325,326,327,328,343,344,345,346,347,348,349",277,"274,275,276,277,278,279,280","325,346",277,21,5,0.0498812351543943,82,39,0.1520190023752969,0.6579572446555819,0.8523076923076923,277.0,,,,421,37.6,0.0893111638954869
P75792,1RLM,A,1,0.05006,0,-0.78409,1,"81,109","78,79,80,81,82,83,84,106,107,108,109,110,111,112",146,"143,144,145,146,147,148,149","81,109",146,28,23,0.1033210332103321,63,30,0.1955719557195571,,,,0.4612546125461255,0.7716049382716049,125.0,271,70.91304347826087,0.2616717471522541
P75797,1UQW,A,1,0.65268,1,0.0,0,"30,480","27,28,29,30,31,32,33,477,478,479,480,481,482,483",12,"9,10,11,12,13,14,15","53,503",35,450,7,0.87890625,484,32,0.15234375,0.068359375,0.660377358490566,35.0,,,,512,452.4285714285714,0.8836495535714286
P75797,1UQW,A,2,-0.43468,0,0.7214,1,"295,388","292,293,294,295,296,297,298,385,386,387,388,389,390,391",455,"452,453,454,455,456,457,458","318,411",478,93,21,0.181640625,152,37,0.150390625,,,,0.06640625,0.3366336633663366,34.0,512,119.47619047619048,0.2333519345238095
P75797,1UQW,A,3,0.60924,1,0.06619,0,"355,381","352,353,354,355,356,357,358,378,379,380,381,382,383,384",327,"324,325,326,327,328,329,330","378,404",350,26,5,0.05078125,57,29,0.099609375,0.68359375,0.925925925925926,350.0,,,,512,38.0,0.07421875
P75797,1UQW,A,4,-1.77898,3,-0.02335,0,"294,477","291,292,293,294,295,296,297,474,475,476,477,478,479,480","242,247,268","239,240,241,242,243,244,245,244,245,246,247,248,249,250,265,266,267,268,269,270,271","317,500","265,270,291",183,17,0.357421875,271,83,0.220703125,0.517578125,0.8359621451104101,265.0,,,,512,123.52941176470588,0.2412683823529411
P75797,1UQW,A,5,0.09528,0,-0.83192,1,"21,89","18,19,20,21,22,23,24,86,87,88,89,90,91,92",140,"137,138,139,140,141,142,143","44,112",163,68,18,0.1328125,149,39,0.1484375,,,,0.681640625,0.8725,349.0,512,77.27777777777777,0.1509331597222222
P75797,1UQW,A,6,0.23866,0,-1.78168,2,"46,294","43,44,45,46,47,48,49,291,292,293,294,295,296,297","459,463","456,457,458,459,460,461,462,460,461,462,463,464,465,466","69,317","482,486",248,43,0.484375,373,55,0.177734375,,,,0.05078125,0.1333333333333333,26.0,512,197.53488372093025,0.3858103197674418
P75804,2G8S,A,1,0.01185,0,-0.65481,1,"156,178","153,154,155,156,157,158,159,175,176,177,178,179,180,181",187,"184,185,186,187,188,189,190","176,198",207,22,1,0.059299191374663,63,35,0.1509433962264151,,,,0.4420485175202156,0.9479768786127168,164.0,371,22.0,0.059299191374663
P75804,2G8S,A,2,-0.67647,1,0.0968,0,"29,334","26,27,28,29,30,31,32,331,332,333,334,335,336,337",20,"17,18,19,20,21,22,23","49,354",40,305,3,0.8221024258760108,334,35,0.1805929919137466,0.1078167115902965,0.8163265306122449,40.0,,,,371,311.0,0.8382749326145552
P75820,3D2Y,A,1,0.00648,0,0.74607,1,"29,78","26,27,28,29,30,31,32,75,76,77,78,79,80,81",102,"99,100,101,102,103,104,105","44,93",117,49,1,0.1775362318840579,91,36,0.213768115942029,,,,0.5760869565217391,0.8688524590163934,159.0,276,49.0,0.1775362318840579
P75820,3D2Y,A,2,0.20368,0,-0.65687,1,"178,210","175,176,177,178,179,180,181,207,208,209,210,211,212,213",251,"248,249,250,251,252,253,254","193,225",266,32,1,0.1159420289855072,69,33,0.2717391304347826,,,,0.036231884057971,0.196078431372549,10.0,276,32.0,0.1159420289855072
P75820,3D2Y,A,3,0.97125,1,-0.68813,1,"91,209","88,89,90,91,92,93,94,206,207,208,209,210,211,212","34,247","31,32,33,34,35,36,37,244,245,246,247,248,249,250","106,224","49,262",118,50,0.427536231884058,194,67,0.358695652173913,0.1775362318840579,0.4622641509433962,49.0,0.0507246376811594,0.2692307692307692,14.0,276,83.46,0.3023913043478261
P75823,3WLX,B,1,0.6938,1,0.17037,0,"84,166","81,82,83,84,85,86,87,163,164,165,166,167,168,169",77,"74,75,76,77,78,79,80","84,166",77,82,1,0.2462462462462462,124,35,0.2372372372372372,0.2312312312312312,0.9166666666666666,77.0,,,,333,82.0,0.2462462462462462
P75823,3WLX,B,2,0.0,0,-0.60551,1,"5,300","2,3,4,5,6,7,8,297,298,299,300,301,302,303",308,"305,306,307,308,309,310,311","5,300",308,295,6,0.8858858858858859,326,34,0.1711711711711711,,,,0.075075075075075,0.7575757575757576,25.0,333,296.5,0.8903903903903904
P75823,3WLX,B,3,-1.12386,1,0.04362,0,"203,234","200,201,202,203,204,205,206,231,232,233,234,235,236,237",54,"51,52,53,54,55,56,57","203,234",54,31,43,0.093093093093093,81,34,0.2402402402402402,0.1621621621621621,0.2660098522167488,54.0,,,,333,83.09302325581395,0.2495285983658076
P75823,3WLX,B,4,-0.07247,0,-1.27337,2,"16,199","13,14,15,16,17,18,19,196,197,198,199,200,201,202","206,235","203,204,205,206,207,208,209,232,233,234,235,236,237,238","16,199","206,235",183,26,0.5495495495495496,242,67,0.2672672672672673,,,,0.2942942942942942,0.7313432835820896,98.0,333,173.69230769230768,0.5215985215985216
P75830,3FPP,B,1,-0.07356,0,-0.65292,1,"226,263","223,224,225,226,227,228,229,260,261,262,263,264,265,266",277,"274,275,276,277,278,279,280","226,263",277,37,1,0.0997304582210242,68,35,0.1401617250673854,,,,0.2533692722371967,0.8703703703703703,94.0,371,37.0,0.0997304582210242
P75831,5LJ9,A,1,0.00314,0,0.82863,1,"36,184","33,34,35,36,37,38,39,181,182,183,184,185,186,187",198,"195,196,197,198,199,200,201","36,184",198,148,5,0.228395061728395,194,40,0.103395061728395,,,,0.6944444444444444,0.9698275862068966,450.0,648,152.4,0.2351851851851852
P75831,5LJ9,A,2,0.60715,1,-0.02443,0,"47,216","44,45,46,47,48,49,50,213,214,215,216,217,218,219",39,"36,37,38,39,40,41,42","47,216",39,169,1,0.2608024691358024,212,35,0.0925925925925925,0.0601851851851851,0.8297872340425532,39.0,,,,648,169.0,0.2608024691358024
P75838,4Q86,B,1,-0.27311,0,-0.83533,1,"123,160","120,121,122,123,124,125,126,157,158,159,160,161,162,163",168,"165,166,167,168,169,170,171","123,160",168,37,9,0.0631399317406143,97,30,0.0870307167235494,,,,0.7133105802047781,0.9812206572769951,418.0,586,45.66666666666666,0.0779294653014789
P75838,4Q86,B,2,-0.34859,0,-0.97642,1,"167,371","164,165,166,167,168,169,170,368,369,370,371,372,373,374",385,"382,383,384,385,386,387,388","167,371",385,204,24,0.3481228668941979,280,40,0.1262798634812286,,,,0.3430034129692833,0.9348837209302324,201.0,586,229.91666666666663,0.3923492605233219
P75838,4Q86,B,3,0.66473,1,0.0,0,"102,573","99,100,101,102,103,104,105,570,571,572,573,574,575,576",89,"86,87,88,89,90,91,92","102,573",89,471,14,0.8037542662116041,534,31,0.1092150170648464,0.151877133105802,0.8725490196078431,89.0,,,,586,477.2857142857143,0.8144807411019015
P75838,4Q86,B,4,0.08168,0,0.7929,1,"213,310","210,211,212,213,214,215,216,307,308,309,310,311,312,313",330,"327,328,329,330,331,332,333","213,310",330,97,12,0.1655290102389078,160,34,0.0921501706484641,,,,0.4368600682593856,0.927536231884058,256.0,586,107.5,0.1834470989761092
P75853,2X26,A,1,0.60649,1,0.08563,0,"40,233","37,38,39,40,41,42,43,230,231,232,233,234,235,236",32,"29,30,31,32,33,34,35","40,233",32,193,1,0.6050156739811913,248,36,0.2037617554858934,0.1003134796238244,0.8,32.0,,,,319,193.0,0.6050156739811913
P75853,2X26,A,2,0.43158,0,-0.79375,1,"90,137","87,88,89,90,91,92,93,134,135,136,137,138,139,140",209,"206,207,208,209,210,211,212","90,137",209,47,6,0.1473354231974921,133,31,0.2539184952978056,,,,0.3448275862068966,0.6043956043956044,110.0,319,52.66666666666666,0.1650992685475444
P75853,2X26,A,3,-1.3907,3,0.1118,0,"146,287","143,144,145,146,147,148,149,284,285,286,287,288,289,290","103,110,134","100,101,102,103,104,105,106,107,108,109,110,111,112,113,131,132,133,134,135,136,137","146,287","103,110,134",141,48,0.4420062695924764,222,89,0.3887147335423197,0.322884012539185,0.7054794520547946,103.0,,,,319,93.1875,0.2921238244514106
P75862,5E1L,A,1,-0.70612,1,0.0,0,"126,168","123,124,125,126,127,128,129,165,166,167,168,169,170,171",113,"110,111,112,113,114,115,116","126,168",113,42,2,0.2333333333333333,83,33,0.3166666666666666,0.6277777777777778,0.8968253968253969,113.0,,,,180,42.5,0.2361111111111111
P75864,3V97,A,1,0.0,0,-0.80526,1,"1,26","-2,-1,0,1,2,3,4,23,24,25,26,27,28,29",38,"35,36,37,38,39,40,41","1,26",38,25,1,0.0356125356125356,61,34,0.0669515669515669,,,,0.945868945868946,0.9822485207100592,664.0,702,25.0,0.0356125356125356
P75864,3V97,A,2,0.07267,0,-0.65714,1,"56,138","53,54,55,56,57,58,59,135,136,137,138,139,140,141",151,"148,149,150,151,152,153,154","56,138",151,82,2,0.1168091168091168,121,36,0.1125356125356125,,,,0.7849002849002849,0.9769503546099292,551.0,702,82.0,0.1168091168091168
P75864,3V97,A,3,0.64445,1,-0.09644,0,"116,139","113,114,115,116,117,118,119,136,137,138,139,140,141,142",91,"88,89,90,91,92,93,94","116,139",91,23,8,0.0327635327635327,54,29,0.0897435897435897,0.1296296296296296,0.7844827586206896,91.0,,,,702,37.75,0.0537749287749287
P75864,3V97,A,4,0.6004,1,0.07143,0,"203,307","200,201,202,203,204,205,206,304,305,306,307,308,309,310",194,"191,192,193,194,195,196,197","203,307",194,104,1,0.1481481481481481,172,35,0.1039886039886039,0.2763532763532763,0.955665024630542,194.0,,,,702,104.0,0.1481481481481481
P75864,3V97,A,5,0.69842,1,0.12666,0,"552,613","549,550,551,552,553,554,555,610,611,612,613,614,615,616",542,"539,540,541,542,543,544,545","552,613",542,61,1,0.0868945868945869,104,34,0.1068376068376068,0.7720797720797721,0.9818840579710144,542.0,,,,702,61.0,0.0868945868945869
P75876,3C0K,A,1,0.74652,1,0.14431,0,"234,298","231,232,233,234,235,236,237,295,296,297,298,299,300,301",225,"222,223,224,225,226,227,228","234,298",225,64,3,0.1616161616161616,105,33,0.1944444444444444,0.5681818181818182,0.9615384615384616,225.0,,,,396,78.0,0.1969696969696969
P75898,5WAN,A,1,0.8869,1,0.22102,0,"60,265","57,58,59,60,61,62,63,262,263,264,265,266,267,268",48,"45,46,47,48,49,50,51","78,283",66,205,23,0.5366492146596858,280,36,0.1806282722513089,0.1727748691099476,0.8461538461538461,66.0,,,,382,226.4782608695652,0.5928750284543592
P75898,5WAN,A,2,0.99999,1,-0.01522,0,"302,331","299,300,301,302,303,304,305,328,329,330,331,332,333,334",242,"239,240,241,242,243,244,245","320,349",260,29,1,0.0759162303664921,92,37,0.1806282722513089,0.680628272251309,0.8125,260.0,,,,382,29.0,0.0759162303664921
P75898,5WAN,A,3,0.37003,0,0.70069,1,"213,254","210,211,212,213,214,215,216,251,252,253,254,255,256,257",307,"304,305,306,307,308,309,310","231,272",325,41,3,0.1073298429319371,90,41,0.1544502617801047,,,,0.1492146596858638,0.5181818181818182,57.0,382,42.66666666666666,0.1116928446771378
P75906,4F9D,A,1,0.32092,0,0.93124,1,"254,387","251,252,253,254,255,256,257,384,385,386,387,388,389,390",395,"392,393,394,395,396,397,398","254,387",395,133,15,0.1979166666666666,230,28,0.1086309523809523,,,,0.4122023809523809,0.9719298245614036,277.0,672,179.06666666666666,0.2664682539682539
P75906,4F9D,A,2,1.04633,1,0.24148,0,"286,531","283,284,285,286,287,288,289,528,529,530,531,532,533,534",275,"272,273,274,275,276,277,278","286,531",275,245,3,0.3645833333333333,315,36,0.1011904761904761,0.4092261904761904,0.9615384615384616,275.0,,,,672,245.66666666666663,0.3655753968253968
P75906,4F9D,A,3,0.48783,0,0.8152,1,"104,281","101,102,103,104,105,106,107,278,279,280,281,282,283,284",287,"284,285,286,287,288,289,290","104,281",287,177,18,0.2633928571428571,237,33,0.0907738095238095,,,,0.5729166666666666,0.9846547314578004,385.0,672,220.77777777777777,0.3285383597883597
P75906,4F9D,A,4,0.0,0,0.82693,1,"49,94","46,47,48,49,50,51,52,91,92,93,94,95,96,97",108,"105,106,107,108,109,110,111","49,94",108,45,2,0.0669642857142857,95,32,0.0848214285714285,,,,0.8392857142857143,0.9757785467128028,564.0,672,47.5,0.0706845238095238
P75906,4F9D,A,5,0.93467,1,-0.13937,0,"80,298","77,78,79,80,81,82,83,295,296,297,298,299,300,301",51,"48,49,50,51,52,53,54","80,298",51,218,9,0.3244047619047619,269,37,0.0997023809523809,0.0758928571428571,0.6375,51.0,,,,672,222.11111111111111,0.3305224867724868
P75906,4F9D,A,6,0.84965,1,0.11273,0,"155,189","152,153,154,155,156,157,158,186,187,188,189,190,191,192",139,"136,137,138,139,140,141,142","155,189",139,34,2,0.050595238095238,91,37,0.1011904761904761,0.206845238095238,0.896774193548387,139.0,,,,672,34.5,0.0513392857142857
P75906,4F9D,A,7,0.20045,0,0.79968,3,"197,329","194,195,196,197,198,199,200,326,327,328,329,330,331,332","349,384,395","346,347,348,349,350,351,352,381,382,383,384,385,386,387,392,393,394,395,396,397,398","197,329","349,384,395",132,1,0.1964285714285714,226,60,0.1279761904761904,,,,0.4122023809523809,0.8075801749271136,277.0,672,132.0,0.1964285714285714
P75913,6OVL,A,1,-0.63511,1,0.0,0,"167,310","164,165,166,167,168,169,170,307,308,309,310,311,312,313",90,"87,88,89,90,91,92,93","167,310",90,143,2,0.4583333333333333,192,31,0.2179487179487179,0.2884615384615384,0.5389221556886228,90.0,,,,312,144.0,0.4615384615384615
P75913,6OVL,A,2,0.60019,1,0.30647,0,"155,195","152,153,154,155,156,157,158,192,193,194,195,196,197,198",139,"136,137,138,139,140,141,142","155,195",139,40,5,0.1282051282051282,73,34,0.2147435897435897,0.4455128205128205,0.896774193548387,139.0,,,,312,45.8,0.1467948717948717
P75931,1TLT,B,1,-0.60619,3,0.0,0,"202,302","199,200,201,202,203,204,205,299,300,301,302,303,304,305","125,147,172","122,123,124,125,126,127,128,144,145,146,147,148,149,150,169,170,171,172,173,174,175","200,300","123,145,170",100,5,0.3257328990228013,171,82,0.3908794788273615,0.4006514657980456,0.615,123.0,,,,307,112.4,0.3661237785016287
P75960,6RXK,A,1,-0.68946,1,0.04732,0,"161,186","158,159,160,161,162,163,164,183,184,185,186,187,188,189",153,"150,151,152,153,154,155,156","161,186",153,25,1,0.089605734767025,47,34,0.1863799283154122,0.5483870967741935,0.9503105590062112,153.0,,,,279,25.0,0.089605734767025
P75966,2OML,A,1,0.61152,1,-0.12609,0,"60,80","57,58,59,60,61,62,63,77,78,79,80,81,82,83",50,"47,48,49,50,51,52,53","60,80",50,20,1,0.0921658986175115,53,30,0.2119815668202765,0.2304147465437788,0.8333333333333334,50.0,,,,217,20.0,0.0921658986175115
P75966,2OML,A,2,0.05657,0,-0.77276,1,"104,137","101,102,103,104,105,106,107,134,135,136,137,138,139,140",171,"168,169,170,171,172,173,174","104,137",171,33,1,0.152073732718894,76,31,0.2488479262672811,,,,0.2119815668202765,0.575,46.0,217,33.0,0.152073732718894
P75966,2OML,A,3,-0.83264,1,0.0162,0,"167,193","164,165,166,167,168,169,170,190,191,192,193,194,195,196",111,"108,109,110,111,112,113,114","167,193",111,26,17,0.1198156682027649,66,33,0.2672811059907834,0.511520737327189,0.6646706586826348,111.0,,,,217,40.294117647058826,0.1856871780970452
P76002,4DY3,A,1,-0.68468,1,0.0,0,"98,131","95,96,97,98,99,100,101,128,129,130,131,132,133,134",62,"59,60,61,62,63,64,65","98,131",62,33,2,0.2481203007518796,87,29,0.3308270676691729,0.4661654135338345,0.6326530612244898,62.0,,,,133,34.0,0.2556390977443609
P76008,5Z01,A,1,0.60089,1,0.18224,0,"39,73","36,37,38,39,40,41,42,70,71,72,73,74,75,76",7,"4,5,6,7,8,9,10","39,73",7,34,2,0.1118421052631579,80,39,0.2039473684210526,0.0230263157894736,0.1794871794871795,7.0,,,,304,74.5,0.2450657894736842
P76008,5Z01,A,2,0.15421,0,0.90881,1,"125,175","122,123,124,125,126,127,128,172,173,174,175,176,177,178",276,"273,274,275,276,277,278,279","125,175",276,50,27,0.1644736842105263,127,35,0.2598684210526316,,,,0.0921052631578947,0.2170542635658914,28.0,304,76.4074074074074,0.2513401559454191
P76010,5Y6G,A,1,-0.01356,0,-0.72039,1,"154,194","151,152,153,154,155,156,157,191,192,193,194,195,196,197",207,"204,205,206,207,208,209,210","154,194",207,40,3,0.1639344262295081,71,32,0.1967213114754098,,,,0.151639344262295,0.74,37.0,244,53.66666666666666,0.2199453551912568
P76015,3PNL,A,1,0.86375,1,0.0,0,"65,348","62,63,64,65,66,67,68,345,346,347,348,349,350,351",51,"48,49,50,51,52,53,54","65,348",51,283,2,0.7949438202247191,329,39,0.2162921348314606,0.1432584269662921,0.7846153846153846,51.0,,,,356,283.5,0.7963483146067416
P76015,3PNL,A,2,-0.10789,0,0.86917,1,"35,61","32,33,34,35,36,37,38,58,59,60,61,62,63,64",70,"67,68,69,70,71,72,73","35,61",70,26,7,0.0730337078651685,89,47,0.2078651685393258,,,,0.8033707865168539,0.9694915254237289,286.0,356,36.0,0.1011235955056179
P76015,3PNL,A,3,0.71009,1,-0.05175,0,"309,332","306,307,308,309,310,311,312,329,330,331,332,333,334,335",281,"278,279,280,281,282,283,284","309,332",281,23,7,0.0646067415730337,79,41,0.1938202247191011,0.7893258426966292,0.9093851132686084,281.0,,,,356,30.571428571428573,0.0858747993579454
P76015,3PNL,A,4,0.26563,0,-0.8343,1,"219,322","216,217,218,219,220,221,222,319,320,321,322,323,324,325",328,"325,326,327,328,329,330,331","219,322",328,103,3,0.2893258426966292,165,40,0.2050561797752809,,,,0.0786516853932584,0.8235294117647058,28.0,356,111.66666666666669,0.3136704119850187
P76015,3PNL,A,5,0.8501,1,-0.81835,1,"63,319","60,61,62,63,64,65,66,316,317,318,319,320,321,322","49,332","46,47,48,49,50,51,52,329,330,331,332,333,334,335","63,319","49,332",256,76,0.7191011235955056,322,85,0.3707865168539326,0.1376404494382022,0.7777777777777778,49.0,0.0674157303370786,0.6486486486486487,24.0,356,192.6184210526316,0.5410629804849202
P76016,4LRZ,F,1,-0.0728,0,-0.62661,1,"53,150","50,51,52,53,54,55,56,147,148,149,150,151,152,153",160,"157,158,159,160,161,162,163","53,150",160,97,1,0.1517996870109546,148,39,0.1111111111111111,,,,0.7496087636932708,0.9795501022494888,479.0,639,97.0,0.1517996870109546
P76038,6VTV,B,1,0.75177,1,0.10937,0,"39,70","36,37,38,39,40,41,42,67,68,69,70,71,72,73",14,"11,12,13,14,15,16,17","35,66",10,31,24,0.1220472440944882,72,36,0.2834645669291338,0.0393700787401574,0.2857142857142857,10.0,,,,254,149.16666666666666,0.587270341207349
P76038,6VTV,B,2,0.72687,1,-0.06526,0,"89,134","86,87,88,89,90,91,92,131,132,133,134,135,136,137",78,"75,76,77,78,79,80,81","85,130",74,45,6,0.1771653543307086,105,27,0.1968503937007874,0.2913385826771653,0.8705882352941177,74.0,,,,254,55.333333333333336,0.2178477690288714
P76038,6VTV,B,3,-0.3804,0,-0.76479,1,"172,201","169,170,171,172,173,174,175,198,199,200,201,202,203,204",210,"207,208,209,210,211,212,213","168,197",206,29,15,0.1141732283464567,79,32,0.2244094488188976,,,,0.1889763779527559,0.8421052631578947,48.0,254,34.266666666666666,0.1349081364829396
P76044,6WN6,A,1,0.0,0,0.9434,1,"4,228","1,2,3,4,5,6,7,225,226,227,228,229,230,231",239,"236,237,238,239,240,241,242","1,225",236,224,3,0.8549618320610687,254,29,0.1908396946564885,,,,0.099236641221374,0.7027027027027027,26.0,262,226.33333333333331,0.8638676844783716
P76049,5XB6,A,1,0.07054,0,0.76707,1,"80,181","77,78,79,80,81,82,83,178,179,180,181,182,183,184",222,"219,220,221,222,223,224,225","80,181",222,101,1,0.3300653594771242,179,37,0.1830065359477124,,,,0.2745098039215686,0.672,84.0,306,101.0,0.3300653594771242
P76049,5XB6,A,2,0.05376,0,0.8749,1,"21,47","18,19,20,21,22,23,24,44,45,46,47,48,49,50",65,"62,63,64,65,66,67,68","21,47",65,26,7,0.0849673202614379,88,38,0.261437908496732,,,,0.7875816993464052,0.9305019305019304,241.0,306,31.0,0.1013071895424836
P76049,5XB6,A,3,0.76865,1,0.35903,0,"58,114","55,56,57,58,59,60,61,111,112,113,114,115,116,117",37,"34,35,36,37,38,39,40","58,114",37,56,24,0.1830065359477124,129,42,0.2516339869281045,0.1209150326797385,0.6379310344827587,37.0,,,,306,187.75,0.613562091503268
P76049,5XB6,A,4,0.753,1,0.34652,0,"198,252","195,196,197,198,199,200,201,249,250,251,252,253,254,255",141,"138,139,140,141,142,143,144","198,252",141,54,15,0.1764705882352941,150,42,0.2418300653594771,0.4607843137254901,0.7121212121212122,141.0,,,,306,74.6,0.2437908496732026
P76077,3PVT,A,1,0.60577,1,0.34239,0,"140,211","137,138,139,140,141,142,143,208,209,210,211,212,213,214",126,"123,124,125,126,127,128,129","140,211",126,71,4,0.2297734627831715,137,33,0.2394822006472491,0.4077669902912621,0.9,126.0,,,,309,72.5,0.2346278317152103
P76077,3PVT,A,2,0.69079,1,-0.28159,0,"65,115","62,63,64,65,66,67,68,112,113,114,115,116,117,118",42,"39,40,41,42,43,44,45","65,115",42,50,37,0.1618122977346278,110,30,0.2362459546925566,0.1359223300970873,0.6461538461538462,42.0,,,,309,77.89189189189189,0.2520773200384851
P76079,3PVT,C,1,0.61977,1,-0.19422,0,"38,90","35,36,37,38,39,40,41,87,88,89,90,91,92,93",15,"12,13,14,15,16,17,18","38,90",15,52,14,0.2096774193548387,114,30,0.2862903225806452,0.0604838709677419,0.3947368421052631,15.0,,,,248,83.0,0.3346774193548387
P76083,3MOG,C,1,0.83806,1,0.25755,0,"227,423","224,225,226,227,228,229,230,420,421,422,423,424,425,426",216,"213,214,215,216,217,218,219","227,423",216,196,7,0.4126315789473684,271,30,0.1263157894736842,0.4547368421052631,0.9515418502202644,216.0,,,,475,200.42857142857144,0.4219548872180451
P76115,6V81,A,1,-0.78339,1,-0.49248,0,"117,146","114,115,116,117,118,119,120,143,144,145,146,147,148,149",104,"101,102,103,104,105,106,107","117,146",104,29,4,0.0414285714285714,110,43,0.1071428571428571,0.1485714285714285,0.8888888888888888,104.0,,,,700,31.25,0.0446428571428571
P76115,6V81,A,2,-0.13023,0,-0.77452,1,"483,530","480,481,482,483,484,485,486,527,528,529,530,531,532,533",539,"536,537,538,539,540,541,542","483,530",539,47,2,0.0671428571428571,107,35,0.0714285714285714,,,,0.23,0.9470588235294116,161.0,700,47.5,0.0678571428571428
P76116,3VH0,D,1,-0.60148,1,-0.11272,0,"55,320","52,53,54,55,56,57,58,317,318,319,320,321,322,323",46,"43,44,45,46,47,48,49","55,320",46,265,3,0.7507082152974505,298,43,0.2039660056657223,0.1303116147308781,0.8363636363636363,46.0,,,,353,276.6666666666667,0.7837582625118037
P76141,4L5J,A,1,0.68034,1,0.16482,0,"155,226","152,153,154,155,156,157,158,223,224,225,226,227,228,229",148,"145,146,147,148,149,150,151","155,226",148,71,6,0.22397476340694,139,40,0.2208201892744479,0.4668769716088328,0.9548387096774194,148.0,,,,317,89.5,0.2823343848580442
P76141,4L5J,A,2,-0.10268,0,0.79619,1,"82,293","79,80,81,82,83,84,85,290,291,292,293,294,295,296",303,"300,301,302,303,304,305,306","82,293",303,211,3,0.6656151419558359,243,38,0.2145110410094637,,,,0.0441640378548895,0.5833333333333334,14.0,317,212.33333333333331,0.6698212407991588
P76143,4P2V,A,1,0.93631,1,-0.10507,0,"75,257","72,73,74,75,76,77,78,254,255,256,257,258,259,260",54,"51,52,53,54,55,56,57","75,257",54,182,11,0.6254295532646048,233,35,0.2371134020618556,0.1855670103092783,0.72,54.0,,,,291,187.9090909090909,0.6457357075913777
P76187,1OG6,C,1,-0.00593,0,0.72607,1,"17,247","14,15,16,17,18,19,20,244,245,246,247,248,249,250",259,"256,257,258,259,260,261,262","17,247",259,230,3,0.7718120805369127,276,36,0.2651006711409396,,,,0.1308724832214765,0.7647058823529411,39.0,298,233.0,0.7818791946308725
P76187,1OG6,C,2,0.98229,1,0.02717,0,"41,266","38,39,40,41,42,43,44,263,264,265,266,267,268,269",18,"15,16,17,18,19,20,21","41,266",18,225,15,0.7550335570469798,277,32,0.1946308724832214,0.0604026845637583,0.4390243902439024,18.0,,,,298,229.13333333333333,0.768903803131991
P76204,3TLQ,A,1,-0.61035,0,1.01442,1,"23,207","20,21,22,23,24,25,26,204,205,206,207,208,209,210",217,"214,215,216,217,218,219,220","23,207",217,184,2,0.7763713080168776,220,31,0.2151898734177215,,,,0.0843881856540084,0.6666666666666666,20.0,237,187.0,0.7890295358649789
P76204,3TLQ,A,2,-0.83933,1,0.0,0,"30,228","27,28,29,30,31,32,33,225,226,227,228,229,230,231",14,"11,12,13,14,15,16,17","30,228",14,198,5,0.8354430379746836,226,31,0.2025316455696202,0.0590717299578059,0.4666666666666667,14.0,,,,237,205.2,0.8658227848101265
P76216,1YNH,D,1,-0.84088,1,-0.05679,0,"125,372","122,123,124,125,126,127,128,369,370,371,372,373,374,375",112,"109,110,111,112,113,114,115","125,372",112,247,2,0.5525727069351231,316,39,0.1565995525727069,0.2505592841163311,0.896,112.0,,,,447,249.0,0.5570469798657718
P76216,1YNH,D,2,-0.6401,1,-0.04547,0,"186,371","183,184,185,186,187,188,189,368,369,370,371,372,373,374",179,"176,177,178,179,180,181,182","186,371",179,185,1,0.4138702460850111,251,39,0.16331096196868,0.4004474272930649,0.9623655913978496,179.0,,,,447,185.0,0.4138702460850111
P76216,1YNH,D,3,0.0,0,-1.21401,1,"5,186","2,3,4,5,6,7,8,183,184,185,186,187,188,189",369,"366,367,368,369,370,371,372","5,186",369,181,33,0.4049217002237136,288,39,0.1431767337807606,,,,0.174496644295302,0.2988505747126437,78.0,447,275.54545454545456,0.6164327842180192
P76216,1YNH,D,4,-0.6869,1,-0.01368,0,"98,408","95,96,97,98,99,100,101,405,406,407,408,409,410,411",60,"57,58,59,60,61,62,63","98,408",60,310,14,0.6935123042505593,390,33,0.1834451901565995,0.1342281879194631,0.6122448979591837,60.0,,,,447,324.7142857142857,0.7264301693831895
P76216,1YNH,D,5,0.60812,1,-0.04364,0,"26,208","23,24,25,26,27,28,29,205,206,207,208,209,210,211",10,"7,8,9,10,11,12,13","26,208",10,182,6,0.407158836689038,307,38,0.1834451901565995,0.0223713646532438,0.3846153846153846,10.0,,,,447,234.33333333333331,0.5242356450410142
P76216,1YNH,D,6,-0.02107,0,0.71795,1,"169,198","166,167,168,169,170,171,172,195,196,197,198,199,200,201",213,"210,211,212,213,214,215,216","169,198",213,29,2,0.0648769574944071,96,38,0.1342281879194631,,,,0.5234899328859061,0.9397590361445785,234.0,447,29.5,0.0659955257270693
P76216,1YNH,D,7,0.76918,1,-0.18532,0,"210,242","207,208,209,210,211,212,213,239,240,241,242,243,244,245",196,"193,194,195,196,197,198,199","210,242",196,32,16,0.0715883668903803,87,37,0.1498881431767337,0.4384787472035794,0.9333333333333332,196.0,,,,447,34.6875,0.0776006711409396
P76256,4YDU,C,1,-0.68332,3,0.05817,0,"135,197","132,133,134,135,136,137,138,194,195,196,197,198,199,200","97,112,125","94,95,96,97,98,99,100,109,110,111,112,113,114,115,122,123,124,125,126,127,128","135,197","97,112,125",62,3,0.2683982683982684,123,74,0.4242424242424242,0.4199134199134199,0.7185185185185186,97.0,,,,231,71.66666666666667,0.3102453102453102
P76272,6KZ4,A,1,0.0,0,-0.74884,1,"515,544","512,513,514,515,516,517,518,541,542,543,544,545,546,547",556,"553,554,555,556,557,558,559","515,544",556,29,4,0.0330672748004561,63,37,0.0547320410490307,,,,0.3660205245153934,0.963963963963964,321.0,877,30.5,0.0347776510832383
P76272,6KZ4,A,2,-0.65297,1,-0.044,0,"719,734","716,717,718,719,720,721,722,731,732,733,734,735,736,737",691,"688,689,690,691,692,693,694","719,734",691,15,3,0.0171037628278221,48,24,0.0672748004561003,0.7879133409350056,0.96105702364395,691.0,,,,877,29.33333333333333,0.0334473584188521
P76272,6KZ4,A,3,-0.86792,1,-0.10172,0,"789,857","786,787,788,789,790,791,792,854,855,856,857,858,859,860",751,"748,749,750,751,752,753,754","789,857",751,68,1,0.0775370581527936,120,32,0.0581527936145952,0.8563283922462942,0.9518377693282636,751.0,,,,877,68.0,0.0775370581527936
P76272,6KZ4,A,4,-0.74594,1,-0.11145,0,"838,860","835,836,837,838,839,840,841,857,858,859,860,861,862,863",803,"800,801,802,803,804,805,806","838,860",803,22,2,0.0250855188141391,58,25,0.0775370581527936,0.9156214367160777,0.9582338902147972,803.0,,,,877,36.5,0.0416191562143671
P76272,6KZ4,A,5,-0.13351,0,-0.69712,1,"537,591","534,535,536,537,538,539,540,588,589,590,591,592,593,594",603,"600,601,602,603,604,605,606","537,591",603,54,4,0.0615735461801596,106,33,0.064994298745724,,,,0.3124287343215507,0.958041958041958,274.0,877,57.75,0.0658494868871151
P76272,6KZ4,A,6,-0.0126,0,-0.66,1,"636,664","633,634,635,636,637,638,639,661,662,663,664,665,666,667",678,"675,676,677,678,679,680,681","636,664",678,28,5,0.0319270239452679,66,36,0.0627137970353477,,,,0.2269099201824401,0.9342723004694836,199.0,877,31.4,0.0358038768529076
P76272,6KZ4,A,7,-0.14395,0,-0.60221,1,"744,773","741,742,743,744,745,746,747,770,771,772,773,774,775,776",793,"790,791,792,793,794,795,796","744,773",793,29,7,0.0330672748004561,74,35,0.0604332953249714,,,,0.0957810718358038,0.8076923076923077,84.0,877,40.42857142857143,0.0460987131454634
P76273,2FRX,A,1,0.73455,1,0.07791,0,"131,192","128,129,130,131,132,133,134,189,190,191,192,193,194,195",122,"119,120,121,122,123,124,125","131,192",122,61,2,0.127348643006263,137,35,0.1649269311064718,0.2546972860125261,0.931297709923664,122.0,,,,479,62.0,0.1294363256784968
P76273,2FRX,A,2,0.0294,0,-0.74691,1,"241,272","238,239,240,241,242,243,244,269,270,271,272,273,274,275",308,"305,306,307,308,309,310,311","241,272",308,31,9,0.0647181628392484,85,41,0.1356993736951983,,,,0.3569937369519833,0.8260869565217391,171.0,479,156.55555555555554,0.3268383205752725
P76273,2FRX,A,3,0.42591,0,-0.66834,1,"169,368","166,167,168,169,170,171,172,365,366,367,368,369,370,371",377,"374,375,376,377,378,379,380","169,368",377,199,8,0.4154488517745303,282,24,0.1544885177453027,,,,0.2129436325678496,0.918918918918919,102.0,479,222.25,0.4639874739039666
P76290,4GEK,G,1,-0.1131,0,-0.70694,1,"49,229","46,47,48,49,50,51,52,226,227,228,229,230,231,232",237,"234,235,236,237,238,239,240","49,229",237,180,3,0.728744939271255,214,38,0.2550607287449393,,,,0.0404858299595141,0.5555555555555556,10.0,247,182.33333333333331,0.7381916329284751
P76290,4GEK,G,2,0.61466,1,0.10311,0,"74,128","71,72,73,74,75,76,77,125,126,127,128,129,130,131",59,"56,57,58,59,60,61,62","74,128",59,54,2,0.2186234817813765,100,34,0.2793522267206478,0.2388663967611336,0.7972972972972973,59.0,,,,247,57.0,0.2307692307692307
P76290,4GEK,G,3,0.61225,1,0.0,0,"203,235","200,201,202,203,204,205,206,232,233,234,235,236,237,238",165,"162,163,164,165,166,167,168","203,235",165,32,7,0.1295546558704453,71,32,0.2591093117408907,0.6680161943319838,0.812807881773399,165.0,,,,247,50.57142857142857,0.2047426257952573
P76291,4QNU,A,1,0.6859,1,0.20372,0,"140,194","137,138,139,140,141,142,143,191,192,193,194,195,196,197",126,"123,124,125,126,127,128,129","140,194",126,54,1,0.1671826625386996,118,30,0.2043343653250774,0.3900928792569659,0.9,126.0,,,,323,54.0,0.1671826625386996
P76291,4QNU,A,2,0.80898,1,-0.54925,0,"245,297","242,243,244,245,246,247,248,294,295,296,297,298,299,300",227,"224,225,226,227,228,229,230","245,297",227,52,19,0.1609907120743034,116,33,0.2167182662538699,0.7027863777089783,0.926530612244898,227.0,,,,323,65.73684210526316,0.2035196350008147
P76291,4QNU,A,3,-0.02043,0,-0.68743,1,"113,282","110,111,112,113,114,115,116,279,280,281,282,283,284,285",317,"314,315,316,317,318,319,320","113,282",317,169,37,0.5232198142414861,237,37,0.2105263157894736,,,,0.0185758513931888,0.1463414634146341,6.0,323,187.27027027027023,0.5797841184838088
P76318,6KBX,B,1,-0.67747,1,-0.00272,0,"56,99","53,54,55,56,57,58,59,96,97,98,99,100,101,102",46,"43,44,45,46,47,48,49","56,99",46,43,3,0.1936936936936936,97,30,0.3063063063063063,0.2072072072072072,0.8214285714285714,46.0,,,,222,94.66666666666669,0.4264264264264265
P76318,6KBX,B,2,0.01021,0,0.84196,1,"59,136","56,57,58,59,60,61,62,133,134,135,136,137,138,139",146,"143,144,145,146,147,148,149","59,136",146,77,11,0.3468468468468468,144,38,0.2792792792792792,,,,0.3423423423423423,0.8837209302325582,76.0,222,94.54545454545456,0.4258804258804259
P76329,1XVI,B,1,0.21556,0,-0.60292,1,"53,132","50,51,52,53,54,55,56,129,130,131,132,133,134,135",144,"141,142,143,144,145,146,147","53,132",144,79,2,0.2915129151291513,134,36,0.2435424354243542,,,,0.4686346863468634,0.9136690647482014,127.0,271,81.0,0.2988929889298893
P76329,1XVI,B,2,0.09903,0,-0.64275,1,"72,173","69,70,71,72,73,74,75,170,171,172,173,174,175,176",180,"177,178,179,180,181,182,183","72,173",180,101,1,0.3726937269372694,134,30,0.2361623616236162,,,,0.3357933579335793,0.9285714285714286,91.0,271,101.0,0.3726937269372694
P76329,1XVI,B,3,0.67851,1,-0.58461,0,"57,136","54,55,56,57,58,59,60,133,134,135,136,137,138,139",49,"46,47,48,49,50,51,52","57,136",49,79,1,0.2915129151291513,133,34,0.2177121771217712,0.1808118081180811,0.8596491228070176,49.0,,,,271,79.0,0.2915129151291513
P76342,1XDY,A,1,-0.18297,0,-0.72999,3,"45,102","42,43,44,45,46,47,48,99,100,101,102,103,104,105","113,177,192","110,111,112,113,114,115,116,174,175,176,177,178,179,180,189,190,191,192,193,194,195","89,146","157,221,236",57,3,0.1706586826347305,125,73,0.3383233532934132,,,,0.2934131736526946,0.5212765957446809,98.0,334,57.66666666666666,0.1726546906187624
P76342,1XDY,A,2,-0.60287,1,-0.57746,0,"53,104","50,51,52,53,54,55,56,101,102,103,104,105,106,107",44,"41,42,43,44,45,46,47","97,148",88,51,1,0.1526946107784431,115,30,0.1766467065868263,0.2634730538922156,0.9072164948453608,88.0,,,,334,51.0,0.1526946107784431
P76342,1XDY,A,3,-0.81999,1,0.04321,0,"109,253","106,107,108,109,110,111,112,250,251,252,253,254,255,256",99,"96,97,98,99,100,101,102","153,297",143,144,3,0.4311377245508982,221,33,0.18562874251497,0.4281437125748503,0.934640522875817,143.0,,,,334,145.0,0.4341317365269461
P76342,1XDY,A,4,-0.03742,0,-0.96184,1,"68,138","65,66,67,68,69,70,71,135,136,137,138,139,140,141",209,"206,207,208,209,210,211,212","112,182",253,70,32,0.2095808383233532,142,36,0.1826347305389221,,,,0.2425149700598802,0.5328947368421053,81.0,334,103.65625,0.3103480538922156
P76342,1XDY,A,5,-0.87635,1,0.00288,0,"163,219","160,161,162,163,164,165,166,216,217,218,219,220,221,222",133,"130,131,132,133,134,135,136","207,263",177,56,18,0.1676646706586826,130,37,0.155688622754491,0.5299401197604791,0.855072463768116,177.0,,,,334,63.5,0.1901197604790419
P76344,5AQ6,A,1,-0.6341,1,-0.004,0,"84,179","81,82,83,84,85,86,87,176,177,178,179,180,181,182",39,"36,37,38,39,40,41,42","107,202",62,95,1,0.4398148148148148,134,32,0.25,0.287037037037037,0.5794392523364486,62.0,,,,216,95.0,0.4398148148148148
P76364,2H28,A,1,0.0,0,-0.67463,1,"22,102","19,20,21,22,23,24,25,99,100,101,102,103,104,105",112,"109,110,111,112,113,114,115","22,102",112,80,1,0.6557377049180327,100,39,0.4918032786885246,,,,0.081967213114754,0.5,10.0,122,80.0,0.6557377049180327
P76407,2BON,A,1,-0.00962,0,-0.71463,1,"99,124","96,97,98,99,100,101,102,121,122,123,124,125,126,127",290,"287,288,289,290,291,292,293","99,124",290,25,17,0.0836120401337792,69,34,0.2541806020066889,,,,0.0301003344481605,0.0514285714285714,9.0,299,52.8235294117647,0.1766673224473736
P76407,2BON,A,2,-0.93455,1,0.0,0,"216,291","213,214,215,216,217,218,219,288,289,290,291,292,293,294",124,"121,122,123,124,125,126,127","216,291",124,75,15,0.2508361204013378,161,33,0.2140468227424749,0.4147157190635451,0.5740740740740741,124.0,,,,299,84.0,0.2809364548494983
P76458,1K6D,B,1,0.0,0,1.65475,2,"4,162","1,2,3,4,5,6,7,159,160,161,162,163,164,165","185,211","182,183,184,185,186,187,188,208,209,210,211,212,213,214","4,162","185,211",158,1,0.7181818181818181,207,49,0.3227272727272727,,,,0.0409090909090909,0.1551724137931034,9.0,220,158.0,0.7181818181818181
P76458,1K6D,B,2,0.00382,0,-0.65141,1,"118,134","115,116,117,118,119,120,121,131,132,133,134,135,136,137",141,"138,139,140,141,142,143,144","118,134",141,16,1,0.0727272727272727,30,27,0.1636363636363636,,,,0.359090909090909,0.9186046511627908,79.0,220,16.0,0.0727272727272727
P76458,1K6D,B,3,0.7087,1,0.22029,0,"39,153","36,37,38,39,40,41,42,150,151,152,153,154,155,156",21,"18,19,20,21,22,23,24","39,153",21,114,22,0.5181818181818182,153,37,0.35,0.0954545454545454,0.5384615384615384,21.0,,,,220,148.0,0.6727272727272727
P76458,1K6D,B,4,0.78279,1,0.10371,0,"168,190","165,166,167,168,169,170,171,187,188,189,190,191,192,193",155,"152,153,154,155,156,157,158","168,190",155,22,8,0.1,70,45,0.3181818181818182,0.7045454545454546,0.9226190476190476,155.0,,,,220,35.125,0.1596590909090909
P76459,5DBN,B,1,0.62313,1,0.18033,0,"31,97","28,29,30,31,32,33,34,94,95,96,97,98,99,100",21,"18,19,20,21,22,23,24","31,97",21,66,1,0.3055555555555556,102,31,0.287037037037037,0.0972222222222222,0.6774193548387096,21.0,,,,216,66.0,0.3055555555555556
P76459,5DBN,B,2,0.7198,1,0.16499,0,"114,156","111,112,113,114,115,116,117,153,154,155,156,157,158,159",101,"98,99,100,101,102,103,104","114,156",101,42,12,0.1944444444444444,94,38,0.25,0.4675925925925926,0.8859649122807017,101.0,,,,216,47.333333333333336,0.2191358024691358
P76459,5DBN,B,3,-0.0829,0,-0.63686,1,"49,62","46,47,48,49,50,51,52,59,60,61,62,63,64,65",70,"67,68,69,70,71,72,73","49,62",70,13,6,0.0601851851851851,36,25,0.2083333333333333,,,,0.6759259259259259,0.948051948051948,146.0,216,16.166666666666668,0.0748456790123456
P76461,4WYS,C,1,0.75481,1,-0.02068,0,"69,115","66,67,68,69,70,71,72,112,113,114,115,116,117,118",52,"49,50,51,52,53,54,55","69,115",52,46,4,0.116751269035533,113,47,0.2284263959390862,0.1319796954314721,0.7536231884057971,52.0,,,,394,52.5,0.133248730964467
P76461,4WYS,C,2,0.63708,1,-0.62491,1,"40,198","37,38,39,40,41,42,43,195,196,197,198,199,200,201","9,255","6,7,8,9,10,11,12,252,253,254,255,256,257,258","40,198","9,255",158,45,0.4010152284263959,266,73,0.2411167512690355,0.0228426395939086,0.225,9.0,0.3527918781725888,0.7091836734693877,139.0,394,187.7555555555556,0.4765369430344049
P76461,4WYS,C,3,-0.64585,1,0.01586,0,"259,276","256,257,258,259,260,261,262,273,274,275,276,277,278,279",5,"2,3,4,5,6,7,8","259,276",5,17,156,0.0431472081218274,50,35,0.1928934010152284,0.0126903553299492,0.0193050193050193,5.0,,,,394,172.17948717948718,0.4370037745672263
P76469,2VWS,C,1,0.00411,0,0.77532,1,"16,207","13,14,15,16,17,18,19,204,205,206,207,208,209,210",213,"210,211,212,213,214,215,216","16,207",213,191,3,0.7153558052434457,229,36,0.2059925093632958,,,,0.2022471910112359,0.9,54.0,267,202.33333333333331,0.7578027465667916
P76469,2VWS,C,2,0.83398,1,0.01836,0,"40,236","37,38,39,40,41,42,43,233,234,235,236,237,238,239",20,"17,18,19,20,21,22,23","40,236",20,196,2,0.7340823970037453,232,30,0.2247191011235955,0.0749063670411985,0.5,20.0,,,,267,199.0,0.7453183520599251
P76502,1UJC,A,1,0.0,0,0.8714,1,"3,92","0,1,2,3,4,5,6,89,90,91,92,93,94,95",105,"102,103,104,105,106,107,108","3,92",105,89,4,0.5527950310559007,128,36,0.422360248447205,,,,0.3478260869565217,0.8115942028985508,56.0,161,92.25,0.5729813664596274
P76502,1UJC,A,2,0.60591,1,0.01922,0,"69,104","66,67,68,69,70,71,72,101,102,103,104,105,106,107",47,"44,45,46,47,48,49,50","69,104",47,35,6,0.217391304347826,71,32,0.3726708074534161,0.2919254658385093,0.6811594202898551,47.0,,,,161,45.16666666666666,0.2805383022774327
P76518,4HL6,B,1,-0.61179,1,-0.18329,0,"163,228","160,161,162,163,164,165,166,225,226,227,228,229,230,231",156,"153,154,155,156,157,158,159","163,228",156,65,1,0.1706036745406824,110,29,0.1102362204724409,0.4094488188976378,0.9570552147239264,156.0,,,,381,65.0,0.1706036745406824
P76518,4HL6,B,2,0.80522,1,0.1808,0,"28,98","25,26,27,28,29,30,31,95,96,97,98,99,100,101",16,"13,14,15,16,17,18,19","28,98",16,70,14,0.1837270341207349,127,34,0.1811023622047244,0.0419947506561679,0.5714285714285714,16.0,,,,381,147.07142857142858,0.3860142482189727
P76518,4HL6,B,3,0.63704,3,0.0,0,"90,379","87,88,89,90,91,92,93,376,377,378,379,380,381,382","15,26,38","12,13,14,15,16,17,18,23,24,25,26,27,28,29,35,36,37,38,39,40,41","90,379","15,26,38",289,41,0.7585301837270341,333,68,0.2388451443569554,0.0393700787401574,0.1666666666666666,15.0,,,,381,292.8048780487805,0.7685167402855131
P76524,5CNX,C,1,-0.72394,1,-0.01466,0,"194,288","191,192,193,194,195,196,197,285,286,287,288,289,290,291",185,"182,183,184,185,186,187,188","194,288",185,94,3,0.260387811634349,188,38,0.2022160664819944,0.5124653739612188,0.9536082474226804,185.0,,,,361,121.33333333333331,0.3361034164358264
P76541,3I82,A,1,-0.12807,0,-0.77589,1,"37,64","34,35,36,37,38,39,40,61,62,63,64,65,66,67",87,"84,85,86,87,88,89,90","37,64",87,27,6,0.1232876712328767,83,44,0.2968036529680365,,,,0.6027397260273972,0.8516129032258064,132.0,219,29.83333333333333,0.1362252663622526
P76541,3I82,A,2,-0.66449,1,0.03075,0,"63,135","60,61,62,63,64,65,66,132,133,134,135,136,137,138",50,"47,48,49,50,51,52,53","63,135",50,72,13,0.3287671232876712,149,37,0.3150684931506849,0.228310502283105,0.7936507936507936,50.0,,,,219,108.6153846153846,0.495960660344222
P76541,3I82,A,3,-0.16145,0,-0.86096,1,"142,174","139,140,141,142,143,144,145,171,172,173,174,175,176,177",190,"187,188,189,190,191,192,193","142,174",190,32,6,0.1461187214611872,82,33,0.2420091324200913,,,,0.1324200913242009,0.6444444444444445,29.0,219,33.833333333333336,0.154490106544901
P76562,2ZPA,A,1,0.73644,1,-0.0947,0,"101,150","98,99,100,101,102,103,104,147,148,149,150,151,152,153",22,"19,20,21,22,23,24,25","101,150",22,49,1,0.0730253353204172,103,40,0.0983606557377049,0.0327868852459016,0.2178217821782178,22.0,,,,671,49.0,0.0730253353204172
P76562,2ZPA,A,2,0.11347,0,0.61653,1,"194,276","191,192,193,194,195,196,197,273,274,275,276,277,278,279",283,"280,281,282,283,284,285,286","194,276",283,82,1,0.1222056631892697,131,36,0.0879284649776453,,,,0.5782414307004471,0.9822784810126582,388.0,671,82.0,0.1222056631892697
P76562,2ZPA,A,3,0.64994,1,0.02267,0,"208,314","205,206,207,208,209,210,211,311,312,313,314,315,316,317",197,"194,195,196,197,198,199,200","208,314",197,106,4,0.1579731743666169,158,35,0.1028315946348733,0.293591654247392,0.9471153846153846,197.0,,,,671,109.75,0.1635618479880775
P76562,2ZPA,A,4,0.66439,1,0.22692,0,"233,262","230,231,232,233,234,235,236,259,260,261,262,263,264,265",221,"218,219,220,221,222,223,224","233,262",221,29,1,0.0432190760059612,68,33,0.1013412816691505,0.3293591654247392,0.9484978540772532,221.0,,,,671,29.0,0.0432190760059612
P76562,2ZPA,A,5,0.06263,0,-0.6049,1,"495,519","492,493,494,495,496,497,498,516,517,518,519,520,521,522",525,"522,523,524,525,526,527,528","495,519",525,24,9,0.0357675111773472,54,32,0.0685543964232488,,,,0.217585692995529,0.9605263157894736,146.0,671,46.22222222222222,0.0688855770822984
P76578,4ZIQ,A,1,-0.74807,1,0.89556,1,"211,352","208,209,210,211,212,213,214,349,350,351,352,353,354,355","200,362","197,198,199,200,201,202,203,359,360,361,362,363,364,365","211,352","200,362",141,49,0.0852994555353902,220,66,0.0544464609800363,0.1209921355111917,0.9478672985781992,200.0,0.7810042347247429,0.9923136049192928,1291.0,1653,129.48979591836735,0.0783362346753583
P76578,4ZIQ,A,2,-0.7716,1,0.05533,0,"333,357","330,331,332,333,334,335,336,354,355,356,357,358,359,360",321,"318,319,320,321,322,323,324","333,357",321,24,1,0.014519056261343,64,35,0.0344827586206896,0.1941923774954627,0.963963963963964,321.0,,,,1653,24.0,0.014519056261343
P76578,4ZIQ,A,3,-0.72154,1,0.04676,0,"974,1003","971,972,973,974,975,976,977,1000,1001,1002,1003,1004,1005,1006",894,"891,892,893,894,895,896,897","974,1003",894,29,1,0.0175438596491228,91,33,0.0332728372655777,0.5408348457350273,0.917864476386037,894.0,,,,1653,29.0,0.0175438596491228
P76578,4ZIQ,A,4,0.04922,0,-0.72127,1,"1036,1066","1033,1034,1035,1036,1037,1038,1039,1063,1064,1065,1066,1067,1068,1069",1086,"1083,1084,1085,1086,1087,1088,1089","1036,1066",1086,30,1,0.0181488203266787,90,32,0.0369026013309134,,,,0.3430127041742287,0.9659284497444632,567.0,1653,30.0,0.0181488203266787
P76578,4ZIQ,A,5,-0.68737,1,0.15799,0,"1455,1479","1452,1453,1454,1455,1456,1457,1458,1476,1477,1478,1479,1480,1481,1482",1447,"1444,1445,1446,1447,1448,1449,1450","1455,1479",1447,24,1,0.014519056261343,64,34,0.0272232304900181,0.8753781004234725,0.9945017182130584,1447.0,,,,1653,24.0,0.014519056261343
P76578,4ZIQ,A,6,0.04939,0,-0.84077,1,"1093,1157","1090,1091,1092,1093,1094,1095,1096,1154,1155,1156,1157,1158,1159,1160",1491,"1488,1489,1490,1491,1492,1493,1494","1093,1157",1491,64,8,0.0387174833635813,138,37,0.043557168784029,,,,0.0980036297640653,0.3266129032258064,162.0,1653,168.625,0.1020114942528735
P76578,4ZIQ,A,7,0.0259,0,-0.6557,1,"1529,1558","1526,1527,1528,1529,1530,1531,1532,1555,1556,1557,1558,1559,1560,1561",1616,"1613,1614,1615,1616,1617,1618,1619","1529,1558",1616,29,15,0.0175438596491228,110,38,0.0405323653962492,,,,0.0223835450695704,0.3894736842105263,37.0,1653,50.06666666666667,0.030288364589635
P76578,4ZIQ,A,8,-0.05707,0,0.61944,1,"962,1095","959,960,961,962,963,964,965,1092,1093,1094,1095,1096,1097,1098",1120,"1117,1118,1119,1120,1121,1122,1123","962,1095",1120,133,1,0.0804597701149425,230,34,0.0338777979431337,,,,0.322444041137326,0.9551971326164874,533.0,1653,133.0,0.0804597701149425
P76578,4ZIQ,A,9,-0.80499,3,0.09932,0,"1418,1544","1415,1416,1417,1418,1419,1420,1421,1541,1542,1543,1544,1545,1546,1547","1130,1162,1171","1127,1128,1129,1130,1131,1132,1133,1159,1160,1161,1162,1163,1164,1165,1168,1169,1170,1171,1172,1173,1174","1418,1544","1130,1162,1171",126,23,0.0762250453720508,254,90,0.0768300060496067,0.6836055656382335,0.7968970380818053,1130.0,,,,1653,173.30434782608697,0.1048423156842631
P76584,3NRE,A,1,-0.23616,0,-0.78366,1,"55,233","52,53,54,55,56,57,58,230,231,232,233,234,235,236",251,"248,249,250,251,252,253,254","55,233",251,178,1,0.6137931034482759,251,32,0.2758620689655172,,,,0.1344827586206896,0.6842105263157895,39.0,290,178.0,0.6137931034482759
P76584,3NRE,A,2,-0.61132,1,-0.12389,0,"83,253","80,81,82,83,84,85,86,250,251,252,253,254,255,256",49,"46,47,48,49,50,51,52","83,253",49,170,1,0.5862068965517241,241,42,0.3137931034482759,0.1689655172413793,0.5903614457831325,49.0,,,,290,170.0,0.5862068965517241
P76584,3NRE,A,3,-0.79139,1,0.05928,0,"178,204","175,176,177,178,179,180,181,201,202,203,204,205,206,207",166,"163,164,165,166,167,168,169","178,204",166,26,2,0.0896551724137931,60,31,0.1620689655172413,0.5724137931034483,0.9325842696629212,166.0,,,,290,55.0,0.1896551724137931
P76584,3NRE,A,4,-0.85337,1,-1.115,3,"80,172","77,78,79,80,81,82,83,169,170,171,172,173,174,175","49,201,232,252","46,47,48,49,50,51,52,198,199,200,201,202,203,204,229,230,231,232,233,234,235,249,250,251,252,253,254,255","80,172","49,201,232,252",92,11,0.3172413793103448,204,95,0.4103448275862069,0.1689655172413793,0.6125,49.0,0.1310344827586207,0.3220338983050847,38.0,290,101.27272727272728,0.3492163009404389
P76621,1JR7,A,1,0.39049,0,-1.37168,1,"168,242","165,166,167,168,169,170,171,239,240,241,242,243,244,245",290,"287,288,289,290,291,292,293","168,242",290,74,21,0.2276923076923077,146,36,0.2092307692307692,,,,0.1076923076923077,0.4216867469879518,35.0,325,83.95238095238095,0.2583150183150183
P76621,1JR7,A,2,-0.95248,1,0.08383,0,"274,295","271,272,273,274,275,276,277,292,293,294,295,296,297,298",188,"185,186,187,188,189,190,191","274,295",188,21,8,0.0646153846153846,76,30,0.16,0.5784615384615385,0.6861313868613139,188.0,,,,325,39.125,0.1203846153846153
P76621,1JR7,A,3,0.36701,0,-2.00566,2,"165,214","162,163,164,165,166,167,168,211,212,213,214,215,216,217","242,290","239,240,241,242,243,244,245,287,288,289,290,291,292,293","165,214","242,290",49,20,0.1507692307692307,126,54,0.2461538461538461,,,,0.1076923076923077,0.3153153153153153,35.0,325,61.8,0.1901538461538461
P76632,4U7U,C,1,-0.03772,0,0.66654,1,"72,121","69,70,71,72,73,74,75,118,119,120,121,122,123,124",128,"125,126,127,128,129,130,131","72,121",128,49,15,0.30625,83,31,0.325,,,,0.2,0.8205128205128205,32.0,160,59.93333333333333,0.3745833333333333
P76641,6OHB,C,1,0.0313,0,-0.85435,1,"23,319","20,21,22,23,24,25,26,316,317,318,319,320,321,322",364,"361,362,363,364,365,366,367","23,319",364,296,1,0.6742596810933941,378,35,0.143507972665148,,,,0.1708428246013667,0.625,75.0,439,296.0,0.6742596810933941
P76641,6OHB,C,2,-0.80173,1,-0.35057,0,"357,409","354,355,356,357,358,359,360,406,407,408,409,410,411,412",76,"73,74,75,76,77,78,79","357,409",76,52,25,0.1184510250569476,117,41,0.1731207289293849,0.1731207289293849,0.2128851540616246,76.0,,,,439,71.76,0.1634624145785877
P76641,6OHB,C,3,0.82424,1,0.07329,0,"135,334","132,133,134,135,136,137,138,331,332,333,334,335,336,337",82,"79,80,81,82,83,84,85","135,334",82,199,6,0.4533029612756264,270,42,0.1890660592255125,0.1867881548974943,0.6074074074074074,82.0,,,,439,203.16666666666663,0.4627942293090357
P76641,6OHB,C,4,0.60872,1,0.31801,0,"178,209","175,176,177,178,179,180,181,206,207,208,209,210,211,212",168,"165,166,167,168,169,170,171","178,209",168,31,1,0.0706150341685649,78,42,0.1548974943052392,0.3826879271070615,0.9438202247191012,168.0,,,,439,31.0,0.0706150341685649
P76641,6OHB,C,5,0.76561,1,0.07537,0,"305,330","302,303,304,305,306,307,308,327,328,329,330,331,332,333",297,"294,295,296,297,298,299,300","305,330",297,25,2,0.0569476082004555,91,43,0.164009111617312,0.6765375854214123,0.9737704918032788,297.0,,,,439,25.5,0.0580865603644646
P77044,1U2E,A,1,0.07547,0,0.98415,1,"27,47","24,25,26,27,28,29,30,44,45,46,47,48,49,50",62,"59,60,61,62,63,64,65","31,51",66,20,11,0.0694444444444444,66,29,0.2222222222222222,,,,0.7708333333333334,0.9367088607594936,222.0,288,41.45454545454545,0.1439393939393939
P77044,1U2E,A,2,0.69869,1,0.24218,0,"62,105","59,60,61,62,63,64,65,102,103,104,105,106,107,108",33,"30,31,32,33,34,35,36","66,109",37,43,28,0.1493055555555555,111,29,0.2222222222222222,0.1284722222222222,0.5606060606060606,37.0,,,,288,175.42857142857142,0.6091269841269841
P77044,1U2E,A,3,0.82738,1,0.29502,0,"173,237","170,171,172,173,174,175,176,234,235,236,237,238,239,240",137,"134,135,136,137,138,139,140","177,241",141,64,29,0.2222222222222222,137,38,0.2395833333333333,0.4895833333333333,0.7966101694915254,141.0,,,,288,85.20689655172414,0.2958572796934866
P77173,1F47,B,1,0.00324,0,-0.67882,1,"14,64","11,12,13,14,15,16,17,61,62,63,64,65,66,67",82,"79,80,81,82,83,84,85","198,248",266,50,1,0.1524390243902439,95,33,0.1798780487804878,,,,0.1890243902439024,0.775,62.0,328,50.0,0.1524390243902439
P77173,1F47,B,2,-0.66263,1,-0.03008,0,"64,121","61,62,63,64,65,66,67,118,119,120,121,122,123,124",14,"11,12,13,14,15,16,17","248,305",198,57,1,0.173780487804878,103,38,0.1890243902439024,0.6036585365853658,0.7983870967741935,198.0,,,,328,57.0,0.173780487804878
P77182,3AWI,A,1,0.0,0,-0.84355,1,"40,231","37,38,39,40,41,42,43,228,229,230,231,232,233,234",240,"237,238,239,240,241,242,243","40,231",240,191,5,0.2859281437125748,238,33,0.0748502994011976,,,,0.6407185628742516,0.9794050343249427,428.0,668,193.8,0.2901197604790419
P77182,3AWI,A,2,0.01936,0,-0.60784,1,"352,380","349,350,351,352,353,354,355,377,378,379,380,381,382,383",397,"394,395,396,397,398,399,400","352,380",397,28,3,0.0419161676646706,58,35,0.0898203592814371,,,,0.405688622754491,0.9409722222222222,271.0,668,33.666666666666664,0.0503992015968063
P77182,3AWI,A,3,-0.82105,1,0.09754,0,"514,561","511,512,513,514,515,516,517,558,559,560,561,562,563,564",485,"482,483,484,485,486,487,488","514,561",485,47,3,0.0703592814371257,89,40,0.0883233532934131,0.7260479041916168,0.943579766536965,485.0,,,,668,63.66666666666666,0.0953093812375249
P77182,3AWI,A,4,0.76283,1,0.12089,0,"76,176","73,74,75,76,77,78,79,173,174,175,176,177,178,179",63,"60,61,62,63,64,65,66","76,176",63,100,3,0.1497005988023952,174,32,0.1047904191616766,0.0943113772455089,0.8289473684210527,63.0,,,,668,103.33333333333331,0.154690618762475
P77182,3AWI,A,5,0.1349,0,0.60525,1,"96,140","93,94,95,96,97,98,99,137,138,139,140,141,142,143",150,"147,148,149,150,151,152,153","96,140",150,44,1,0.0658682634730539,88,31,0.0883233532934131,,,,0.7754491017964071,0.981060606060606,518.0,668,44.0,0.0658682634730539
P77182,3AWI,A,6,0.06487,0,0.78877,1,"264,440","261,262,263,264,265,266,267,437,438,439,440,441,442,443",455,"452,453,454,455,456,457,458","264,440",455,176,1,0.2634730538922156,255,30,0.0718562874251497,,,,0.3188622754491018,0.9342105263157896,213.0,668,176.0,0.2634730538922156
P77182,3AWI,A,7,0.04733,0,0.80813,1,"259,577","256,257,258,259,260,261,262,574,575,576,577,578,579,580",615,"612,613,614,615,616,617,618","259,577",615,318,16,0.4760479041916167,374,41,0.1287425149700598,,,,0.0793413173652694,0.5824175824175825,53.0,668,335.5625,0.5023390718562875
P77182,3AWI,A,8,1.0895,1,-0.00961,0,"279,458","276,277,278,279,280,281,282,455,456,457,458,459,460,461",270,"267,268,269,270,271,272,273","279,458",270,179,21,0.2679640718562874,261,40,0.1107784431137724,0.4041916167664671,0.967741935483871,270.0,,,,668,338.6190476190476,0.506914741944682
P77182,3AWI,A,9,1.01619,1,-0.09987,0,"408,620","405,406,407,408,409,410,411,617,618,619,620,621,622,623",293,"290,291,292,293,294,295,296","408,620",293,212,51,0.3173652694610778,312,34,0.1377245508982036,0.4386227544910179,0.7181372549019608,293.0,,,,668,287.19607843137254,0.4299342491487612
P77182,3AWI,A,10,0.80786,1,-1.51091,3,"312,500","309,310,311,312,313,314,315,497,498,499,500,501,502,503","294,506,516,567","291,292,293,294,295,296,297,503,504,505,506,507,508,509,513,514,515,516,517,518,519,564,565,566,567,568,569,570","312,500","294,506,516,567",188,4,0.281437125748503,323,113,0.2245508982035928,0.4401197604790419,0.9423076923076924,294.0,0.1511976047904191,0.6011904761904762,101.0,668,157.0,0.2350299401197604
P77182,3AWI,A,11,-1.06721,3,-0.9324,1,"393,551","390,391,392,393,394,395,396,548,549,550,551,552,553,554","292,310,352,566","289,290,291,292,293,294,295,307,308,309,310,311,312,313,349,350,351,352,353,354,355,563,564,565,566,567,568,569","393,551","292,310,352,566",158,1,0.2365269461077844,272,137,0.2514970059880239,0.437125748502994,0.7430025445292621,292.0,0.1526946107784431,0.8717948717948718,102.0,668,158.0,0.2365269461077844
P77182,3AWI,A,12,0.01894,0,-0.61025,3,"135,373","132,133,134,135,136,137,138,370,371,372,373,374,375,376","402,622,640","399,400,401,402,403,404,405,619,620,621,622,623,624,625,637,638,639,640,641,642,643","135,373","402,622,640",238,20,0.3562874251497006,386,91,0.1751497005988024,,,,0.0419161676646706,0.0949152542372881,28.0,668,97.95,0.1466317365269461
P77182,3AWI,A,13,0.6635,1,-1.68946,2,"308,506","305,306,307,308,309,310,311,503,504,505,506,507,508,509","294,516,567","291,292,293,294,295,296,297,513,514,515,516,517,518,519,564,565,566,567,568,569,570","308,506","294,516,567",198,41,0.2964071856287425,325,98,0.1961077844311377,0.4401197604790419,0.9545454545454546,294.0,0.1511976047904191,0.6234567901234568,101.0,668,160.9512195121951,0.2409449393895136
P77182,3AWI,A,14,-1.07035,3,-1.41692,3,"389,494","386,387,388,389,390,391,392,491,492,493,494,495,496,497","293,310,352,505,515,566","290,291,292,293,294,295,296,307,308,309,310,311,312,313,349,350,351,352,353,354,355,502,503,504,505,506,507,508,512,513,514,515,516,517,518,563,564,565,566,567,568,569","389,494","293,310,352,505,515,566",105,20,0.1571856287425149,246,162,0.2724550898203592,0.4386227544910179,0.7532133676092545,293.0,0.1526946107784431,0.5862068965517241,102.0,668,123.5,0.184880239520958
P77202,1V58,A,1,-0.08268,0,0.85198,1,"92,116","89,90,91,92,93,94,95,113,114,115,116,117,118,119",129,"126,127,128,129,130,131,132","109,133",146,24,2,0.0967741935483871,73,31,0.2338709677419354,,,,0.4112903225806452,0.8869565217391304,102.0,248,26.0,0.1048387096774193
P77202,1V58,A,2,0.71111,1,0.04457,0,"112,200","109,110,111,112,113,114,115,197,198,199,200,201,202,203",105,"102,103,104,105,106,107,108","129,217",122,88,19,0.3548387096774194,125,35,0.2379032258064516,0.4919354838709677,0.9457364341085271,122.0,,,,248,102.42105263157896,0.4129881154499151
P77212,6KYY,B,1,-0.04775,0,0.96351,1,"136,164","133,134,135,136,137,138,139,161,162,163,164,165,166,167",246,"243,244,245,246,247,248,249","136,164",246,28,17,0.0634920634920634,68,34,0.1451247165532879,,,,0.4421768707482993,0.703971119133574,195.0,441,82.52941176470588,0.187141523275977
P77212,6KYY,B,2,0.89274,1,0.01377,0,"173,247","170,171,172,173,174,175,176,244,245,246,247,248,249,250",162,"159,160,161,162,163,164,165","173,247",162,74,6,0.1678004535147392,123,32,0.1541950113378684,0.3673469387755102,0.9364161849710982,162.0,,,,441,131.5,0.2981859410430839
P77212,6KYY,B,3,0.88863,2,-0.00825,0,"197,338","194,195,196,197,198,199,200,335,336,337,338,339,340,341","187,188","184,185,186,187,188,189,190,185,186,187,188,189,190,191","197,338","187,188",141,29,0.3197278911564626,243,35,0.1904761904761904,0.4240362811791383,0.949238578680203,187.0,,,,441,156.79310344827587,0.3555399171162718
P77215,2I5Q,B,1,-0.07871,0,0.98423,3,"160,309","157,158,159,160,161,162,163,306,307,308,309,310,311,312","327,338,348","324,325,326,327,328,329,330,335,336,337,338,339,340,341,345,346,347,348,349,350,351","156,305","323,334,344",149,57,0.371571072319202,221,70,0.2468827930174563,,,,0.14214463840399,0.59375,57.0,401,175.6315789473684,0.4379839873999212
P77215,2I5Q,B,2,0.68612,1,-0.14621,0,"185,350","182,183,184,185,186,187,188,347,348,349,350,351,352,353",170,"167,168,169,170,171,172,173","181,346",166,165,17,0.4114713216957606,233,36,0.1596009975062344,0.4139650872817955,0.9171270718232044,166.0,,,,401,181.35294117647055,0.4522517236320962
P77218,1VMI,A,1,0.0,0,-0.6344,1,"2,154","-1,0,1,2,3,4,5,151,152,153,154,155,156,157",318,"315,316,317,318,319,320,321","2,154",318,152,1,0.4497041420118343,212,31,0.2041420118343195,,,,0.059171597633136,0.108695652173913,20.0,338,152.0,0.4497041420118343
P77218,1VMI,A,2,-0.70609,1,0.07696,0,"165,294","162,163,164,165,166,167,168,291,292,293,294,295,296,297",149,"146,147,148,149,150,151,152","165,294",149,129,1,0.3816568047337278,169,37,0.2130177514792899,0.4408284023668639,0.9030303030303032,149.0,,,,338,129.0,0.3816568047337278
P77218,1VMI,A,3,0.85304,1,0.0373,0,"218,268","215,216,217,218,219,220,221,265,266,267,268,269,270,271",200,"197,198,199,200,201,202,203","218,268",200,50,1,0.1479289940828402,92,40,0.2307692307692307,0.591715976331361,0.9174311926605504,200.0,,,,338,50.0,0.1479289940828402
P77218,1VMI,A,4,0.86351,1,0.05989,0,"27,123","24,25,26,27,28,29,30,120,121,122,123,124,125,126",18,"15,16,17,18,19,20,21","27,123",18,96,17,0.2840236686390532,140,39,0.2100591715976331,0.0532544378698224,0.6666666666666666,18.0,,,,338,259.5882352941176,0.7680125304559693
P77218,1VMI,A,5,-0.03801,0,0.64308,1,"164,240","161,162,163,164,165,166,167,237,238,239,240,241,242,243",265,"262,263,264,265,266,267,268","164,240",265,76,3,0.2248520710059171,128,41,0.2485207100591716,,,,0.2159763313609467,0.7448979591836735,73.0,338,80.66666666666667,0.2386587771203156
P77239,3NE5,C,1,0.0,0,-0.96696,3,"82,349","79,80,81,82,83,84,85,346,347,348,349,350,351,352","363,364,378","360,361,362,363,364,365,366,361,362,363,364,365,366,367,375,376,377,378,379,380,381","82,349","363,364,378",267,15,0.6560196560196561,306,56,0.2088452088452088,,,,0.0712530712530712,0.5,29.0,407,236.2,0.5803439803439803
P77239,3NE5,C,2,-0.00408,0,-0.74509,1,"116,219","113,114,115,116,117,118,119,216,217,218,219,220,221,222",238,"235,236,237,238,239,240,241","116,219",238,103,1,0.253071253071253,131,40,0.1498771498771498,,,,0.4152334152334152,0.898936170212766,169.0,407,103.0,0.253071253071253
P77239,3NE5,C,3,-1.09305,1,0.05429,0,"350,385","347,348,349,350,351,352,353,382,383,384,385,386,387,388",342,"339,340,341,342,343,344,345","350,385",342,35,8,0.085995085995086,80,33,0.14004914004914,0.8402948402948403,0.9771428571428572,342.0,,,,407,43.5,0.1068796068796068
P77243,1SZQ,A,1,-0.61642,1,0.03493,0,"141,470","138,139,140,141,142,143,144,467,468,469,470,471,472,473",40,"37,38,39,40,41,42,43","141,470",40,329,18,0.6811594202898551,406,30,0.1325051759834368,0.082815734989648,0.2836879432624113,40.0,,,,483,369.94444444444446,0.765930526800092
P77280,5VM2,A,1,-0.96005,1,-0.6086,1,"107,159","104,105,106,107,108,109,110,156,157,158,159,160,161,162","91,292","88,89,90,91,92,93,94,289,290,291,292,293,294,295","107,159","91,292",52,9,0.1498559077809798,138,62,0.2478386167146974,0.2622478386167147,0.8504672897196262,91.0,0.1585014409221902,0.2925531914893617,55.0,347,137.77777777777777,0.3970541146333653
P77280,5VM2,A,2,-0.67194,1,0.34756,0,"63,328","60,61,62,63,64,65,66,325,326,327,328,329,330,331",36,"33,34,35,36,37,38,39","63,328",36,265,5,0.7636887608069164,320,37,0.239193083573487,0.1037463976945245,0.5714285714285714,36.0,,,,347,279.0,0.8040345821325648
P77280,5VM2,A,3,-0.98678,3,0.26557,0,"127,321","124,125,126,127,128,129,130,318,319,320,321,322,323,324","35,66,89","32,33,34,35,36,37,38,63,64,65,66,67,68,69,86,87,88,89,90,91,92","127,321","35,66,89",194,17,0.5590778097982709,252,78,0.3054755043227665,0.100864553314121,0.2755905511811024,35.0,,,,347,202.35294117647055,0.5831496863875233
P77280,5VM2,A,4,0.60338,1,0.28689,0,"188,242","185,186,187,188,189,190,191,239,240,241,242,243,244,245",172,"169,170,171,172,173,174,175","188,242",172,54,6,0.1556195965417867,101,35,0.2161383285302593,0.4956772334293948,0.9148936170212766,172.0,,,,347,64.33333333333333,0.1853986551392891
P77304,6GS4,A,1,-0.19853,0,0.68339,1,"52,110","49,50,51,52,53,54,55,107,108,109,110,111,112,113",125,"122,123,124,125,126,127,128","52,110",125,58,14,0.116,140,42,0.152,,,,0.75,0.9615384615384616,375.0,500,63.285714285714285,0.1265714285714285
P77304,6GS4,A,2,-0.05179,0,0.77421,1,"299,364","296,297,298,299,300,301,302,361,362,363,364,365,366,367",391,"388,389,390,391,392,393,394","299,364",391,65,26,0.13,134,29,0.156,,,,0.218,0.8014705882352942,109.0,500,71.38461538461539,0.1427692307692308
P77304,6GS4,A,3,1.22842,1,-0.1626,0,"379,450","376,377,378,379,380,381,382,447,448,449,450,451,452,453",291,"288,289,290,291,292,293,294","379,450",291,71,56,0.142,155,28,0.132,0.582,0.7678100263852242,291.0,,,,500,112.42857142857144,0.2248571428571428
P77304,6GS4,A,4,0.75667,1,0.95945,1,"63,296","60,61,62,63,64,65,66,293,294,295,296,297,298,299","35,423","32,33,34,35,36,37,38,420,421,422,423,424,425,426","63,296","35,423",233,124,0.466,310,60,0.214,0.07,0.5555555555555556,35.0,0.154,0.3774509803921568,77.0,500,174.91129032258064,0.3498225806451613
P77304,6GS4,A,5,1.24497,2,0.06702,0,"128,228","125,126,127,128,129,130,131,225,226,227,228,229,230,231","32,88","29,30,31,32,33,34,35,85,86,87,88,89,90,91","128,228","32,88",100,15,0.2,170,67,0.206,0.064,0.25,32.0,,,,500,114.2,0.2284
P77324,5G5G,B,1,-0.1245,0,-0.61743,1,"146,233","143,144,145,146,147,148,149,230,231,232,233,234,235,236",240,"237,238,239,240,241,242,243","146,233",240,87,1,0.2735849056603773,180,33,0.1823899371069182,,,,0.2452830188679245,0.9176470588235294,78.0,318,87.0,0.2735849056603773
P77324,5G5G,B,2,-0.7248,1,-0.10791,0,"197,263","194,195,196,197,198,199,200,260,261,262,263,264,265,266",169,"166,167,168,169,170,171,172","197,263",169,66,4,0.2075471698113207,159,31,0.2421383647798742,0.5314465408805031,0.8578680203045685,169.0,,,,318,68.5,0.2154088050314465
P77324,5G5G,B,3,0.34643,0,-1.06473,1,"20,181","17,18,19,20,21,22,23,178,179,180,181,182,183,184",211,"208,209,210,211,212,213,214","20,181",211,161,7,0.5062893081761006,252,30,0.1477987421383647,,,,0.3364779874213836,0.781021897810219,107.0,318,164.28571428571428,0.5166217430368374
P77324,5G5G,B,4,0.0,0,0.84128,1,"1,35","-2,-1,0,1,2,3,4,32,33,34,35,36,37,38",47,"44,45,46,47,48,49,50","1,35",47,34,6,0.1069182389937107,72,33,0.1666666666666666,,,,0.8522012578616353,0.9575971731448764,271.0,318,37.0,0.1163522012578616
P77324,5G5G,B,5,0.83261,1,-0.06218,0,"43,116","40,41,42,43,44,45,46,113,114,115,116,117,118,119",27,"24,25,26,27,28,29,30","43,116",27,73,13,0.2295597484276729,140,31,0.220125786163522,0.0849056603773584,0.627906976744186,27.0,,,,318,82.15384615384616,0.2583454281567489
P77348,4TOZ,A,1,0.48353,0,-1.84521,2,"76,343","73,74,75,76,77,78,79,340,341,342,343,344,345,346","498,508","495,496,497,498,499,500,501,505,506,507,508,509,510,511","76,343","498,508",267,26,0.4972067039106145,393,61,0.1899441340782122,,,,0.0540037243947858,0.1494845360824742,29.0,537,226.53846153846155,0.4218593324738576
P77348,4TOZ,A,2,0.05359,0,-0.65975,1,"286,329","283,284,285,286,287,288,289,326,327,328,329,330,331,332",504,"501,502,503,504,505,506,507","286,329",504,43,24,0.0800744878957169,116,36,0.1284916201117318,,,,0.0614525139664804,0.1586538461538461,33.0,537,185.75,0.3459031657355679
P77348,4TOZ,A,3,0.11591,0,-0.81842,1,"51,121","48,49,50,51,52,53,54,118,119,120,121,122,123,124",187,"184,185,186,187,188,189,190","51,121",187,70,12,0.1303538175046555,156,37,0.1322160148975791,,,,0.6517690875232774,0.8413461538461539,350.0,537,75.58333333333333,0.1407510862818125
P77348,4TOZ,A,4,-0.64004,1,0.12777,0,"311,494","308,309,310,311,312,313,314,491,492,493,494,495,496,497",295,"292,293,294,295,296,297,298","311,494",295,183,7,0.3407821229050279,237,41,0.143389199255121,0.5493482309124768,0.9485530546623794,295.0,,,,537,186.14285714285717,0.346634743282788
P77348,4TOZ,A,5,0.68208,1,0.44623,0,"326,393","323,324,325,326,327,328,329,390,391,392,393,394,395,396",315,"312,313,314,315,316,317,318","326,393",315,67,2,0.1247672253258845,141,34,0.1266294227188082,0.5865921787709497,0.9662576687116564,315.0,,,,537,69.0,0.1284916201117318
P77348,4TOZ,A,6,0.74865,1,0.12332,0,"60,266","57,58,59,60,61,62,63,263,264,265,266,267,268,269",39,"36,37,38,39,40,41,42","60,266",39,206,21,0.3836126629422718,266,32,0.1396648044692737,0.0726256983240223,0.65,39.0,,,,537,336.7619047619048,0.6271171410836215
P77348,4TOZ,A,7,-0.45318,0,0.66773,1,"343,441","340,341,342,343,344,345,346,438,439,440,441,442,443,444",500,"497,498,499,500,501,502,503","343,441",500,98,20,0.1824953445065177,150,38,0.148975791433892,,,,0.068901303538175,0.3854166666666667,37.0,537,114.8,0.213780260707635
P77348,4TOZ,A,8,0.71342,1,0.0697,0,"402,431","399,400,401,402,403,404,405,428,429,430,431,432,433,434",382,"379,380,381,382,383,384,385","402,431",382,29,2,0.0540037243947858,68,33,0.1284916201117318,0.7113594040968343,0.9502487562189056,382.0,,,,537,35.5,0.0661080074487895
P77348,4TOZ,A,9,-1.73002,3,0.00869,0,"341,523","338,339,340,341,342,343,344,520,521,522,523,524,525,526","288,294,311","285,286,287,288,289,290,291,291,292,293,294,295,296,297,308,309,310,311,312,313,314","341,523","288,294,311",182,9,0.3389199255121042,271,88,0.2160148975791433,0.5363128491620112,0.844574780058651,288.0,,,,537,89.33333333333333,0.1663563004345127
P77366,4G9B,A,1,0.60691,1,-0.10333,0,"96,204","93,94,95,96,97,98,99,201,202,203,204,205,206,207",7,"4,5,6,7,8,9,10","96,204",7,108,4,0.4931506849315068,140,35,0.3242009132420091,0.0319634703196347,0.0729166666666666,7.0,,,,219,109.0,0.4977168949771689
P77368,1FUX,B,1,-0.65495,1,-0.30837,0,"67,130","64,65,66,67,68,69,70,127,128,129,130,131,132,133",48,"45,46,47,48,49,50,51","88,151",69,63,7,0.3442622950819672,129,36,0.3442622950819672,0.3770491803278688,0.7840909090909091,69.0,,,,183,72.0,0.3934426229508196
P77395,3QOU,A,1,0.0,0,0.9257,1,"6,46","3,4,5,6,7,8,9,43,44,45,46,47,48,49",59,"56,57,58,59,60,61,62","6,46",59,40,5,0.1408450704225352,79,36,0.1866197183098591,,,,0.7922535211267606,0.9453781512605042,225.0,284,43.6,0.1535211267605634
P77395,3QOU,A,2,0.836,1,-0.10989,0,"45,81","42,43,44,45,46,47,48,78,79,80,81,82,83,84",28,"25,26,27,28,29,30,31","45,81",28,36,25,0.1267605633802817,70,38,0.2394366197183098,0.0985915492957746,0.6222222222222222,28.0,,,,284,50.68,0.1784507042253521
P77398,1Z7E,D,1,-0.76906,1,0.09187,0,"112,139","109,110,111,112,113,114,115,136,137,138,139,140,141,142",105,"102,103,104,105,106,107,108","112,139",105,27,6,0.0409090909090909,79,35,0.0909090909090909,0.1590909090909091,0.9375,105.0,,,,660,44.833333333333336,0.0679292929292929
P77398,1Z7E,D,2,0.87828,1,0.2265,0,"355,497","352,353,354,355,356,357,358,494,495,496,497,498,499,500",345,"342,343,344,345,346,347,348","355,497",345,142,2,0.2151515151515151,221,34,0.1151515151515151,0.5227272727272727,0.971830985915493,345.0,,,,660,143.5,0.2174242424242424
P77398,1Z7E,D,3,0.76796,1,0.24858,0,"400,506","397,398,399,400,401,402,403,503,504,505,506,507,508,509",392,"389,390,391,392,393,394,395","400,506",392,106,2,0.1606060606060606,182,33,0.0924242424242424,0.593939393939394,0.98,392.0,,,,660,107.0,0.1621212121212121
P77398,1Z7E,D,4,0.74714,1,0.0742,0,"535,615","532,533,534,535,536,537,538,612,613,614,615,616,617,618",526,"523,524,525,526,527,528,529","535,615",526,80,8,0.1212121212121212,160,29,0.1166666666666666,0.796969696969697,0.983177570093458,526.0,,,,660,86.875,0.1316287878787878
P77398,1Z7E,D,5,1.02868,1,0.24417,0,"460,612","457,458,459,460,461,462,463,609,610,611,612,613,614,615",432,"429,430,431,432,433,434,435","460,612",432,152,15,0.2303030303030303,232,31,0.1015151515151515,0.6545454545454545,0.9391304347826088,432.0,,,,660,155.13333333333333,0.235050505050505
P77398,1Z7E,D,6,-0.71277,3,0.19716,0,"158,222","155,156,157,158,159,160,161,219,220,221,222,223,224,225","118,130,145","115,116,117,118,119,120,121,127,128,129,130,131,132,133,142,143,144,145,146,147,148","158,222","118,130,145",64,13,0.0969696969696969,132,73,0.15,0.1787878787878788,0.7468354430379747,118.0,,,,660,67.07692307692308,0.1016317016317016
P77398,1Z7E,D,7,0.72584,3,-0.07647,0,"584,639","581,582,583,584,585,586,587,636,637,638,639,640,641,642","526,536,566","523,524,525,526,527,528,529,533,534,535,536,537,538,539,563,564,565,566,567,568,569","584,639","526,536,566",55,23,0.0833333333333333,128,82,0.156060606060606,0.796969696969697,0.9006849315068494,526.0,,,,660,60.69565217391305,0.0919631093544137
P77425,4PXD,A,1,0.83862,1,0.20545,0,"92,127","89,90,91,92,93,94,95,124,125,126,127,128,129,130",80,"77,78,79,80,81,82,83","92,127",80,35,117,0.0851581508515815,103,46,0.2019464720194647,0.194647201946472,0.8695652173913043,80.0,,,,411,165.9145299145299,0.4036849876265934
P77425,4PXD,A,2,0.75626,1,0.27631,0,"156,266","153,154,155,156,157,158,159,263,264,265,266,267,268,269",141,"138,139,140,141,142,143,144","156,266",141,110,2,0.267639902676399,236,25,0.1678832116788321,0.3430656934306569,0.903846153846154,141.0,,,,411,111.0,0.2700729927007299
P77425,4PXD,A,3,0.25082,0,1.19552,1,"134,215","131,132,133,134,135,136,137,212,213,214,215,216,217,218",358,"355,356,357,358,359,360,361","134,215",358,81,14,0.1970802919708029,181,35,0.218978102189781,,,,0.1289537712895377,0.2704081632653061,53.0,411,161.28571428571428,0.3924226624956551
P77425,4PXD,A,4,0.70113,1,-0.16531,0,"330,360","327,328,329,330,331,332,333,357,358,359,360,361,362,363",207,"204,205,206,207,208,209,210","330,360",207,30,34,0.072992700729927,68,43,0.1751824817518248,0.5036496350364964,0.6272727272727273,207.0,,,,411,46.94117647058823,0.1142121082009446
P77425,4PXD,A,5,0.16849,0,-0.62873,1,"224,270","221,222,223,224,225,226,227,267,268,269,270,271,272,273",278,"275,276,277,278,279,280,281","224,270",278,46,1,0.1119221411192214,79,33,0.1046228710462287,,,,0.3236009732360097,0.9432624113475178,133.0,411,46.0,0.1119221411192214
P77432,5YA0,A,1,-0.06798,0,-0.68521,1,"255,297","252,253,254,255,256,257,258,294,295,296,297,298,299,300",306,"303,304,305,306,307,308,309","255,297",306,42,21,0.0792452830188679,115,34,0.1452830188679245,,,,0.4226415094339623,0.96137339055794,224.0,530,117.61904761904762,0.2219227313566936
P77432,5YA0,A,2,-0.65783,1,-0.0627,0,"109,171","106,107,108,109,110,111,112,168,169,170,171,172,173,174",96,"93,94,95,96,97,98,99","109,171",96,62,3,0.1169811320754717,112,36,0.1264150943396226,0.1811320754716981,0.8807339449541285,96.0,,,,530,67.66666666666667,0.1276729559748427
P77444,6O11,A,1,-0.03718,0,-0.6878,1,"28,357","25,26,27,28,29,30,31,354,355,356,357,358,359,360",379,"376,377,378,379,380,381,382","28,357",379,329,12,0.8103448275862069,380,39,0.167487684729064,,,,0.0665024630541872,0.5510204081632653,27.0,406,331.4166666666667,0.8162972085385879
P77444,6O11,A,2,0.10911,0,-0.82896,1,"56,253","53,54,55,56,57,58,59,250,251,252,253,254,255,256",275,"272,273,274,275,276,277,278","56,253",275,197,3,0.4852216748768473,264,29,0.1182266009852216,,,,0.3226600985221675,0.8562091503267973,131.0,406,198.0,0.4876847290640394
P77444,6O11,A,3,0.04449,0,-1.05145,2,"43,230","40,41,42,43,44,45,46,227,228,229,230,231,232,233","236,283","233,234,235,236,237,238,239,280,281,282,283,284,285,286","43,230","236,283",187,21,0.4605911330049261,259,56,0.1847290640394088,,,,0.3029556650246305,0.6988636363636364,123.0,406,188.1904761904762,0.463523340370631
P77444,6O11,A,4,-0.66164,1,-0.78714,1,"175,363","172,173,174,175,176,177,178,360,361,362,363,364,365,366","90,377","87,88,89,90,91,92,93,374,375,376,377,378,379,380","175,363","90,377",188,79,0.4630541871921182,294,72,0.2660098522167488,0.2216748768472906,0.5142857142857142,90.0,0.0714285714285714,0.6744186046511628,29.0,406,156.53164556962025,0.3855459250483257
P77444,6O11,A,5,0.66845,1,0.22162,0,"130,169","127,128,129,130,131,132,133,166,167,168,169,170,171,172",116,"113,114,115,116,117,118,119","130,169",116,39,7,0.0960591133004926,80,36,0.1798029556650246,0.2857142857142857,0.8923076923076924,116.0,,,,406,55.0,0.1354679802955665
P77454,1U60,B,1,-0.74969,1,0.0462,0,"115,237","112,113,114,115,116,117,118,234,235,236,237,238,239,240",70,"67,68,69,70,71,72,73","115,237",70,122,22,0.3935483870967742,203,32,0.2483870967741935,0.2258064516129032,0.6086956521739131,70.0,,,,310,137.36363636363637,0.443108504398827
P77454,1U60,B,2,0.07244,0,-0.76361,1,"121,168","118,119,120,121,122,123,124,165,166,167,168,169,170,171",191,"188,189,190,191,192,193,194","121,168",191,47,44,0.1516129032258064,101,32,0.2129032258064516,,,,0.3838709677419354,0.8380281690140845,119.0,310,80.93181818181819,0.2610703812316716
P77455,6JQL,A,1,0.0,0,-0.62816,1,"4,22","1,2,3,4,5,6,7,19,20,21,22,23,24,25",33,"30,31,32,33,34,35,36","4,22",33,18,1,0.026431718061674,51,35,0.0881057268722467,,,,0.9515418502202644,0.9833080424886192,648.0,681,18.0,0.026431718061674
P77455,6JQL,A,2,0.13043,0,-0.69565,1,"320,361","317,318,319,320,321,322,323,358,359,360,361,362,363,364",376,"373,374,375,376,377,378,379","320,361",376,41,5,0.0602055800293685,90,43,0.1027900146842878,,,,0.447870778267254,0.953125,305.0,681,44.0,0.0646108663729809
P77455,6JQL,A,3,-0.35045,0,0.76663,1,"34,184","31,32,33,34,35,36,37,181,182,183,184,185,186,187",210,"207,208,209,210,211,212,213","34,184",210,150,19,0.2202643171806167,262,45,0.1204111600587371,,,,0.6916299559471366,0.9476861167002012,471.0,681,174.31578947368422,0.2559703222814746
P77455,6JQL,A,4,0.17471,0,0.66096,1,"92,327","89,90,91,92,93,94,95,324,325,326,327,328,329,330",334,"331,332,333,334,335,336,337","92,327",334,235,6,0.3450807635829662,394,36,0.0763582966226138,,,,0.5095447870778267,0.980225988700565,347.0,681,268.0,0.3935389133627019
P77455,6JQL,A,5,0.73643,1,-0.07528,0,"176,225","173,174,175,176,177,178,179,222,223,224,225,226,227,228",150,"147,148,149,150,151,152,153","176,225",150,49,23,0.0719530102790014,121,38,0.1101321585903083,0.2202643171806167,0.8522727272727273,150.0,,,,681,249.82608695652172,0.3668518163825576
P77455,6JQL,A,6,0.01183,0,0.73348,1,"260,391","257,258,259,260,261,262,263,388,389,390,391,392,393,394",401,"398,399,400,401,402,403,404","260,391",401,131,7,0.1923641703377386,196,39,0.1292217327459618,,,,0.4111600587371512,0.9655172413793104,280.0,681,134.0,0.1967694566813509
P77455,6JQL,A,7,1.03953,1,0.02999,0,"296,423","293,294,295,296,297,298,299,420,421,422,423,424,425,426",260,"257,258,259,260,261,262,263","296,423",260,127,32,0.1864904552129221,187,43,0.1174743024963289,0.381791483113069,0.8783783783783784,260.0,,,,681,164.5625,0.2416483113069016
P77485,5KU5,A,1,0.0,0,-0.70569,3,"44,117","41,42,43,44,45,46,47,114,115,116,117,118,119,120","126,149,168","123,124,125,126,127,128,129,146,147,148,149,150,151,152,165,166,167,168,169,170,171","44,117","126,149,168",73,4,0.1520833333333333,108,61,0.1604166666666666,,,,0.65,0.859504132231405,312.0,480,76.25,0.1588541666666666
P77485,5KU5,A,2,0.16183,0,-0.70193,1,"90,155","87,88,89,90,91,92,93,152,153,154,155,156,157,158",166,"163,164,165,166,167,168,169","90,155",166,65,18,0.1354166666666666,97,34,0.10625,,,,0.6541666666666667,0.966153846153846,314.0,480,95.0,0.1979166666666666
P77489,5G5G,C,1,-0.24754,0,1.16065,1,"22,618","19,20,21,22,23,24,25,615,616,617,618,619,620,621",690,"687,688,689,690,691,692,693","22,618",690,596,18,0.8142076502732241,695,42,0.0942622950819672,,,,0.0573770491803278,0.3684210526315789,42.0,732,598.6111111111111,0.8177747419550698
P77489,5G5G,C,2,-0.05958,0,0.77922,1,"160,324","157,158,159,160,161,162,163,321,322,323,324,325,326,327",332,"329,330,331,332,333,334,335","160,324",332,164,1,0.2240437158469945,291,36,0.0778688524590164,,,,0.546448087431694,0.9803921568627452,400.0,732,164.0,0.2240437158469945
P77489,5G5G,C,3,0.77966,1,-0.06588,0,"223,248","220,221,222,223,224,225,226,245,246,247,248,249,250,251",209,"206,207,208,209,210,211,212","223,248",209,25,12,0.0341530054644808,84,47,0.1120218579234972,0.2855191256830601,0.937219730941704,209.0,,,,732,31.08333333333333,0.0424635701275045
P77489,5G5G,C,4,0.71424,1,-0.06872,0,"501,569","498,499,500,501,502,503,504,566,567,568,569,570,571,572",448,"445,446,447,448,449,450,451","501,569",448,68,1,0.0928961748633879,127,40,0.0928961748633879,0.6120218579234973,0.8942115768463074,448.0,,,,732,68.0,0.0928961748633879
P77489,5G5G,C,5,0.60116,1,-0.17522,0,"322,353","319,320,321,322,323,324,325,350,351,352,353,354,355,356",309,"306,307,308,309,310,311,312","322,353",309,31,44,0.0423497267759562,118,39,0.110655737704918,0.4221311475409836,0.9596273291925466,309.0,,,,732,57.13636363636363,0.0780551415797317
P77489,5G5G,C,6,0.70018,1,-0.06357,0,"633,695","630,631,632,633,634,635,636,692,693,694,695,696,697,698",613,"610,611,612,613,614,615,616","633,695",613,62,28,0.0846994535519125,159,42,0.1270491803278688,0.837431693989071,0.9684044233807269,613.0,,,,732,69.82142857142857,0.0953844652615144
P77489,5G5G,C,7,0.00181,0,-0.86059,5,"39,267","36,37,38,39,40,41,42,264,265,266,267,268,269,270","288,304,310,334,346","285,286,287,288,289,290,291,301,302,303,304,305,306,307,307,308,309,310,311,312,313,331,332,333,334,335,336,337,343,344,345,346,347,348,349","39,267","288,304,310,334,346",228,20,0.3114754098360656,334,118,0.2418032786885245,,,,0.5273224043715847,0.8301075268817204,386.0,732,210.85,0.2880464480874317
P77489,5G5G,C,8,-0.00346,0,-0.8467,1,"49,78","46,47,48,49,50,51,52,75,76,77,78,79,80,81",116,"113,114,115,116,117,118,119","49,78",116,29,1,0.0396174863387978,87,36,0.081967213114754,,,,0.8415300546448088,0.9418960244648318,616.0,732,29.0,0.0396174863387978
P77489,5G5G,C,9,-0.19424,0,0.75603,3,"22,488","19,20,21,22,23,24,25,485,486,487,488,489,490,491","508,588,592","505,506,507,508,509,510,511,585,586,587,588,589,590,591,589,590,591,592,593,594,595","22,488","508,588,592",466,55,0.6366120218579235,611,97,0.2008196721311475,,,,0.1912568306010929,0.5737704918032787,140.0,732,377.2363636363637,0.5153502235469449
P77489,5G5G,C,10,-0.75532,1,-0.92967,1,"111,250","108,109,110,111,112,113,114,247,248,249,250,251,252,253","59,278","56,57,58,59,60,61,62,275,276,277,278,279,280,281","111,250","59,278",139,65,0.1898907103825136,300,64,0.1543715846994535,0.0806010928961748,0.5315315315315315,59.0,0.6202185792349727,0.941908713692946,454.0,732,170.92307692307693,0.2335014712063892
P77489,5G5G,C,11,-0.78666,1,0.77178,1,"106,311","103,104,105,106,107,108,109,308,309,310,311,312,313,314","59,344","56,57,58,59,60,61,62,341,342,343,344,345,346,347","106,311","59,344",205,6,0.2800546448087431,353,62,0.1038251366120218,0.0806010928961748,0.5566037735849056,59.0,0.5300546448087432,0.9216152019002376,388.0,732,214.16666666666663,0.2925774134790528
P77489,5G5G,C,12,-0.90757,1,0.93895,1,"108,649","105,106,107,108,109,110,111,646,647,648,649,650,651,652","59,689","56,57,58,59,60,61,62,686,687,688,689,690,691,692","108,649","59,689",541,47,0.7390710382513661,693,75,0.1420765027322404,0.0806010928961748,0.5462962962962963,59.0,0.0587431693989071,0.5180722891566265,43.0,732,404.93617021276594,0.5531914893617021
P77489,5G5G,C,13,-0.6114,1,0.7951,1,"281,642","278,279,280,281,282,283,284,639,640,641,642,643,644,645","185,694","182,183,184,185,186,187,188,691,692,693,694,695,696,697","281,642","185,694",361,14,0.4931693989071038,525,77,0.1693989071038251,0.2527322404371585,0.6583629893238434,185.0,0.0519125683060109,0.4222222222222222,38.0,732,368.5,0.5034153005464481
P77489,5G5G,C,14,0.74834,1,1.05713,1,"478,617","475,476,477,478,479,480,481,614,615,616,617,618,619,620","462,688","459,460,461,462,463,464,465,685,686,687,688,689,690,691","478,617","462,688",139,32,0.1898907103825136,284,86,0.1598360655737705,0.6311475409836066,0.9665271966527196,462.0,0.0601092896174863,0.3826086956521739,44.0,732,67.09375,0.0916581284153005
P77493,3IN1,A,1,0.73045,1,0.00189,0,"73,95","70,71,72,73,74,75,76,92,93,94,95,96,97,98",64,"61,62,63,64,65,66,67","73,95",64,22,1,0.0698412698412698,55,37,0.1968253968253968,0.2031746031746031,0.8767123287671232,64.0,,,,315,22.0,0.0698412698412698
P77499,2ZU0,C,1,0.01126,0,0.61406,1,"29,192","26,27,28,29,30,31,32,189,190,191,192,193,194,195",199,"196,197,198,199,200,201,202","29,192",199,163,1,0.657258064516129,213,37,0.2258064516129032,,,,0.1975806451612903,0.875,49.0,248,163.0,0.657258064516129
P77541,1OQF,A,1,1.0662,1,0.02084,0,"32,267","29,30,31,32,33,34,35,264,265,266,267,268,269,270",23,"20,21,22,23,24,25,26","33,268",24,235,8,0.793918918918919,265,39,0.2162162162162162,0.081081081081081,0.7272727272727273,24.0,,,,296,234.5,0.7922297297297297
P77541,1OQF,A,2,0.07124,0,0.95483,1,"20,221","17,18,19,20,21,22,23,218,219,220,221,222,223,224",231,"228,229,230,231,232,233,234","21,222",232,201,5,0.6790540540540541,233,33,0.1959459459459459,,,,0.2162162162162162,0.8648648648648649,64.0,296,205.0,0.6925675675675675
P77555,4H8A,A,1,-0.70627,1,-0.97121,1,"150,203","147,148,149,150,151,152,153,200,201,202,203,204,205,206","143,217","140,141,142,143,144,145,146,214,215,216,217,218,219,220","150,203","143,217",53,7,0.1518624641833811,118,58,0.1805157593123209,0.4097421203438395,0.9533333333333334,143.0,0.3782234957020057,0.9041095890410958,132.0,349,57.285714285714285,0.1641424478100696
P77555,4H8A,A,2,0.09864,0,-0.71878,1,"113,241","110,111,112,113,114,115,116,238,239,240,241,242,243,244",261,"258,259,260,261,262,263,264","113,241",261,128,9,0.3667621776504298,190,42,0.1862464183381088,,,,0.2521489971346705,0.8148148148148148,88.0,349,133.0,0.3810888252148997
P77581,4ADB,B,1,-0.06352,0,-0.86749,3,"52,231","49,50,51,52,53,54,55,228,229,230,231,232,233,234","250,262,288","247,248,249,250,251,252,253,259,260,261,262,263,264,265,285,286,287,288,289,290,291","52,231","250,262,288",179,1,0.4408866995073892,266,87,0.3226600985221675,,,,0.2906403940886699,0.6742857142857143,118.0,406,179.0,0.4408866995073892
P77581,4ADB,B,2,0.00571,0,-0.86747,1,"44,363","41,42,43,44,45,46,47,360,361,362,363,364,365,366",372,"369,370,371,372,373,374,375","44,363",372,319,8,0.7857142857142857,364,34,0.167487684729064,,,,0.083743842364532,0.7906976744186046,34.0,406,320.625,0.7897167487684729
P77581,4ADB,B,3,-1.14311,1,0.11943,0,"258,285","255,256,257,258,259,260,261,282,283,284,285,286,287,288",101,"98,99,100,101,102,103,104","258,285",101,27,58,0.0665024630541872,73,32,0.1748768472906404,0.2487684729064039,0.3914728682170542,101.0,,,,406,93.55172413793105,0.2304229658569729
P77581,4ADB,B,4,-0.00786,0,-1.22149,2,"60,256","57,58,59,60,61,62,63,253,254,255,256,257,258,259","264,283","261,262,263,264,265,266,267,280,281,282,283,284,285,286","60,256","264,283",196,20,0.4827586206896552,264,64,0.2413793103448276,,,,0.3029556650246305,0.82,123.0,406,185.45,0.4567733990147783
P77608,2WQT,O,1,-0.82436,1,-0.67883,1,"77,201","74,75,76,77,78,79,80,198,199,200,201,202,203,204","61,231","58,59,60,61,62,63,64,228,229,230,231,232,233,234","77,201","61,231",124,25,0.4609665427509293,222,57,0.2788104089219331,0.2267657992565055,0.7922077922077922,61.0,0.1412639405204461,0.5588235294117647,38.0,269,143.12,0.5320446096654275
P77649,6K20,A,1,-1.17377,1,-0.13965,0,"163,436","160,161,162,163,164,165,166,433,434,435,436,437,438,439",123,"120,121,122,123,124,125,126","163,436",123,273,1,0.5711297071129707,352,33,0.1234309623430962,0.2573221757322175,0.754601226993865,123.0,,,,478,273.0,0.5711297071129707
P77649,6K20,A,2,0.0,0,-0.7236,1,"3,41","0,1,2,3,4,5,6,38,39,40,41,42,43,44",67,"64,65,66,67,68,69,70","3,41",67,38,5,0.0794979079497908,87,39,0.1338912133891213,,,,0.8598326359832636,0.9405034324942791,411.0,478,40.4,0.0845188284518828
P77649,6K20,A,3,-0.00513,0,-0.71649,1,"123,157","120,121,122,123,124,125,126,154,155,156,157,158,159,160",164,"161,162,163,164,165,166,167","123,157",164,34,48,0.0711297071129707,88,32,0.1108786610878661,,,,0.6569037656903766,0.9781931464174456,314.0,478,107.125,0.2241108786610878
P77649,6K20,A,4,-0.66245,1,0.06001,0,"82,183","79,80,81,82,83,84,85,180,181,182,183,184,185,186",71,"68,69,70,71,72,73,74","82,183",71,101,4,0.2112970711297071,187,40,0.1213389121338912,0.1485355648535564,0.8658536585365854,71.0,,,,478,104.25,0.2180962343096234
P77649,6K20,A,5,-0.63876,1,0.0408,0,"248,290","245,246,247,248,249,250,251,287,288,289,290,291,292,293",240,"237,238,239,240,241,242,243","248,290",240,42,3,0.0878661087866108,98,34,0.1610878661087866,0.502092050209205,0.967741935483871,240.0,,,,478,44.66666666666666,0.0934449093444909
P77667,2D2A,A,1,0.0,0,-0.72352,1,"15,68","12,13,14,15,16,17,18,65,66,67,68,69,70,71",78,"75,76,77,78,79,80,81","15,68",78,53,8,0.4344262295081967,80,34,0.4016393442622951,,,,0.360655737704918,0.8148148148148148,44.0,122,43.625,0.3575819672131147
P77674,1WND,A,1,-0.40694,0,0.82303,1,"33,178","30,31,32,33,34,35,36,175,176,177,178,179,180,181",200,"197,198,199,200,201,202,203","33,178",200,145,20,0.3059071729957806,238,41,0.1645569620253164,,,,0.5780590717299579,0.9256756756756755,274.0,474,167.75,0.3539029535864978
P77674,1WND,A,2,0.1839,0,0.75139,1,"93,312","90,91,92,93,94,95,96,309,310,311,312,313,314,315",319,"316,317,318,319,320,321,322","93,312",319,219,8,0.4620253164556962,364,36,0.1118143459915611,,,,0.3270042194092827,0.9567901234567902,155.0,474,230.25,0.485759493670886
P77674,1WND,A,3,1.10096,1,0.05932,0,"158,221","155,156,157,158,159,160,161,218,219,220,221,222,223,224",143,"140,141,142,143,144,145,146","158,221",143,63,18,0.1329113924050632,155,43,0.1645569620253164,0.3016877637130801,0.9050632911392406,143.0,,,,474,245.83333333333331,0.5186357243319268
P77674,1WND,A,4,0.03177,0,0.71334,1,"250,374","247,248,249,250,251,252,253,371,372,373,374,375,376,377",383,"380,381,382,383,384,385,386","250,374",383,124,3,0.2616033755274262,177,40,0.1729957805907173,,,,0.1919831223628691,0.91,91.0,474,125.33333333333331,0.2644163150492264
P77674,1WND,A,5,1.03574,1,0.00368,0,"281,406","278,279,280,281,282,283,284,403,404,405,406,407,408,409",251,"248,249,250,251,252,253,254","281,406",251,125,21,0.2637130801687763,184,39,0.1624472573839662,0.5295358649789029,0.8932384341637011,251.0,,,,474,151.8095238095238,0.3202732569821177
P77674,1WND,A,6,0.12238,0,-0.74761,1,"305,348","302,303,304,305,306,307,308,345,346,347,348,349,350,351",361,"358,359,360,361,362,363,364","305,348",361,43,5,0.090717299578059,89,42,0.1371308016877637,,,,0.2383966244725738,0.8968253968253969,113.0,474,46.0,0.0970464135021097
P77704,6OFU,B,1,0.0,0,1.10209,1,"2,69","-1,0,1,2,3,4,5,66,67,68,69,70,71,72",76,"73,74,75,76,77,78,79","2,69",76,67,4,0.2410071942446043,125,37,0.1798561151079136,,,,0.7266187050359713,0.9665071770334928,202.0,278,68.0,0.2446043165467626
P77731,1XSQ,A,1,-1.17026,1,0.0,0,"90,159","87,88,89,90,91,92,93,156,157,158,159,160,161,162",70,"67,68,69,70,71,72,73","90,159",70,69,1,0.43125,126,30,0.44375,0.4375,0.7777777777777778,70.0,,,,160,69.0,0.43125
P77731,1XSQ,A,2,0.19212,0,-0.96515,1,"71,92","68,69,70,71,72,73,74,89,90,91,92,93,94,95",124,"121,122,123,124,125,126,127","71,92",124,21,8,0.13125,74,32,0.40625,,,,0.225,0.5294117647058824,36.0,160,25.375,0.15859375
P77731,1XSQ,A,3,-2.00311,2,0.0,0,"109,159","106,107,108,109,110,111,112,156,157,158,159,160,161,162","70,91","67,68,69,70,71,72,73,88,89,90,91,92,93,94","109,159","70,91",50,11,0.3125,119,60,0.4625,0.4375,0.6422018348623854,70.0,,,,160,48.18181818181818,0.3011363636363636
P77806,1U08,A,1,-0.048,0,-1.67465,2,"48,238","45,46,47,48,49,50,51,235,236,237,238,239,240,241","247,274","244,245,246,247,248,249,250,271,272,273,274,275,276,277","48,238","247,274",190,27,0.4922279792746113,263,68,0.2253886010362694,,,,0.2901554404145077,0.7567567567567568,112.0,386,176.74074074074073,0.4578775666858568
P77806,1U08,A,2,-0.60563,1,-0.87881,1,"175,352","172,173,174,175,176,177,178,349,350,351,352,353,354,355","97,364","94,95,96,97,98,99,100,361,362,363,364,365,366,367","175,352","97,364",177,100,0.4585492227979275,288,75,0.3005181347150259,0.2512953367875647,0.5542857142857143,97.0,0.0569948186528497,0.6470588235294118,22.0,386,165.58,0.4289637305699482
P77806,1U08,A,3,0.61385,1,0.27654,0,"132,168","129,130,131,132,133,134,135,165,166,167,168,169,170,171",118,"115,116,117,118,119,120,121","132,168",118,36,4,0.0932642487046632,74,31,0.1709844559585492,0.3056994818652849,0.8939393939393939,118.0,,,,386,48.0,0.1243523316062176
P78055,1L6W,H,1,0.0,0,0.65784,1,"1,177","-2,-1,0,1,2,3,4,174,175,176,177,178,179,180",183,"180,181,182,183,184,185,186","1,177",183,176,1,0.8,192,34,0.2136363636363636,,,,0.1681818181818181,0.8604651162790697,37.0,220,176.0,0.8
P78067,3IPO,B,1,0.0,0,0.96346,1,"26,112","23,24,25,26,27,28,29,109,110,111,112,113,114,115",123,"120,121,122,123,124,125,126","26,112",123,86,1,0.1977011494252873,128,33,0.1218390804597701,,,,0.7172413793103448,0.9659442724458204,312.0,435,86.0,0.1977011494252873
P78067,3IPO,B,2,0.90021,1,0.0,0,"373,429","370,371,372,373,374,375,376,426,427,428,429,430,431,432",310,"307,308,309,310,311,312,313","373,429",310,56,5,0.128735632183908,121,37,0.1448275862068965,0.7126436781609196,0.8310991957104558,310.0,,,,435,58.2,0.1337931034482758
P78067,3IPO,B,3,0.79539,1,-0.12218,0,"326,347","323,324,325,326,327,328,329,344,345,346,347,348,349,350",314,"311,312,313,314,315,316,317","326,347",314,21,46,0.0482758620689655,68,35,0.1218390804597701,0.7218390804597701,0.9631901840490796,314.0,,,,435,81.65217391304348,0.1877061469265367
P78067,3IPO,B,4,0.83386,3,-0.02701,0,"241,408","238,239,240,241,242,243,244,405,406,407,408,409,410,411","171,218,229","168,169,170,171,172,173,174,215,216,217,218,219,220,221,226,227,228,229,230,231,232","241,408","171,218,229",167,1,0.3839080459770115,259,71,0.2919540229885057,0.3931034482758621,0.7095435684647303,171.0,,,,435,167.0,0.3839080459770115
P78067,3IPO,B,5,0.94197,1,0.75898,3,"90,361","87,88,89,90,91,92,93,358,359,360,361,362,363,364","42,382,393,407","39,40,41,42,43,44,45,379,380,381,382,383,384,385,390,391,392,393,394,395,396,404,405,406,407,408,409,410","90,361","42,382,393,407",271,83,0.6229885057471264,377,102,0.3195402298850575,0.096551724137931,0.4666666666666667,42.0,0.064367816091954,0.3783783783783784,28.0,435,136.2289156626506,0.3131699210635645
P78067,3IPO,B,6,1.11837,1,1.03544,1,"203,387","200,201,202,203,204,205,206,384,385,386,387,388,389,390","171,409","168,169,170,171,172,173,174,406,407,408,409,410,411,412","203,387","171,409",184,102,0.4229885057471264,274,75,0.2367816091954023,0.3931034482758621,0.8423645320197044,171.0,0.0597701149425287,0.5416666666666666,26.0,435,103.26470588235294,0.2373901284651791
P78067,3IPO,B,7,0.92457,3,0.9982,1,"238,387","235,236,237,238,239,240,241,384,385,386,387,388,389,390","171,218,228,407","168,169,170,171,172,173,174,215,216,217,218,219,220,221,225,226,227,228,229,230,231,404,405,406,407,408,409,410","238,387","171,218,228,407",149,17,0.3425287356321839,254,108,0.3103448275862069,0.3931034482758621,0.7184873949579832,171.0,0.064367816091954,0.5833333333333334,28.0,435,148.76470588235293,0.3419878296146044
P80645,1NQK,A,1,0.9372,1,0.08016,0,"301,330","298,299,300,301,302,303,304,327,328,329,330,331,332,333",228,"225,226,227,228,229,230,231","301,330",228,29,2,0.0761154855643044,86,38,0.1863517060367454,0.5984251968503937,0.7574750830564784,228.0,,,,381,33.5,0.0879265091863517
Q46822,1PPV,B,1,0.11396,0,-0.88108,1,"25,56","22,23,24,25,26,27,28,53,54,55,56,57,58,59",64,"61,62,63,64,65,66,67","25,56",64,31,2,0.1703296703296703,96,33,0.3461538461538461,,,,0.6483516483516484,0.9365079365079364,118.0,182,32.5,0.1785714285714285
Q46822,1PPV,B,2,-0.64605,1,0.07006,0,"60,137","57,58,59,60,61,62,63,134,135,136,137,138,139,140",50,"47,48,49,50,51,52,53","60,137",50,77,16,0.4230769230769231,130,34,0.2802197802197802,0.2747252747252747,0.8333333333333334,50.0,,,,182,95.75,0.5260989010989011
Q46822,1PPV,B,3,-0.93072,1,-0.7647,1,"58,106","55,56,57,58,59,60,61,103,104,105,106,107,108,109","35,119","32,33,34,35,36,37,38,116,117,118,119,120,121,122","58,106","35,119",48,11,0.2637362637362637,110,55,0.478021978021978,0.1923076923076923,0.603448275862069,35.0,0.3461538461538461,0.8289473684210527,63.0,182,51.90909090909091,0.2852147852147852
Q46829,2XHY,C,1,0.89261,1,-0.12578,0,"260,322","257,258,259,260,261,262,263,319,320,321,322,323,324,325",245,"242,243,244,245,246,247,248","260,322",245,62,8,0.1294363256784968,125,37,0.1294363256784968,0.511482254697286,0.9423076923076924,245.0,,,,479,65.5,0.1367432150313152
Q46829,2XHY,C,2,0.84113,1,0.23091,0,"35,95","32,33,34,35,36,37,38,92,93,94,95,96,97,98",23,"20,21,22,23,24,25,26","35,95",23,60,34,0.1252609603340292,131,34,0.1607515657620041,0.0480167014613778,0.6571428571428571,23.0,,,,479,101.91176470588236,0.2127594252732408
Q46845,3C8E,A,1,0.8605,1,0.03679,0,"58,102","55,56,57,58,59,60,61,99,100,101,102,103,104,105",48,"45,46,47,48,49,50,51","58,102",48,44,54,0.1527777777777778,100,41,0.2847222222222222,0.1666666666666666,0.8275862068965517,48.0,,,,288,120.70370370370372,0.4191100823045268
Q46856,1OJ7,D,1,0.0,0,-0.67104,1,"1,208","-2,-1,0,1,2,3,4,205,206,207,208,209,210,211",256,"253,254,255,256,257,258,259","1,208",256,207,3,0.5348837209302325,272,33,0.1395348837209302,,,,0.3385012919896641,0.7318435754189944,131.0,387,209.33333333333331,0.5409130060292852
Q46856,1OJ7,D,2,-0.70991,1,0.14856,0,"221,307","218,219,220,221,222,223,224,304,305,306,307,308,309,310",198,"195,196,197,198,199,200,201","221,307",198,86,16,0.2222222222222222,183,33,0.1782945736434108,0.5116279069767442,0.8959276018099548,198.0,,,,387,94.125,0.2432170542635658
Q46856,1OJ7,D,3,0.64311,1,-0.06871,0,"300,370","297,298,299,300,301,302,303,367,368,369,370,371,372,373",289,"286,287,288,289,290,291,292","300,370",289,70,2,0.1808785529715762,121,34,0.1782945736434108,0.7467700258397932,0.9633333333333334,289.0,,,,387,71.0,0.1834625322997416
Q46856,1OJ7,D,4,-0.02301,0,0.89496,1,"12,146","9,10,11,12,13,14,15,143,144,145,146,147,148,149",172,"169,170,171,172,173,174,175","12,146",172,134,3,0.3462532299741602,187,38,0.1679586563307493,,,,0.5555555555555556,0.8921161825726142,215.0,387,135.0,0.3488372093023256
Q46856,1OJ7,D,5,0.65263,1,0.35439,0,"54,90","51,52,53,54,55,56,57,87,88,89,90,91,92,93",33,"30,31,32,33,34,35,36","54,90",33,36,10,0.0930232558139534,80,36,0.165374677002584,0.0852713178294573,0.6111111111111112,33.0,,,,387,79.4,0.2051679586563307
Q46857,1MZR,A,1,0.0,0,0.78189,1,"12,128","9,10,11,12,13,14,15,125,126,127,128,129,130,131",135,"132,133,134,135,136,137,138","11,127",134,116,1,0.4218181818181818,165,35,0.1927272727272727,,,,0.5127272727272727,0.9527027027027029,141.0,275,116.0,0.4218181818181818
Q46857,1MZR,A,2,-0.06462,0,0.66938,1,"19,219","16,17,18,19,20,21,22,216,217,218,219,220,221,222",230,"227,228,229,230,231,232,233","18,218",229,200,1,0.7272727272727273,249,37,0.2727272727272727,,,,0.1672727272727272,0.8070175438596491,46.0,275,200.0,0.7272727272727273
Q46857,1MZR,A,3,0.7886,1,0.0065,0,"43,239","40,41,42,43,44,45,46,236,237,238,239,240,241,242",20,"17,18,19,20,21,22,23","42,238",19,196,15,0.7127272727272728,257,39,0.2254545454545454,0.069090909090909,0.4523809523809524,19.0,,,,275,200.53333333333333,0.7292121212121212
Q46877,4D02,A,1,0.70843,1,-0.04371,0,"113,148","110,111,112,113,114,115,116,145,146,147,148,149,150,151",102,"99,100,101,102,103,104,105","113,148",102,35,5,0.0730688935281837,78,32,0.1231732776617954,0.2129436325678496,0.9026548672566372,102.0,,,,479,88.6,0.1849686847599164
Q46877,4D02,A,2,0.6171,1,0.07108,0,"194,227","191,192,193,194,195,196,197,224,225,226,227,228,229,230",167,"164,165,166,167,168,169,170","194,227",167,33,1,0.068893528183716,86,33,0.1419624217118998,0.348643006263048,0.8608247422680413,167.0,,,,479,33.0,0.068893528183716
Q46877,4D02,A,3,0.7009,1,0.00857,0,"283,306","280,281,282,283,284,285,286,303,304,305,306,307,308,309",253,"250,251,252,253,254,255,256","283,306",253,23,52,0.0480167014613778,62,34,0.1148225469728601,0.5281837160751566,0.8939929328621908,253.0,,,,479,96.07692307692308,0.2005781275092339
Q46890,6VOP,A,1,-0.68261,1,0.0,0,"128,210","125,126,127,128,129,130,131,207,208,209,210,211,212,213",121,"118,119,120,121,122,123,124","128,210",121,82,1,0.3867924528301887,132,29,0.2216981132075471,0.5707547169811321,0.9453125,121.0,,,,212,82.0,0.3867924528301887
Q46891,1K77,A,1,0.0,0,0.86539,1,"4,225","1,2,3,4,5,6,7,222,223,224,225,226,227,228",237,"234,235,236,237,238,239,240","4,225",237,221,2,0.8565891472868217,248,28,0.2093023255813953,,,,0.0813953488372093,0.6363636363636364,21.0,258,222.0,0.8604651162790697
Q46893,1I52,A,1,0.70361,1,0.00601,0,"164,208","161,162,163,164,165,166,167,205,206,207,208,209,210,211",133,"130,131,132,133,134,135,136","164,208",133,44,3,0.1864406779661017,78,37,0.2288135593220339,0.5635593220338984,0.8109756097560976,133.0,,,,236,45.66666666666666,0.193502824858757
Q46897,4DZD,A,1,-0.32416,0,-1.23293,2,"44,147","41,42,43,44,45,46,47,144,145,146,147,148,149,150","161,193","158,159,160,161,162,163,164,190,191,192,193,194,195,196","44,147","161,193",103,2,0.5175879396984925,169,57,0.3869346733668342,,,,0.0301507537688442,0.1153846153846153,6.0,199,79.0,0.3969849246231156
Q46897,4DZD,A,2,-1.18483,1,0.0,0,"158,189","155,156,157,158,159,160,161,186,187,188,189,190,191,192",89,"86,87,88,89,90,91,92","158,189",89,31,4,0.1557788944723618,84,38,0.3316582914572864,0.4472361809045226,0.5632911392405063,89.0,,,,199,33.75,0.1695979899497487
Q46898,5H9F,J,1,-0.3086,0,-0.60314,1,"58,199","55,56,57,58,59,60,61,196,197,198,199,200,201,202",214,"211,212,213,214,215,216,217","58,199",214,141,10,0.6294642857142857,198,30,0.3035714285714285,,,,0.0446428571428571,0.4,10.0,224,155.5,0.6941964285714286
Q46898,5H9F,J,2,0.0,0,-0.86346,1,"8,68","5,6,7,8,9,10,11,65,66,67,68,69,70,71",116,"113,114,115,116,117,118,119","8,68",116,60,2,0.2678571428571428,129,38,0.3125,,,,0.4821428571428571,0.6923076923076923,108.0,224,64.5,0.2879464285714285
Q46898,5H9F,J,3,-0.77462,1,0.26147,0,"110,148","107,108,109,110,111,112,113,145,146,147,148,149,150,151",14,"11,12,13,14,15,16,17","110,148",14,38,7,0.1696428571428571,100,35,0.2589285714285714,0.0625,0.1272727272727272,14.0,,,,224,72.42857142857143,0.3233418367346939
Q46899,4U7U,H,1,0.0,0,-0.80327,1,"10,190","7,8,9,10,11,12,13,187,188,189,190,191,192,193",224,"221,222,223,224,225,226,227","10,190",224,180,1,0.4958677685950413,240,40,0.1955922865013774,,,,0.3829201101928374,0.8034682080924855,139.0,363,180.0,0.4958677685950413
Q46899,4U7U,H,2,-0.96557,1,0.14989,0,"217,266","214,215,216,217,218,219,220,263,264,265,266,267,268,269",16,"13,14,15,16,17,18,19","217,266",16,49,13,0.1349862258953168,140,34,0.1570247933884297,0.0440771349862259,0.0737327188940092,16.0,,,,363,198.23076923076923,0.5460902733630006
Q46901,4U7U,M,1,-0.71942,1,-1.11616,1,"19,255","16,17,18,19,20,21,22,252,253,254,255,256,257,258","10,265","7,8,9,10,11,12,13,262,263,264,265,266,267,268","19,255","10,265",236,17,0.4701195219123506,308,64,0.1673306772908366,0.0199203187250996,0.5263157894736842,10.0,0.4721115537848606,0.9595141700404858,237.0,502,142.64705882352942,0.2841574876962737
Q46901,4U7U,M,3,-0.62239,1,0.10823,0,"295,326","292,293,294,295,296,297,298,323,324,325,326,327,328,329",284,"281,282,283,284,285,286,287","295,326",284,31,1,0.0617529880478087,68,33,0.1055776892430278,0.5657370517928287,0.9627118644067796,284.0,,,,502,31.0,0.0617529880478087
Q46901,4U7U,M,4,-0.75013,1,-0.3619,0,"74,182","71,72,73,74,75,76,77,179,180,181,182,183,184,185",48,"45,46,47,48,49,50,51","74,182",48,108,12,0.2151394422310757,208,23,0.1215139442231075,0.095617529880478,0.6486486486486487,48.0,,,,502,114.16666666666669,0.2274236387782204
Q46901,4U7U,M,5,0.07008,0,-0.61954,3,"43,117","40,41,42,43,44,45,46,114,115,116,117,118,119,120","147,239,265","144,145,146,147,148,149,150,236,237,238,239,240,241,242,262,263,264,265,266,267,268","43,117","147,239,265",74,7,0.147410358565737,143,71,0.199203187250996,,,,0.4721115537848606,0.6155844155844156,237.0,502,77.14285714285714,0.153671030165054
Q46915,4GYP,D,1,0.72589,3,0.0,0,"243,445","240,241,242,243,244,245,246,442,443,444,445,446,447,448","17,35,235","14,15,16,17,18,19,20,32,33,34,35,36,37,38,232,233,234,235,236,237,238","243,445","17,35,235",202,1,0.452914798206278,307,91,0.2668161434977578,0.0381165919282511,0.0699588477366255,17.0,,,,446,202.0,0.452914798206278
Q46915,4GYP,D,2,-0.03009,0,1.13966,3,"21,163","18,19,20,21,22,23,24,160,161,162,163,164,165,166","341,352,366","338,339,340,341,342,343,344,349,350,351,352,353,354,355,363,364,365,366,367,368,369","21,163","341,352,366",142,6,0.3183856502242152,253,78,0.2757847533632287,,,,0.179372197309417,0.2826855123674912,80.0,446,149.33333333333334,0.3348281016442451
Q46915,4GYP,D,3,-0.612,1,0.07047,0,"34,412","31,32,33,34,35,36,37,409,410,411,412,413,414,415",18,"15,16,17,18,19,20,21","34,412",18,378,20,0.8475336322869955,424,38,0.1412556053811659,0.0403587443946188,0.5294117647058824,18.0,,,,446,397.05,0.8902466367713004
Q46915,4GYP,D,4,-0.67501,1,1.19101,3,"33,161","30,31,32,33,34,35,36,158,159,160,161,162,163,164","22,340,352,366","19,20,21,22,23,24,25,337,338,339,340,341,342,343,349,350,351,352,353,354,355,363,364,365,366,367,368,369","33,161","22,340,352,366",128,66,0.2869955156950672,231,111,0.3026905829596412,0.0493273542600896,0.6666666666666666,22.0,0.179372197309417,0.2807017543859649,80.0,446,175.78787878787878,0.3941432259817909
Q46915,4GYP,D,5,-0.05592,0,0.86216,1,"146,350","143,144,145,146,147,148,149,347,348,349,350,351,352,353",364,"361,362,363,364,365,366,367","146,350",364,204,23,0.4573991031390134,287,34,0.179372197309417,,,,0.1838565022421524,0.8541666666666666,82.0,446,224.17391304347825,0.502632092025736
Q46915,4GYP,D,6,0.78673,1,0.04621,0,"200,369","197,198,199,200,201,202,203,366,367,368,369,370,371,372",146,"143,144,145,146,147,148,149","200,369",146,169,32,0.3789237668161435,250,36,0.1614349775784753,0.3273542600896861,0.73,146.0,,,,446,206.46875,0.4629344170403587
Q46925,5FT8,A,1,-0.08818,0,-0.6762,1,"24,351","21,22,23,24,25,26,27,348,349,350,351,352,353,354",373,"370,371,372,373,374,375,376","24,351",373,327,2,0.8154613466334164,372,36,0.1521197007481296,,,,0.0698254364089775,0.56,28.0,401,327.5,0.816708229426434
Q46925,5FT8,A,2,-0.61674,1,-0.75206,1,"172,357","169,170,171,172,173,174,175,354,355,356,357,358,359,360","86,371","83,84,85,86,87,88,89,368,369,370,371,372,373,374","172,357","86,371",185,73,0.4613466334164589,287,69,0.2543640897755611,0.2144638403990025,0.5,86.0,0.0748129675810473,0.6818181818181818,30.0,401,169.76712328767124,0.4233594096949407
Q46925,5FT8,A,3,-0.03121,0,-1.35732,2,"35,224","32,33,34,35,36,37,38,221,222,223,224,225,226,227","231,279","228,229,230,231,232,233,234,276,277,278,279,280,281,282","35,224","231,279",189,20,0.4713216957605985,254,56,0.199501246882793,,,,0.3042394014962593,0.6892655367231638,122.0,401,180.65,0.450498753117207
Q46925,5FT8,A,4,0.69029,1,0.20127,0,"126,165","123,124,125,126,127,128,129,162,163,164,165,166,167,168",112,"109,110,111,112,113,114,115","126,165",112,39,7,0.0972568578553615,79,34,0.1720698254364089,0.2793017456359102,0.8888888888888888,112.0,,,,401,55.0,0.1371571072319202
Q46938,1XRU,A,1,0.05349,0,-0.67886,1,"30,83","27,28,29,30,31,32,33,80,81,82,83,84,85,86",126,"123,124,125,126,127,128,129","30,83",126,53,1,0.1906474820143885,114,39,0.2338129496402877,,,,0.5467625899280576,0.7794871794871795,152.0,278,53.0,0.1906474820143885
Q46938,1XRU,A,2,-0.72655,1,-0.14744,0,"108,133","105,106,107,108,109,110,111,130,131,132,133,134,135,136",76,"73,74,75,76,77,78,79","108,133",76,25,10,0.0899280575539568,81,36,0.2014388489208633,0.2733812949640288,0.7037037037037037,76.0,,,,278,30.2,0.1086330935251798
Q46938,1XRU,A,3,-1.24798,1,0.0,0,"223,272","220,221,222,223,224,225,226,269,270,271,272,273,274,275",196,"193,194,195,196,197,198,199","223,272",196,49,4,0.1762589928057553,120,26,0.1726618705035971,0.7050359712230215,0.8789237668161435,196.0,,,,278,52.0,0.1870503597122302
Q46938,1XRU,A,4,0.24247,0,-0.82031,1,"197,223","194,195,196,197,198,199,200,220,221,222,223,224,225,226",243,"240,241,242,243,244,245,246","197,223",243,26,2,0.0935251798561151,80,35,0.197841726618705,,,,0.1258992805755395,0.6363636363636364,35.0,278,27.5,0.0989208633093525
Q46938,1XRU,A,5,-0.7515,1,-0.91044,1,"101,209","98,99,100,101,102,103,104,206,207,208,209,210,211,212","80,255","77,78,79,80,81,82,83,252,253,254,255,256,257,258","101,209","80,255",108,31,0.3884892086330935,200,70,0.3381294964028777,0.2877697841726618,0.7920792079207921,80.0,0.0827338129496402,0.3333333333333333,23.0,278,55.38709677419355,0.1992341610582501
Q46938,1XRU,A,6,0.01421,0,-1.69105,2,"24,220","21,22,23,24,25,26,27,217,218,219,220,221,222,223","236,256","233,234,235,236,237,238,239,253,254,255,256,257,258,259","24,220","236,256",196,55,0.7050359712230215,258,61,0.3381294964028777,,,,0.079136690647482,0.3793103448275862,22.0,278,188.01818181818183,0.6763243950294311
Q47083,2FYI,B,1,0.64626,1,0.0295,0,"122,283","119,120,121,122,123,124,125,280,281,282,283,284,285,286",99,"96,97,98,99,100,101,102","122,283",99,161,5,0.509493670886076,196,35,0.2088607594936709,0.3132911392405063,0.8114754098360656,99.0,,,,316,168.6,0.5335443037974683
Q47083,2FYI,B,2,0.66101,1,0.09443,0,"207,242","204,205,206,207,208,209,210,239,240,241,242,243,244,245",195,"192,193,194,195,196,197,198","207,242",195,35,1,0.110759493670886,68,35,0.2215189873417721,0.6170886075949367,0.9420289855072465,195.0,,,,316,35.0,0.110759493670886
Q47083,2FYI,B,3,0.77234,1,-0.83101,1,"111,163","108,109,110,111,112,113,114,160,161,162,163,164,165,166","98,271","95,96,97,98,99,100,101,268,269,270,271,272,273,274","111,163","98,271",52,36,0.1645569620253164,99,66,0.2753164556962025,0.310126582278481,0.8828828828828829,98.0,0.1424050632911392,0.2941176470588235,45.0,316,105.88888888888889,0.3350914205344585
Q47083,2FYI,B,4,-0.74959,1,0.00728,0,"242,265","239,240,241,242,243,244,245,262,263,264,265,266,267,268",169,"166,167,168,169,170,171,172","242,265",169,23,13,0.0727848101265822,58,40,0.2025316455696202,0.5348101265822784,0.6983471074380165,169.0,,,,316,73.84615384615384,0.2336903602726387
Q47152,4ER8,A,1,0.00416,0,-0.67558,1,"13,51","10,11,12,13,14,15,16,48,49,50,51,52,53,54",63,"60,61,62,63,64,65,66","13,51",63,38,1,0.2303030303030303,82,38,0.3454545454545454,,,,0.6181818181818182,0.8947368421052632,102.0,165,38.0,0.2303030303030303
Q47152,4ER8,A,2,-0.76163,1,-0.0653,0,"63,103","60,61,62,63,64,65,66,100,101,102,103,104,105,106",14,"11,12,13,14,15,16,17","63,103",14,40,47,0.2424242424242424,82,36,0.3575757575757576,0.0848484848484848,0.2222222222222222,14.0,,,,165,73.0,0.4424242424242424
Q47155,5YUY,F,1,0.18327,0,-0.62009,1,"252,293","249,250,251,252,253,254,255,290,291,292,293,294,295,296",329,"326,327,328,329,330,331,332","252,293",329,41,1,0.1168091168091168,88,30,0.1253561253561253,,,,0.0626780626780626,0.3793103448275862,22.0,351,41.0,0.1168091168091168
Q47155,5YUY,F,2,-0.6772,1,0.0,0,"301,335","298,299,300,301,302,303,304,332,333,334,335,336,337,338",286,"283,284,285,286,287,288,289","301,335",286,34,1,0.0968660968660968,75,36,0.150997150997151,0.8148148148148148,0.9501661129568106,286.0,,,,351,34.0,0.0968660968660968
Q47208,3DMY,A,1,0.78088,1,0.01156,0,"373,493","370,371,372,373,374,375,376,490,491,492,493,494,495,496",336,"333,334,335,336,337,338,339","373,493",336,120,1,0.2162162162162162,160,36,0.1189189189189189,0.6054054054054054,0.900804289544236,336.0,,,,555,120.0,0.2162162162162162
Q47208,3DMY,A,2,-0.06783,0,0.78492,1,"189,207","186,187,188,189,190,191,192,204,205,206,207,208,209,210",219,"216,217,218,219,220,221,222","189,207",219,18,9,0.0324324324324324,65,34,0.1135135135135135,,,,0.6054054054054054,0.9655172413793104,336.0,555,24.33333333333333,0.0438438438438438
Q47208,3DMY,A,3,0.91575,1,-0.0248,0,"209,257","206,207,208,209,210,211,212,254,255,256,257,258,259,260",197,"194,195,196,197,198,199,200","209,257",197,48,17,0.0864864864864864,119,41,0.1369369369369369,0.3549549549549549,0.9425837320574164,197.0,,,,555,86.58823529411765,0.1560148383677795
Q47537,6STL,A,1,0.04883,0,-0.84681,1,"77,99","74,75,76,77,78,79,80,96,97,98,99,100,101,102",206,"203,204,205,206,207,208,209","77,99",206,22,26,0.06875,72,36,0.234375,,,,0.35625,0.5158371040723982,114.0,320,82.57692307692308,0.2580528846153846
Q47537,6STL,A,2,-1.61695,3,-0.16907,0,"142,299","139,140,141,142,143,144,145,296,297,298,299,300,301,302","100,106,127","97,98,99,100,101,102,103,103,104,105,106,107,108,109,124,125,126,127,128,129,130","142,299","100,106,127",157,36,0.490625,253,94,0.390625,0.3125,0.704225352112676,100.0,,,,320,98.0,0.30625
Q57261,1SI7,A,1,-0.03518,0,-1.73371,2,"33,76","30,31,32,33,34,35,36,73,74,75,76,77,78,79","89,116","86,87,88,89,90,91,92,113,114,115,116,117,118,119","33,76","89,116",43,28,0.1232091690544412,92,50,0.2206303724928366,,,,0.667621776504298,0.8534798534798534,233.0,349,50.85714285714285,0.1457224723700368
Q57261,1SI7,A,2,-1.49506,1,-0.65292,1,"80,163","77,78,79,80,81,82,83,160,161,162,163,164,165,166","46,330","43,44,45,46,47,48,49,327,328,329,330,331,332,333","80,163","46,330",83,23,0.2378223495702005,183,61,0.2922636103151863,0.1318051575931232,0.575,46.0,0.0544412607449856,0.1021505376344086,19.0,349,48.95652173913044,0.1402765665877663
Q57261,1SI7,A,3,-0.80191,1,0.09387,0,"235,266","232,233,234,235,236,237,238,263,264,265,266,267,268,269",223,"220,221,222,223,224,225,226","235,266",223,31,7,0.0888252148997134,70,35,0.1461318051575931,0.6389684813753582,0.948936170212766,223.0,,,,349,37.285714285714285,0.1068358575521899
Q6BF16,2V82,A,1,0.0,0,0.72485,1,"9,162","6,7,8,9,10,11,12,159,160,161,162,163,164,165",173,"170,171,172,173,174,175,176","9,162",173,153,1,0.7463414634146341,192,37,0.3024390243902439,,,,0.1560975609756097,0.7441860465116279,32.0,205,153.0,0.7463414634146341
Q6BF16,2V82,A,2,0.65802,1,-0.22957,0,"33,175","30,31,32,33,34,35,36,172,173,174,175,176,177,178",9,"6,7,8,9,10,11,12","33,175",9,142,23,0.6926829268292682,181,31,0.3121951219512195,0.0439024390243902,0.2727272727272727,9.0,,,,205,160.08695652173913,0.7809119830328738
