,OR,OR_lb,OR_ub,pvalue,tag,buff,spa,LiPMScov,clientN_essentialN,clientY_essentialN,clientN_essentialY,clientY_essentialY,total_res,n,label,Chap
15,1.623762376237624,0.944210142566136,2.898887765419616,0.1035871160072042,EXP_Knockout,C,50,50,82,101,27,54,264,264,EXP,+DnaK
15,0.9454545454545454,0.523095641050089,1.6085117171202072,0.887800885684866,EXP_Knockout,C,50,50,122,61,55,26,264,264,EXP,+GroEL
