,Type,mean,lb,ub,perm_stat,pvalue
0,Loss,0.5746536170410039,0.5240989606191075,0.624277799500253,0.14930723408200786,0.0004
1,Gain,0.42534638295899607,0.3744989970401639,0.4774320839357115,0.14930723408200786,0.0004
2,FracOverlap,0.59762944103197,0.5383142595554868,0.6545670374817827,,
3,FracLossOverlap,0.7225920154730517,0.6623819618705786,0.777208391179474,,
4,FracGainOverlap,0.9147508829098067,0.8827337056802891,0.9364738657205754,,
