,Essential,Mean,lb,ub,Eff-Size,pvalue
0,Essential,0.25213131452698756,0.2464231371619722,0.2578513925048589,-0.009245728781242912,0.012
1,NonEssential,0.2613770433082305,0.25779346792865354,0.2651122368426558,-0.009245728781242912,0.012
