,Essential,Mean,lb,ub,Eff-Size,pvalue
0,Essential,0.36960395621680003,0.36385955081783156,0.37557408734728154,-0.0003003991508737647,0.9154
1,NonEssential,0.3699043553676738,0.36634795258688796,0.37349979036943803,-0.0003003991508737647,0.9154
