,Essential,Mean,lb,ub,Eff-Size,pvalue
0,Essential,0.08755774743901121,0.08288552121569467,0.09236793038431844,-0.007188620949321212,0.0212
1,NonEssential,0.09474636838833242,0.09173592714421906,0.09775571698339099,-0.007188620949321212,0.0212
