,Essential,Mean,lb,ub,Eff-Size,pvalue
0,Essential,0.6217352707437876,0.6147160886097184,0.628538888686055,-0.00954612793211651,0.0262
1,NonEssential,0.6312813986759042,0.6270387817199021,0.6354481600973682,-0.00954612793211651,0.0262
