,Essential,Mean,lb,ub,Eff-Size,pvalue
0,Essential,0.35053051724090833,0.3432128160262364,0.3577228833704956,0.008679536140106525,0.041
1,NonEssential,0.3418509811008018,0.3378440722242735,0.345791054491855,0.008679536140106525,0.041
