,Essential,Mean,lb,ub,Eff-Size,pvalue
0,Essential,0.36960395621680003,0.3637745685281413,0.3754153859525961,-0.0003003991508737647,0.9238
1,NonEssential,0.3699043553676738,0.36632934428114106,0.373467275453897,-0.0003003991508737647,0.9238
