,Essential,Mean,lb,ub,Eff-Size,pvalue
0,Essential,0.4598926944657847,0.45419272700694546,0.4654749167508055,-0.0061809673283923505,0.0808
1,NonEssential,0.46607366179417703,0.4626290853181648,0.46935439886539576,-0.0061809673283923505,0.0808
