,Essential,Mean,lb,ub,Eff-Size,pvalue
0,Essential,0.6217352707437876,0.6149891024930672,0.6287920273187309,-0.00954612793211651,0.0258
1,NonEssential,0.6312813986759042,0.6269979966099315,0.6354118008706637,-0.00954612793211651,0.0258
