,Essential,Mean,lb,ub,Eff-Size,pvalue
0,Essential,0.35053051724090833,0.34303871299135585,0.35766590555094097,0.008679536140106525,0.0434
1,NonEssential,0.3418509811008018,0.3378255164870765,0.3458296810423036,0.008679536140106525,0.0434
