,Essential,Mean,lb,ub,Eff-Size,pvalue
0,Essential,0.08755774743901121,0.08296722275355228,0.09230379010797492,-0.007188620949321212,0.0184
1,NonEssential,0.09474636838833242,0.09161015885057582,0.09783022898681402,-0.007188620949321212,0.0184
