,Essential,Mean,lb,ub,Eff-Size,pvalue
0,Essential,0.25213131452698756,0.2465197247006291,0.2578339779894554,-0.009245728781242912,0.0118
1,NonEssential,0.2613770433082305,0.2578091369000352,0.26503013266693193,-0.009245728781242912,0.0118
