,Essential,Mean,lb,ub,Eff-Size,pvalue
0,Essential,0.3790689476138873,0.37375150664605283,0.3845202052360107,-0.005063421141774105,0.1592
1,NonEssential,0.3841323687556614,0.3821386692655832,0.3860989814718703,-0.005063421141774105,0.1592
