,Essential,Mean,lb,ub,Eff-Size,pvalue
0,Essential,0.09367705442886826,0.09008590918848759,0.097400022508127,-0.012307896466293669,0.0002
1,NonEssential,0.10598495089516193,0.10489239081888149,0.10710760188394614,-0.012307896466293669,0.0002
