,Essential,Mean,lb,ub,Eff-Size,pvalue
0,Essential,0.639258873954504,0.632637562048453,0.6460692765512498,-0.01831360312908381,0.0002
1,NonEssential,0.6575724770835878,0.6553921867467937,0.6598170846618152,-0.01831360312908381,0.0002
