,Essential,Mean,lb,ub,Eff-Size,pvalue
0,Essential,0.4788857045549249,0.4729169151807449,0.48520753681804507,-0.009095258391112582,0.0172
1,NonEssential,0.4879809629460375,0.4858602500020102,0.4901428830958185,-0.009095258391112582,0.0172
