,Essential,Mean,lb,ub,Eff-Size,pvalue
0,Essential,0.33256034024220754,0.325663430743836,0.3392615236654548,0.01823296134944119,0.0002
1,NonEssential,0.31432737889276635,0.31195902854084256,0.31662149057743255,0.01823296134944119,0.0002
