,Essential,Mean,lb,ub,Eff-Size,pvalue
0,Essential,0.33256034024220754,0.32565697274568894,0.33923975893976255,0.01823296134944119,0.0002
1,NonEssential,0.31432737889276635,0.31196398028193034,0.31672785964520894,0.01823296134944119,0.0002
