,Essential,Mean,lb,ub,Eff-Size,pvalue
0,Essential,0.639258873954504,0.6326998084850594,0.6460472922139904,-0.01831360312908381,0.0002
1,NonEssential,0.6575724770835878,0.6553143651993483,0.6597612676242085,-0.01831360312908381,0.0002
