,Essential,Mean,lb,ub,Eff-Size,pvalue
0,Essential,0.09367705442886826,0.08999787088369617,0.09742705861027733,-0.012307896466293669,0.0002
1,NonEssential,0.10598495089516193,0.10491927249761815,0.10707573287699272,-0.012307896466293669,0.0002
