,Essential,Mean,lb,ub,Eff-Size,pvalue
0,Essential,0.3790689476138873,0.3738056272831315,0.38468720101386944,-0.005063421141774105,0.1616
1,NonEssential,0.3841323687556614,0.38219462660380277,0.3860802812703347,-0.005063421141774105,0.1616
