,Essential,Mean,lb,ub,Eff-Size,pvalue
0,Essential,0.2601899263406167,0.25602345777235364,0.264315046143316,-0.01325018198730965,0.0002
1,NonEssential,0.27344010832792637,0.2720842719747197,0.2748102794548491,-0.01325018198730965,0.0002
