,Essential,Mean,lb,ub,Eff-Size,pvalue
0,Essential,0.2601899263406167,0.25612671928360053,0.26427827814077104,-0.01325018198730965,0.0002
1,NonEssential,0.27344010832792637,0.27206828183159226,0.2748363684199063,-0.01325018198730965,0.0002
